gloss,length,source,attachment_id,user_id
УЖЕ НЕОБХОДИМЫЙ ЛОГИЧНЫЙ ЛЮДИ ПОЛОЖИТЕЛЬНЫЙ ЖЁСТКИЙ ВОСЕМЬДЕСЯТ ОБЪЯТИЕ КРЕСТ,9,slovo_dictionary,synth_0,synthetic
ПОЛЗАНЬЕ ОДИННАДЦАТЫЙ ВЕСЕЛЫЙ,3,slovo_dictionary,synth_1,synthetic
ВЕРНЫЙ ТРУСЛИВО НЕУДОБСТВО ПОСЛЕДНИЙ ВЗЯТЬ ПЛАТА ЗА ВХОД,6,slovo_dictionary,synth_2,synthetic
КУСОК ПЕРО НАГЛОСТЬ НОЧЬ ЧЕРНЫЙ ЧЕМОДАН Ф,7,slovo_dictionary,synth_3,synthetic
МАЛЬЧИК ОСОБЕННЫЙ ТЕРПЕТЬ СУББОТА ВАЖНЫЙ ТОРЖЕСТВЕННЫЙ ПЕТУХ РАНЕЕ МЕЖДУ,9,slovo_dictionary,synth_4,synthetic
ДИЕТА ВРЕМЯ ИСПУГАННЫЙ КОРОНА МОТИВАЦИЯ,5,slovo_dictionary,synth_5,synthetic
К ЛЕБЕДЬ ДЯТЕЛ НЕРВНЫЙ АЛЛЕРГИЯ НА ЕДУ ВЕЩЬ КЛЮВ ВЕСЕЛЫЙ 6 ЧАСОВ,9,slovo_dictionary,synth_6,synthetic
ВОЗБУЖДЕНИЕ ЗАВАРОЧНЫЙ ЧАЙНИК ЗМЕЯ РАНЕЕ РВЕНОСТЬ ВДОХНОВЕНИЕ НАПУГАННЫЙ ЧЕТЫРЕ,8,slovo_dictionary,synth_7,synthetic
ГРУСТНЫЙ ЗАПАД ЦЕМЕНТ ВКУСНЫЙ ВРЕДНЫЙ; ОЗОРНОЙ ЗАТЕМ; ПОТОМ,6,slovo_dictionary,synth_8,synthetic
БАНКЕТ ТРУСЛИВО ОТКРЫТЬ ОБЕСПОКОЕННЫЙ ВВЕРХ ВЫ ПОЧЕМУ НАЧАЛО ТВОЙ,9,slovo_dictionary,synth_9,synthetic
ПРАВЫЙ ИЛИ ДВЕ НЕДЕЛИ НЕВИНОВНЫЙ,4,slovo_dictionary,synth_10,synthetic
ОЛЕНЬ Г ВЫ ЖЁЛТЫЙ ОТТЕНОК,5,slovo_dictionary,synth_11,synthetic
КРАТКИЙ СОБИРАТЬ ОСОБЕННО СТАРЫЙ ПОЗДНИЙ ЕЖЕДНЕВНЫЙ СЛЫШАТЬ СВЕРХУ,8,slovo_dictionary,synth_12,synthetic
ЗЕЛЁНЫЙ ПЯТЬ ПОДЛИННЫЙ АРОМАТНЫЙ МОТИВИРОВАТЬ ПОВАР ТЁМНЫЙ БЕЗУМНО,8,slovo_dictionary,synth_13,synthetic
С ТЕХ ПОР КАК ЖЕЛАНИЕ ГАВКАНЬЕ РАНЕЕ ЛЮДИ ЛЮБОПЫТНЫЙ СЮРПРИЗ ВСПОМНИТЬ,8,slovo_dictionary,synth_14,synthetic
КРЕСТ ЛЕЧЬ СУХОЙ ЧИСТЫЙ О,5,slovo_dictionary,synth_15,synthetic
ТВОЙ ХОРОШО МЕНЯ САМОПРОВЕРКА,4,slovo_dictionary,synth_16,synthetic
САМОКОНТРОЛЬ ПАНДА ОТЧАЯННЫЙ ПЛАТИТЬ ОБЕСПОКОЕН ДНЕМ Х,7,slovo_dictionary,synth_17,synthetic
НЕПРИЯТНЫЙ НЕПОСЛУШНЫЙ ПОСТОЯННЫЙ,3,slovo_dictionary,synth_18,synthetic
ПОМОЩНИК ПОВАРА ПОНЯТЬ ГОРЕВАТЬ,3,slovo_dictionary,synth_19,synthetic
ТРЕТИЙ АККУРАТНЫЙ САМОВОСПРИЯТИЕ,3,slovo_dictionary,synth_20,synthetic
ОПЫТНЫЙ ВРЕМЕННЫЙ МЕДЛЕННЫЙ СИЛЬНЫЙ ДОВЕРЯТЬ Т СТРАХ ОБЛЕГЧЕНИЕ МОЧЬ ОСТРЫЙ,10,slovo_dictionary,synth_21,synthetic
ВОЗБУЖДЕНИЕ ДОВОЛЬНЫЙ БЫВШИЙ,3,slovo_dictionary,synth_22,synthetic
СЕРЕБРО ДРУГОЙ НЕЛОВКИЙ; НЕУКЛЮЖИЙ АККУРАТНЫЙ ЖЁЛТЫЙ ВАШ ТОТ ЖЕЛТЫЙ ОШАРАШЕННЫЙ ПРИЛИЧНЫЙ,10,slovo_dictionary,synth_23,synthetic
ОХОТНО БЕСПОКОЙНЫЙ ОКТЯБРЬ НЕСЧАСТЬЕ,4,slovo_dictionary,synth_24,synthetic
ЖИЗНЬ ЗНАЧИТ ПОДАВЛЕННЫЙ Й Б ДЕШЁВЫЙ ТЕБЕ СОБИРАТЬ КОГОТЬ НЕДОВОЛЬНЫЙ,10,slovo_dictionary,synth_25,synthetic
ПЯТЬ ПИСЬМО ИСКАТЬ СЛЕДУЮЩИЙ БОЛЬШОЙ ДИНОЗАВР НАЗНАЧЕННОЕ ВРЕМЯ,7,slovo_dictionary,synth_26,synthetic
РАЗДРАЖАТЬ НЕМЕДЛЕННО СУББОТА ИНТЕРЕСНЫЙ,4,slovo_dictionary,synth_27,synthetic
ВАС ИСПУГ СРАЗУ,3,slovo_dictionary,synth_28,synthetic
ЛЯГУШКА ОТРИЦАТЕЛЬНЫЙ ТОРЖЕСТВЕННЫЙ ГЕНИЙ ЧЕЛОВЕК,5,slovo_dictionary,synth_29,synthetic
МЕНЯ НРАВСТВЕННОСТЬ ЗАНЯТЫЙ ЕЩЕ НЕТ ОБЪЯТИЕ,5,slovo_dictionary,synth_30,synthetic
ТРИСТА ТЕ РЫЧАТЬ ОДНАЖДЫ ТРЕТИЙ СЗАДИ МЕЖДУ ТЕМ,7,slovo_dictionary,synth_31,synthetic
ПРОВЕРИТЬ ОПАСНЫЙ ОСЕНЬ СОМНЕНИЕ ВДОХНОВЕНИЕ ПИНГВИН,6,slovo_dictionary,synth_32,synthetic
АНИМАТОР СМЕШНОЙ ВЕЛИКИЙ СЗАДИ ПОВЕРХНОСТНЫЙ АДАПТИВНОЕ ПОВЕДЕНИЕ ТЕРЯТЬ,7,slovo_dictionary,synth_33,synthetic
КОГДА БИЛЕТ СМЕШНОЙ ИЗВЕСТНЫЙ ТЁМНЫЙ ЭТОТ СВИНЬЯ,7,slovo_dictionary,synth_34,synthetic
НАЧАТЬ ОЖИДАТЬ ГОРЬКИЙ ПОГОДА БАБОЧКА МГНОВЕНИЕ СОБАЧИЙ ДОМИК,7,slovo_dictionary,synth_35,synthetic
ТРИ ПЯТНАДЦАТЬ КРОЛИК СОЛЬ,4,slovo_dictionary,synth_36,synthetic
ПОЗВОНИТЬ НА СЕРВИС ЛАНЧ ЗЛОСТЬ С Л,5,slovo_dictionary,synth_37,synthetic
ЭТИ СЛЫШАТЬ КОЗЕЛ ИГРАТЬ АППЕТИТ ПОДРОБНО ПЕЧАЛЬ ВРАЖДЕБНЫЙ НАШ НОСОРОГ,10,slovo_dictionary,synth_38,synthetic
ВОСЬМОЙ СВОБОДНЫЙ ОДИННАДЦАТЬ МАЛЕНЬКИЙ ВАЖНЫЙ ВНИЗ,6,slovo_dictionary,synth_39,synthetic
ДЕКАБРЬ МИЛЕНЬКИЙ АППЕТИТ СМЕЯТЬСЯ КОГДА,5,slovo_dictionary,synth_40,synthetic
СОМНЕВАТЬСЯ ЖАЖДА МОТИВИРОВАТЬ,3,slovo_dictionary,synth_41,synthetic
ЗЕЛЁНЫЙ КРУЖКА МИГРАЦИЯ МУРАШКИ ОТНОШЕНИЕ ВИЛЯТЬ,6,slovo_dictionary,synth_42,synthetic
НРАВИТЬСЯ СМЕЯТЬСЯ ТРЕТИЙ РАЗУМНЫЙ НЕРВНЫЙ,5,slovo_dictionary,synth_43,synthetic
ПЯТНИЦА СВИНЬЯ ОТВЕТСТВЕННЫЙ ОДЕРЖИМЫЙ КУБОК ВОЗМОЖНО ИМЯ СЛЫШАТЬ,8,slovo_dictionary,synth_44,synthetic
ОДЕЖДА ОСТАНОВИТЬ РЫЧАНИЕ,3,slovo_dictionary,synth_45,synthetic
ПРИЯТНЫЙ САМООБМАН ПЕРО РОЗОВЫЙ ВТОРНИК ИСПУГАННЫЙ ЗНАТЬ НЕ ВЫНОСИТЬ КОЗЕЛ ВОЗМОЖНЫЙ,10,slovo_dictionary,synth_46,synthetic
КУВШИН ОТКУПОРИВАТЬ ИНОГДА ВЗЯТЬ ЧАСЫ НЕПРИЯТНЫЙ ЗВЕРЬ ТРИНАДЦАТЬ ДВЕНАДЦАТЫЙ,9,slovo_dictionary,synth_47,synthetic
ОБУЧАТЬ ВЫСОКОМЕРНЫЙ СИЛЬНЫЙ Ш,4,slovo_dictionary,synth_48,synthetic
ДЕНЬ НИЗКИЙ ТРУСЛИВО Б ЛИЦО СМЕХ МИНУТА ДЕНЬГИ ЛЮБОВНЫЙ,9,slovo_dictionary,synth_49,synthetic
"МУРАШКИ НЕЖНЫЙ, МЯГКИЙ ДВАДЦАТЬ ДЕВОЧКА ЖЕЛАНИЕ СМЕЛОСТЬ МИНУТА ОШИБКА СМИРИТЬСЯ",9,slovo_dictionary,synth_50,synthetic
ЖАДНОСТЬ ДЕЛАТЬ ВЫВОДЫ ОРЕЛ КАРАНДАШ ИНОСТРАННЫЙ,5,slovo_dictionary,synth_51,synthetic
ПРОЩАНИЕ ВОСКРЕСЕНЬЕ ВРЕМЯ ДЛЯ ИЗМЕРЕНИЙ ШЕСТЬ ЛОГИЧНЫЙ ТИГР Й КНИГА,8,slovo_dictionary,synth_52,synthetic
Ь УГРЮМЫЙ ИГРАТЬ ХОРОШО СКОРБЕТЬ ВЫСОКИЙ,6,slovo_dictionary,synth_53,synthetic
ЗДЕСЬ ОБНИМАТЬ СОБАЧИЙ ДОМИК НЕВЕРИЕ ОДАРЕННЫЙ ДАТЬ КРЕСТ,7,slovo_dictionary,synth_54,synthetic
САМОМНЕНИЕ Ж СЕГОДНЯ ДОМ НИЧЕГО ЗДЕСЬ БОЛЬ СОМНЕВАТЬСЯ,8,slovo_dictionary,synth_55,synthetic
ВАШ САРКАЗМ ПРИВЕЗТИ СЛОВО С,5,slovo_dictionary,synth_56,synthetic
АППЕТИТ ПОНЯТЬ ВОЛ ИДТИ,4,slovo_dictionary,synth_57,synthetic
ЛОШАДЬ ПРИВЕЗТИ САРКАЗМ МУДРЫЙ НРАВСТВЕННОСТЬ,5,slovo_dictionary,synth_58,synthetic
РЫЧАТЬ НЕРВНЫЙ КРЫСА,3,slovo_dictionary,synth_59,synthetic
ПРОДОЛЖИТЬ СМЕЛОСТЬ НЕУДОБСТВО СЛАБОСТЬ ВОЗБУЖДЕНИЕ ВЕСЬ,6,slovo_dictionary,synth_60,synthetic
ДАТЬ КУРИЦА ТВОЙ,3,slovo_dictionary,synth_61,synthetic
ВОЙ УТРО ОТТЕНОК РАННИЙ,4,slovo_dictionary,synth_62,synthetic
СПАТЬ МОЧЬ СОЖАЛЕНИЕ НЕСЧАСТЬЕ ДРУЖЕЛЮБНЫЙ,5,slovo_dictionary,synth_63,synthetic
ВТОРОЙ ЖАДНО ЕСТЬ ТРИ ТЫСЯЧИ СОМНЕВАТЬСЯ СНАЧАЛА Ё АРОМАТНЫЙ АКУЛА ЛИЦО,9,slovo_dictionary,synth_64,synthetic
ПОКА ТЁПЛЫЙ ИСТЕРИК НАШ ЕДА,5,slovo_dictionary,synth_65,synthetic
СВЕРХУ ТОРЖЕСТВЕННЫЙ ПРОЗРАЧНЫЙ ГЛАЗ СТОЙКОСТЬ СЛЕДОВАЛО НЕОЖИДАННЫЙ ВТОРНИК РАБ,9,slovo_dictionary,synth_66,synthetic
ЗАВАРОЧНЫЙ ЧАЙНИК МИЛЕНЬКИЙ О ВДОХНОВЕНИЕ МИНУТА СЕМЬ,6,slovo_dictionary,synth_67,synthetic
ОТ ЖЕНА Ц НЕЖНЫЙ ВЕЧНЫЙ,5,slovo_dictionary,synth_68,synthetic
СУХОЙ ВИТАМИН ПОСТЕПЕННО,3,slovo_dictionary,synth_69,synthetic
ОЖИДАЮЩИЙ Й ПИТЬ МИР ДЕТСКИЙ ИСКРЕННИЙ СЕМЬ НЕНАВИДЕТЬ СЕДЬМОЙ И,10,slovo_dictionary,synth_70,synthetic
СКОРО ВРЕМЯ 11 ЧАСОВ ПЯТНИЦА ВОСЕМЬДЕСЯТ СПАТЬ БОЛИТ МОТИВИРОВАТЬ ЗНАЧИТЬ,8,slovo_dictionary,synth_71,synthetic
СТО ДОВЕРЯТЬ ОПЫТНЫЙ СНАЧАЛА НЕУВАЖЕНИЕ НЕОЖИДАННЫЙ НАБЛЮДАТЕЛЬНОСТЬ,7,slovo_dictionary,synth_72,synthetic
БРЮЗЖАТЬ ДАТЬ ЗООПАРК ЛЕТУЧАЯ МЫШЬ ТРИ ТЫСЯЧИ,5,slovo_dictionary,synth_73,synthetic
НАЧИНАТЬ КОМНАТА СТЫДНО НЕОБХОДИМЫЙ БУДУЩЕЕ ТЫСЯЧА ПОНЯТЬ,7,slovo_dictionary,synth_74,synthetic
ГОРДОСТЬ ДОВОЛЬНО МЫ Ц ЗМЕЯ ВСКРУЖИТЬ ПРИЛИЧНЫЙ,7,slovo_dictionary,synth_75,synthetic
ШЕСТНАДЦАТЬ ПОДАВЛЕННЫЙ СТО ЕСЛИ НЕОБХОДИМЫЙ БЕСПОКОЯЩИЙ РЫБА МЕДУЗА ВЧЕРА,9,slovo_dictionary,synth_76,synthetic
ДАТЬ ПАУЧЬЯ СЕТЬ СПРОСИТЬ ТРУС ПОКА ЛЮДИ МОДНЫЙ УГРЮМЫЙ РАСПИСАНИЕ,9,slovo_dictionary,synth_77,synthetic
ОБЕСПОКОЕН ДВЕ ТЫСЯЧИ МИЛОСЕРДНЫЙ РАСПИСАНИЕ ЖИВОТНОЕ ГРЯЗНЫЙ ОТВАЖИТЬСЯ,7,slovo_dictionary,synth_78,synthetic
БАБОЧКА РЕДКО ВЕЗДЕ СЕГОДНЯ ПОСЛЕДНИЙ КРАСНЫЙ ПОКАЯНИЕ НАХАЛЬНЫЙ ЛЕНИВЫЙ РЕВНИВЫЙ,10,slovo_dictionary,synth_79,synthetic
НИКТО ВСЁ В СПЕШКЕ ГАВКАНЬЕ Е КРАСНЫЙ ЛЕНИВЫЙ СЕМЬДЕСЯТ ОЖИВЛЕННЫЙ ПРИВЫК,10,slovo_dictionary,synth_80,synthetic
ОТНОШЕНИЕ ПАУК ГЛОТАТЬ ЖАДНО ВРЕМЕННЫЙ СКОЛЬКО МЕЖДУ ПРОВЕРИТЬ,7,slovo_dictionary,synth_81,synthetic
ПРИЕМ ПИЩИ ВВЕРХ ПОДНОС МЕСТО ДЛЯ ПИКНИКА РАССТРОЕННЫЙ НЕВИНОВНЫЙ МИНУТА ДОВОЛЕН,8,slovo_dictionary,synth_82,synthetic
ЖАЛОСТЬ ГРЯЗНЫЙ СЧАСТЬЕ,3,slovo_dictionary,synth_83,synthetic
ДЕВЯТЬ ПЕРЕД ОДНОВРЕМЕННОСТЬ ЕЙ СЛИШКОМ,5,slovo_dictionary,synth_84,synthetic
ШУТИТЬ СЛЕДУЮЩИЙ РЕБЁНОК ИЗУЧИТЬ ПОДЛИННЫЙ РАННИЙ ОТЧАЯННЫЙ КРАСНОВАТЫЙ,8,slovo_dictionary,synth_85,synthetic
РАДОСТЬ ОБРАЗОВАННЫЙ ПОКАЯНИЕ ВИЛЯТЬ ВЫИГРЫШ НЕДОВОЛЬНЫЙ ДОРОГА ПРИЙТИ,8,slovo_dictionary,synth_86,synthetic
ОТНОШЕНИЕ ИНТЕЛЛЕКТУАЛЬНЫЙ ВСЕ,3,slovo_dictionary,synth_87,synthetic
ШЕСТОЙ НЕУДОБСТВО ВЕЖЛИВЫЙ,3,slovo_dictionary,synth_88,synthetic
СТОРОНА НАДЕЖДА КЛЮЧ,3,slovo_dictionary,synth_89,synthetic
ПОЧКИ ВЕЗДЕ УЛИЦА ГОРОД ДЕТСКИЙ ОЧЕНЬ ПОВАР ЛЕТУЧАЯ МЫШЬ ПИТЬЕВАЯ ВОДА Ц,10,slovo_dictionary,synth_90,synthetic
ОБРАЗОВАННЫЙ НЕЖНЫЙ ЗЛОЙ ЗАБРАТЬ МИГРАЦИЯ ВРЕД,6,slovo_dictionary,synth_91,synthetic
ПОЗВОЛИТЬ ПОЛОЖИТЕЛЬНЫЙ ЧЕТЫРЕ ТЫСЯЧИ ОТЛОЖИТЬ ТРУС ОДОЛЖИТЬ ДЕЛЬФИН ЗЕЛЁНЫЙ,8,slovo_dictionary,synth_92,synthetic
ИНОГДА Д ДОВЕРЯТЬ ТЕРПЕТЬ НЕСКОЛЬКО НРАВСТВЕННОСТЬ ПРИЙТИ ЛЕНИВЫЙ САМООБМАН,9,slovo_dictionary,synth_93,synthetic
ШУТИТЬ КРОТОСТЬ АНИМАТОР МИЛЫЙ НАСЛАЖДАЙСЯ,5,slovo_dictionary,synth_94,synthetic
ПРАВША ПРАГМАТИЧНЫЙ СЛЫШАТЬ ТЫ ОБЕДАТЬ ОТЕЦ,6,slovo_dictionary,synth_95,synthetic
СЛИШКОМ Г ЛЕВ Ы ОБЛЕГЧЕНИЕ ОТНОШЕНИЕ ЕСТЬ МЕРТВЫЙ ОДНОВРЕМЕННОСТЬ НАКОНЕЦ,10,slovo_dictionary,synth_96,synthetic
БЫСТРО ЖЕНАТ ОСТОРОЖНЫЙ СЕМЬСОТ ОТВЕТИТЬ БОЛИТ СЕВЕР ЮГ,8,slovo_dictionary,synth_97,synthetic
Ю Ж ЖИТЬ ДОВОЛЬНО РАЗДРАЖАТЬ ЗАКАЗЫВАТЬ ЗАВИСТЬ ПИСАТЬ ДВАЖДЫ,9,slovo_dictionary,synth_98,synthetic
Ё СПОСОБ ЛЕЖАТЬ РАЗЪЯРЕННЫЙ ДОМ ВОРОТНИК,6,slovo_dictionary,synth_99,synthetic
ПОМОЧЬ ИЗНОШЕННЫЙ ВОЗМОЖНО СЛОВО ДО КРАСИВЫЙ ДОРОГА СКУЧАЮЩИЙ ВТОРОЙ,9,slovo_dictionary,synth_100,synthetic
ЖЕЛАНИЕ ЖАРКИЙ КРАСНЫЙ ЗАТЕМ; ПОТОМ МИНИМУМ РАЗГНЕВАННЫЙ НАД,7,slovo_dictionary,synth_101,synthetic
БЛИЗКО ВОПРОС ОБА ИСПУГ,4,slovo_dictionary,synth_102,synthetic
ПОСЛЕДНИЙ НАИВНЫЙ АГРЕССИВНЫЙ ЖАРИТЬ СЕДЬМОЙ,5,slovo_dictionary,synth_103,synthetic
ИМПУЛЬС ЗОЛОТОЙ ДИСТРЕСС ЧЕТЫРЕ ТЫСЯЧИ,4,slovo_dictionary,synth_104,synthetic
ПРОДЛЕВАТЬ ИНОГДА РАССЕЯННЫЙ ТРИСТА СОЛНЦЕ БИЛЕТ ЗАПАСЛИВЫЙ ПЛОХОЙ,8,slovo_dictionary,synth_105,synthetic
ПЕЧАЛЬ ЖАЖДУЩИЙ РАССЕЯННЫЙ ИНИЦИАТИВА ПОМОЩНИК ПОВАРА ВАС МОТИВИРОВАТЬ БАНКЕТ ОРАНЖЕВЫЙ ПРОВЕРИТЬ,10,slovo_dictionary,synth_106,synthetic
ВРАЖДЕБНЫЙ ПЛАТА ЗА ВХОД КОМНАТА ДЕКАБРЬ СЛЕДУЮЩИЙ ЖЕЛАНИЕ МИНИМУМ ЖЁЛТЫЙ,8,slovo_dictionary,synth_107,synthetic
ЗАКУСКА ПЕРЕД ЕДОЙ ЖЁЛТЫЙ НЕСЧАСТЬЕ ИНТЕЛЛЕКТУАЛЬНЫЙ ОЛЕНЬ,5,slovo_dictionary,synth_108,synthetic
ВИЛЯТЬ МАЛЕНЬКИЙ БЕЛЫЙ ДЕВЯТЬСОТ,4,slovo_dictionary,synth_109,synthetic
ВЛЮБЛЕННЫЙ НЕВЕРИЕ ЧТО НУЖДАТЬСЯ НЕОЖИДАННЫЙ РАД НАС,7,slovo_dictionary,synth_110,synthetic
ГОРОД ПОДАВЛЕННЫЙ ОТВАЖИТЬСЯ ВЫХОДНЫЕ ПАМЯТЬ ТРИСТА КАФЕТЕРИЙ ГОЛОС ГОРДОСТЬ,9,slovo_dictionary,synth_111,synthetic
ВЕЧНЫЙ КАФЕ ДЕВОЧКА ТАЛАНТ ЯЗЫК ЗАПАД ПОЛНЫЙ П ПОКА (ЧТО) ХОРОШО,10,slovo_dictionary,synth_112,synthetic
СЧАСТЬЕ ЖЕВАТЬ СИНИЙ НЕВИНОВНЫЙ РАЗЛИЧНЫЙ АЛЛЕРГИЯ НА ЕДУ ТЁПЛЫЙ ПАУК БЕСПОКОЙСТВО,9,slovo_dictionary,synth_113,synthetic
ЛУЧШИЙ С ТЕХ ПОР КАК ЗАКУСКА ПЕРЕД ЕДОЙ УТРО ВОЛ Б,6,slovo_dictionary,synth_114,synthetic
ПОПУГАЙ ПОДЛИННЫЙ ЧЕТЫРЕ ДРУГОЙ СНАЧАЛА,5,slovo_dictionary,synth_115,synthetic
ЧЕТВЕРТЫЙ ДВЕ НЕДЕЛИ ОТВРАЩЕНИЕ ЗЛОСТЬ РАЗОЧАРОВАННЫЙ КОРОТКИЙ ОШЕЛОМИТЬ ПОСЛУШНЫЙ,8,slovo_dictionary,synth_116,synthetic
НАКОНЕЦ-ТО ОБЛЕГЧЕНИЕ ЛЕТУЧАЯ МЫШЬ НАДОЕЛО БЫСТРЫЙ КОЗА,6,slovo_dictionary,synth_117,synthetic
ЧЕЛОВЕК ЛЕТО РАЗГНЕВАННЫЙ ЦЕМЕНТ Т,5,slovo_dictionary,synth_118,synthetic
ОТЧАЯТЬСЯ ТРИСТА ИНАЧЕ ВОЛ ОКУНАТЬ ДРУЖЕЛЮБНЫЙ НОВЫЙ ИГРАТЬ У,9,slovo_dictionary,synth_119,synthetic
ГОВОРИТЬ КУСОК РАДОСТНЫЙ НАЛОГ Р КТО?,6,slovo_dictionary,synth_120,synthetic
РАЗДРАЖАТЬ ЧТО-НИБУДЬ ПАНДА ПРОЩАНИЕ МУЖ ОРАНЖЕВЫЙ ЛЯГУШКА,7,slovo_dictionary,synth_121,synthetic
ПРЕДУСМОТРИТЕЛЬНЫЙ ПОСТЕПЕННО ПЕТЬ ВЕРОЯТНО СКОРБЕТЬ БОЛЬШЕ РОГА ВОСХИЩЕНИЕ МУЖЧИНА,9,slovo_dictionary,synth_122,synthetic
СЕРЕБРО ОШАРАШЕННЫЙ СМИРИТЬСЯ КЛЕТКА РЕЛИГИЯ МУРАШКИ НИКОГДА,7,slovo_dictionary,synth_123,synthetic
ВОПРОС ВТОРОЙ МЕЖДУ ТЕМ ЖЕНАТ ТРУСЛИВО,5,slovo_dictionary,synth_124,synthetic
РАННИЙ ТРИДЦАТЬ ОСОБЕННО ОТКУПОРИВАТЬ СРЕДА РАССТРОЙСТВО НАВЕРХУ,7,slovo_dictionary,synth_125,synthetic
ГОЛОД УДИВЛЁН НИЗКИЙ МЫ НЕМЕДЛЕННО БУТЫЛКА ПОЧКИ ДОМИНИРУЮЩИЙ,8,slovo_dictionary,synth_126,synthetic
ГРУСТНЫЙ ЖЕНА СОЖАЛЕТЬ ЖАДНЫЙ ЛУЧШИЙ ДЕЛЬФИН ЖАДНО ЕСТЬ ОДНАЖДЫ ГОЛОД,9,slovo_dictionary,synth_127,synthetic
СМЕШНОЙ АКУЛА АДАПТИВНЫЙ НЕЖНЫЙ ОСТРЫЙ,5,slovo_dictionary,synth_128,synthetic
ПРОТИВ КУСОК ПОЧВА СИЛЬНЫЙ СЕМЬЯ СТОРОНА НАВСЕГДА ТАЛАНТ ФУТБОЛ,9,slovo_dictionary,synth_129,synthetic
СКРОМНЫЙ СЕГОДНЯ ПОСЫЛАТЬ ОПЯТЬ ПОМОЩНИК ПОВАРА ВРЕМЯ ПО ГРИНВИЧУ ТРУСЛИВО РАДОСТЬ,8,slovo_dictionary,synth_130,synthetic
СЕСТРА ПРАГМАТИЧНЫЙ ДВЕНАДЦАТЬ АРОМАТНЫЙ,4,slovo_dictionary,synth_131,synthetic
ВОСЬМОЙ КУПИТЬ ЦЕМЕНТ РЕБЯЧЕСКИЙ СЛЫШАТЬ ЧТО ЕСТЬ ВНИЗУ ЗАТЕМ; ПОТОМ ЗЛОСТЬ,10,slovo_dictionary,synth_132,synthetic
СОМНЕНИЕ ПОДОЗРЕВАТЬ С ЖЕНА,4,slovo_dictionary,synth_133,synthetic
О 7:45 ПЕРЕВОДИТЬ ОБЪЯТИЕ,4,slovo_dictionary,synth_134,synthetic
ПЕРВЫЙ БЕЗ МЕНЯ БЕСПОКОЯЩИЙ ПУТЕШЕСТВОВАТЬ С ТЁМНЫЙ НАЗНАЧЕННОЕ ВРЕМЯ Ь,9,slovo_dictionary,synth_135,synthetic
ХОЛОДНЫЙ РЕЛИГИЯ ВЕЧНЫЙ СВЕРХУ,4,slovo_dictionary,synth_136,synthetic
С ТЕХ ПОР КАК САМОАНАЛИЗ ГАВКАНЬЕ АМБИЦИОЗНЫЙ НАСЛАЖДАЙСЯ ТРУС ЧАСТО,7,slovo_dictionary,synth_137,synthetic
СНАЧАЛА ПИСЬМО ГОРЮЮЩИЙ Ь ИНОГДА ГОРДЫЙ ХОРОШО ЯЗЫК УДИВЛЁН ЧЕТВЕРГ,10,slovo_dictionary,synth_138,synthetic
ЛЮДИ ДИНОЗАВР СТЫДНО ИНОСТРАННЫЙ С КОТОРЫЙ ОТКЛАДЫВАТЬ,7,slovo_dictionary,synth_139,synthetic
НРАВИТЬСЯ АЛЛИГАТОР ОБЫЧНО,3,slovo_dictionary,synth_140,synthetic
МАЛЬЧИК ОДИННАДЦАТЬ ЛОСЬ СМЕЛОСТЬ КОРИЧНЕВЫЙ ТИГР КРАТКИЙ,7,slovo_dictionary,synth_141,synthetic
ЖЕЛТЫЙ НАРОД ДЕВЯНОСТО ДЕСЯТЫЙ СЕМНАДЦАТЬ ВАШ БУДУЩЕЕ СИНИЙ ОХОТНО РАССЛАБЛЕНИЕ,10,slovo_dictionary,synth_142,synthetic
РАССЕРДИТЬСЯ СВОБОДНЫЙ РАБ И БОЛИТ БЛАГОГОВЕНИЕ ПЯТЫЙ ПРИЯТНЫЙ,8,slovo_dictionary,synth_143,synthetic
С ДНЕМ РОЖДЕНИЯ РАСПИСАНИЕ АГРЕССИЯ ПРОТИВ ЯСНЫЙ ЖДАТЬ,6,slovo_dictionary,synth_144,synthetic
ПРЕДЫДУЩИЙ ЗАВИСТЬ ПЕРЕВАРИВАТЬ ЧАС АНИМАТОР П,6,slovo_dictionary,synth_145,synthetic
ОБЕДАТЬ ЯЗЫК МИР БЫВШИЙ МОДНЫЙ ПАУЧЬЯ СЕТЬ НРАВСТВЕННОСТЬ ТОЖЕ БЛЕДНЫЙ,9,slovo_dictionary,synth_146,synthetic
ВОСЕМЬДЕСЯТ ПАВЛИН РЕБЯЧЕСКИЙ,3,slovo_dictionary,synth_147,synthetic
РАЗГНЕВАННЫЙ МНОГО ПОКРАСНЕТЬ НЕВИНОВНЫЙ ГЛОТАТЬ ЖАДНО,5,slovo_dictionary,synth_148,synthetic
ТЕРЯТЬ РАБ РУЧКА ШУМ ЛЮБИТЬ Б,6,slovo_dictionary,synth_149,synthetic
В ЭТОМ ГОДУ ТОРЖЕСТВЕННЫЙ ПРЕЗРЕНИЕ БОЛЬШОЙ ОЗАБОЧЕННЫЙ ГОТОВЫЙ РАЗОЧАРОВАННЫЙ БОЮСЬ ВЕРНЫЙ,9,slovo_dictionary,synth_150,synthetic
НАЧАЛО ПРИНЕСТИ ПОГОДА,3,slovo_dictionary,synth_151,synthetic
СЛАБОСТЬ Д МНОГО СВИНЬЯ,4,slovo_dictionary,synth_152,synthetic
ТЫ НЕВОЗМОЖНЫЙ ВЫСОКОМЕРНЫЙ ДОБРОПОРЯДОЧНОСТЬ ПОЗОР СЛЕДОВАЛО ПУТЕШЕСТВИЕ ТОЧНО СНАЧАЛА,9,slovo_dictionary,synth_153,synthetic
РАССЕЯННЫЙ МАЛЕНЬКИЙ ОБЪЕКТИВНЫЙ БОЛЬШЕ Я СТАРЫЙ,6,slovo_dictionary,synth_154,synthetic
НАЙТИ СРЕДА РАССЕЯННЫЙ ТОГДА ВЫСОКИЙ,5,slovo_dictionary,synth_155,synthetic
ОБЕЗЬЯНА ТОЛЬКО НЕПРОЗРАЧНОСТЬ УЖАСНЫЙ СВОБОДНЫЙ СОГЛАСНО ОКУНАТЬ ЗЕЛЁНЫЙ ПОЧВА,9,slovo_dictionary,synth_156,synthetic
ТЁПЛЫЙ ГЛАЗ ВАМ РВЕНОСТЬ КЛЮВ СМЕЯТЬСЯ К,7,slovo_dictionary,synth_157,synthetic
ОБЫЧНЫЙ ШЕСТОЙ ВОЗМОЖНЫЙ ТЕРПЕТЬ ОТКУПОРИВАТЬ НАРУЖУ МЕНЯ БЕЛКА,8,slovo_dictionary,synth_158,synthetic
СКОРО ЛИЧНЫЕ КАЧЕСТВА СПОСОБ ВОСХИЩЕНИЕ,4,slovo_dictionary,synth_159,synthetic
ОТНОШЕНИЕ НАРОД ЧТО-НИБУДЬ БЕСПОКОЙНЫЙ ПЯТНАДЦАТЬ ЛЕГКИЙ ПРОДУМАННЫЙ РАД ТОРЖЕСТВЕННЫЙ,9,slovo_dictionary,synth_160,synthetic
ЛИТЬ ЗАТЕМ; ПОТОМ ОКТЯБРЬ ЧЕТЫРЕ ТЫСЯЧИ АДАПТИВНОЕ ПОВЕДЕНИЕ НАЧАТЬ Ы ПРЕЗИРАТЬ,8,slovo_dictionary,synth_161,synthetic
ПРОВЕРИТЬ ВОЙ СОГЛАСНО РАДОСТЬ КАФЕ МОТИВИРОВАТЬ СЛОВО,7,slovo_dictionary,synth_162,synthetic
ДОМИНАНТНЫЙ ТЕМНОТА ЧЕМОДАН НЕУДОБНО КАРАНДАШ,5,slovo_dictionary,synth_163,synthetic
У ВОЗМОЖНО ЛИЦЕМЕРНЫЙ СЛОН ДЕВЯТЬ ДОБРОТА,6,slovo_dictionary,synth_164,synthetic
ЛИЧНЫЕ КАЧЕСТВА ПОЛЗАНЬЕ ВАЖНЫЙ СВИСТОК ЕЖИК ЗАКОНЧИТЬ НЕМНОГО ЛЮДИ,8,slovo_dictionary,synth_165,synthetic
ОТЛИЧНЫЙ ВСЕ ЖЁЛТЫЙ,3,slovo_dictionary,synth_166,synthetic
ПРОДОЛЖИТЕЛЬНОСТЬ Р ГОД МИНИМУМ,4,slovo_dictionary,synth_167,synthetic
ГРЯЗНЫЙ ГОРДОСТЬ ОБЪЕКТИВНЫЙ МАЛЕНЬКИЙ ВЕСНА,5,slovo_dictionary,synth_168,synthetic
ПОЛНЫЙ ОТЧАЯННЫЙ ДОВОЛЕН ЗЛОСТЬ ЗАКРЫТЬ ТЕМНОТА С РЫЧАНИЕ,8,slovo_dictionary,synth_169,synthetic
ВЕСЕЛИТЬСЯ ЗООПАРК МЕНЯ ДИЕТА ОПЫТНЫЙ ЮГ ЖАРКИЙ,7,slovo_dictionary,synth_170,synthetic
БЕЛЫЙ ПЕТЬ КУВШИН МУРАШКИ ПОКАЯНИЕ,5,slovo_dictionary,synth_171,synthetic
КРОЛИК ОСТАНОВИТЬ В ТО ВРЕМЯ КАК БЕЛКА РАЗДРАЖАТЬ ВЕРОЯТНО В СПЕШКЕ,7,slovo_dictionary,synth_172,synthetic
УПАСТЬ НЕПОСЛУШНЫЙ ЛЕТО СМИРИТЬСЯ НАКОНЕЦ УЛИЦА РАБ,7,slovo_dictionary,synth_173,synthetic
СЕРЕБРО ПОДЛИННЫЙ ПОДРУГА ЧТО СТОЯТЬ ИЛИ ПОДРОБНО НАДЕЖДА ОЖИДАЮЩИЙ,9,slovo_dictionary,synth_174,synthetic
ЗВЕРЬ КОГОТЬ ШЕСТНАДЦАТЬ МУРАШКИ Я ОСТРЫЙ ПРИВЫК,7,slovo_dictionary,synth_175,synthetic
С ТЕХ ПОР КАК КАРТИНА ОБЪЕКТИВНЫЙ ПИСАТЬ,4,slovo_dictionary,synth_176,synthetic
ЖИЗНЬ ТРУСЛИВО ЛЯГУШКА,3,slovo_dictionary,synth_177,synthetic
БОЯТЬСЯ СТРАХ СТРАННЫЙ ПЧЕЛА Н,5,slovo_dictionary,synth_178,synthetic
БЕЖЕВЫЙ КОТОРЫЙ ВОЗДУХ ВЗДРАГИВАТЬ ГОРДЫЙ ЧЕРНЫЙ ОДЕРЖИМЫЙ САМОПРОВЕРКА,8,slovo_dictionary,synth_179,synthetic
ПРОТИВ БАБОЧКА СТЫДНО ПЕТУХ ВЕСЁЛЫЙ МЕДЛЕННЫЙ ДЕЛАТЬ МЕЛКИЙ ГЛОТОК СЧАСТЛИВЫЙ,8,slovo_dictionary,synth_180,synthetic
ОТЕЦ ВОСЕМНАДЦАТЬ АКУЛА ВОСТОК НЕДОБРЫЙ ВОЗМОЖНЫЙ ПОСТЕПЕННО ОСТАНОВИТЬСЯ ЦЕЛЫЙ СЕСТРА,10,slovo_dictionary,synth_181,synthetic
КЛЮЧ ВДОХНОВЕНИЕ УВЕРЕННЫЙ ПОВАР НЕСКОЛЬКО ПРОЗРАЧНЫЙ ПЕРЕВОДИТЬ РЕСТОРАН,8,slovo_dictionary,synth_182,synthetic
ОЖИВЛЕННЫЙ РЕБЯЧЕСКИЙ МЕДВЕДЬ,3,slovo_dictionary,synth_183,synthetic
МЫШЬ ЖУТКИЙ ЖАРКИЙ ЧИСТЫЙ ТАЛАНТ СМЕШНОЙ СВОБОДНЫЙ ОЗАБОЧЕННЫЙ УЖЕ МЕЖДУ ТЕМ,10,slovo_dictionary,synth_184,synthetic
БРАТ НАД ШЕСТЬ ОДЕЖДА ПЕРЕВАРИВАНИЕ,5,slovo_dictionary,synth_185,synthetic
СУББОТА БОЯТЬСЯ УГРЮМЫЙ,3,slovo_dictionary,synth_186,synthetic
ОБЫЧНО СВИНЬЯ ЗАМУЖЕМ НАЙТИ ЧАСТО ПЛАТА ЗА ВХОД ПРОВЕРИТЬ ОЧЕНЬ МИГРАЦИЯ БАБОЧКА,10,slovo_dictionary,synth_187,synthetic
ВСЕ В ВОСЕМЬ ПЯТНАДЦАТЬ ОТНОШЕНИЕ ПОЛНЫЙ,4,slovo_dictionary,synth_188,synthetic
ЖЕНСКИЙ ТУАЛЕТ ЖЕНАТ ГЛОТАТЬ ЖАДНО ПРОТИВ ПОНЯТЬ,5,slovo_dictionary,synth_189,synthetic
ВОПРОС СОЧУВСТВИЕ ДЕВОЧКА ОКОЛО УТРО ОБЛАДАТЬ ВЕРБЛЮД,7,slovo_dictionary,synth_190,synthetic
ВЫ МАТЬ КУПИТЬ НЕДОВОЛЬНЫЙ ГОРЕ МИЛОСЕРДНЫЙ МЯТЕЖНЫЙ КОТОРЫЙ,8,slovo_dictionary,synth_191,synthetic
НАЧАЛО БЫТЬ ПОТРЯСЕННЫМ СНАЧАЛА РЫЧАТЬ,4,slovo_dictionary,synth_192,synthetic
ЕДА ЭТИ ПО ЧАСАМ ДОВОЛЕН НАЧИНАТЬ,5,slovo_dictionary,synth_193,synthetic
ПОЛЗАНЬЕ САРКАЗМ ДА ВРЕМЯ ДЛЯ ИЗМЕРЕНИЙ НАШЕСТВИЕ ПРАВША СКОЛЬКО СЧАСТЬЕ ИСПЫТЫВАТЬ,9,slovo_dictionary,synth_194,synthetic
НАКОНЕЦ Я ОБЕСПОКОЕН ЗНАТЬ ВАЖНЫЙ,5,slovo_dictionary,synth_195,synthetic
ПЫЛЕСОС ЛИСА ЗАМУЖЕМ СТО,4,slovo_dictionary,synth_196,synthetic
СЛОН В ЭТОМ ГОДУ ГОРДЫЙ,3,slovo_dictionary,synth_197,synthetic
ЕСТЬ БАБОЧКА МУЖЕСТВЕННОСТЬ МЕСТО ПРОТИВ ИМЯ ЧАСТО ОБЕЗЬЯНА ДЕЛАТЬ ВЫВОДЫ ЗДЕСЬ,10,slovo_dictionary,synth_198,synthetic
Н В ПРОШЛОМ ГОДУ РОТ БЕЗУМНО РАДОСТНЫЙ,5,slovo_dictionary,synth_199,synthetic
ДРОЖАТЬ СОГЛАСНО Й ВОЛ ЖЕНСКИЙ ТУАЛЕТ НАДЕЖДА ТЕМНОТА НОВОСТИ ЛЮБОВНЫЙ БРЮЗЖАТЬ,10,slovo_dictionary,synth_200,synthetic
КНИГА ЧУВСТВОВАТЬ ПОЗДНО О БУДУ РАССТРОЙСТВО ТИГР ВЕЖЛИВЫЙ ЛИЧНЫЕ КАЧЕСТВА ЧЕЛОВЕК,10,slovo_dictionary,synth_201,synthetic
ПОГОДА РАДОСТЬ НЕВИНОВНЫЙ ОСТОРОЖНЫЙ РУЧКА,5,slovo_dictionary,synth_202,synthetic
РВЕНОСТЬ ЗАМУЖЕМ ЯСНЫЙ МИЛЫЙ РАЗЛИЧНЫЙ ВОСХОД СОЛНЦА,6,slovo_dictionary,synth_203,synthetic
НАВСЕГДА ЗАВАРОЧНЫЙ ЧАЙНИК ЛИЧНЫЕ КАЧЕСТВА НЕ,4,slovo_dictionary,synth_204,synthetic
ОДЕРЖИМЫЙ НЕМНОГО ИНОСТРАННЫЙ СЕВЕР СКУЧНЫЙ ТАМ,6,slovo_dictionary,synth_205,synthetic
ВАЖНЫЙ ОТЛОЖЕННЫЙ БРАТ,3,slovo_dictionary,synth_206,synthetic
НЕДОБРЫЙ АГРЕССИВНЫЙ ЛЯГУШКА ПУТЕШЕСТВИЕ ОЖИВЛЕННЫЙ ПРОДЛЕВАТЬ Я,7,slovo_dictionary,synth_207,synthetic
ВОЗМОЖНО ИСТЕРИК СОЖАЛЕНИЕ НЕПРЕКЛОННЫЙ МОЧЬ ЛЕВ БЫТЬ ПОТРЯСЕННЫМ ЧАСТО ПРЕДЛОЖИТЬ ТОСТ ЧАС,10,slovo_dictionary,synth_208,synthetic
КРЫЛО АЛЛЕРГИЯ НА ЕДУ СЕМНАДЦАТЬ НЕ ВЫНОСИТЬ СНАЧАЛА,5,slovo_dictionary,synth_209,synthetic
МИНИМУМ СОЖАЛЕНИЕ ВЕРБЛЮД,3,slovo_dictionary,synth_210,synthetic
РАЗДРАЖАТЬ ВЕРИТЬ БОЛЬШЕ ИХ ОТВРАТИТЕЛЬНЫЙ ВСЕГДА НУЖДАТЬСЯ БУТЫЛКА,8,slovo_dictionary,synth_211,synthetic
ЕСТЬ Ъ ЕЩЕ НЕТ НАШЕСТВИЕ ВОЗБУЖДЕННЫЙ ЗРЕЛИЩНЫЙ СКВОЗЬ ЗОЛОТОЙ,8,slovo_dictionary,synth_212,synthetic
ДИНОЗАВР ГОРЬКИЙ ОШИБКА Б МЫШЬ ПУТЕШЕСТВОВАТЬ ВЕЩЬ ПОДНОС БРЮЗЖАТЬ,9,slovo_dictionary,synth_213,synthetic
КРАТКИЙ СОМНЕВАТЬСЯ ЗАПАД НЕЖНЫЙ УВЕРЕННЫЙ,5,slovo_dictionary,synth_214,synthetic
ВЗЯТЬ ЯЗЫК ВЕСНА СКВОЗЬ ЖИТЬ НАКОНЕЦ-ТО ОПЯТЬ СОМНЕВАТЬСЯ МОТИВАЦИЯ,9,slovo_dictionary,synth_215,synthetic
ПОДНОС ТЕРПЕНИЕ ВИНА ЛАНЧ ВОЗБУЖДАТЬ ПОСЛЕДНИЙ,6,slovo_dictionary,synth_216,synthetic
ПОЛУЧИТЬ ЗВУК ХЛЕБ КОШКА ПРЕДАННЫЙ ЭТИ ОТВРАТИТЕЛЬНЫЙ ШУМ ПОСЛЕ МИГРАЦИЯ,10,slovo_dictionary,synth_217,synthetic
ПАУК КОРОНА СИНИЙ БРЮЗЖАТЬ НРАВИТЬСЯ,5,slovo_dictionary,synth_218,synthetic
ЧАС ДЕЛЬФИН ОСТАВИТЬ ОТВРАТИТЕЛЬНЫЙ ЛОСЬ ЦЕНА,6,slovo_dictionary,synth_219,synthetic
ТОЧНО ЗРЕЛИЩНЫЙ ТЕБЕ ЗАВИСТЬ ОБЛАДАТЬ КАФЕТЕРИЙ ГРУСТНЫЙ ЗАМУЖЕМ ОДИНОКИЙ НОСОРОГ,10,slovo_dictionary,synth_220,synthetic
СНАЧАЛА ОБЕДАТЬ ПАУК КАНУН ВЧЕРА ГЕНИЙ ПЯТНИЦА СКОЛЬКО КРОЛИК,9,slovo_dictionary,synth_221,synthetic
ГЛОТАТЬ СЕРЫЙ ТЁМНЫЙ ОБЛЕГЧЕНИЕ,4,slovo_dictionary,synth_222,synthetic
ЖИТЬ СМЕЯТЬСЯ ОЗАБОЧЕННЫЙ РЫЧАТЬ СКАЗАТЬ ГЛУПЫЙ С МОЙ ЕЖЕДНЕВНЫЙ НЕДОБРЫЙ,10,slovo_dictionary,synth_223,synthetic
НЕМЕДЛЕННЫЙ ЛОСЬ СТРОГИЙ ЖДАТЬ ЗЛОСТЬ О ПЕРЕВАРИВАНИЕ,7,slovo_dictionary,synth_224,synthetic
ПЛАВНИК ЗАКОНЧИТЬ ГОД НАЧИНАТЬ ДУМАТЬ ДАТЬ ДОЧЬ,7,slovo_dictionary,synth_225,synthetic
ИСПУГ ГОРДОСТЬ ВЕСНА ОТРИЦАТЕЛЬНЫЙ ВСЕГДА ПИНГВИН ВОРОТНИК ПЯТЬ ВНИЗУ ОБЪЕКТИВНЫЙ,10,slovo_dictionary,synth_226,synthetic
ЕХАТЬ СРАЗУ КОРОТКИЙ ГЛАЗ САМООБМАН ОБЕЩАТЬ,6,slovo_dictionary,synth_227,synthetic
ВВЕРХ ТЕРЯТЬ ПТИЦА ТВОЙ,4,slovo_dictionary,synth_228,synthetic
ОСЕЛ 7:45 БЛЕДНЫЙ БЕСПОКОЙНЫЙ ИЗУЧИТЬ ГОРЮЮЩИЙ ГРЯЗНЫЙ РОЗОВЫЙ,8,slovo_dictionary,synth_229,synthetic
ЧАСЫ И ПОЗВОНИТЬ НА СЕРВИС,3,slovo_dictionary,synth_230,synthetic
ТЁМНЫЙ МИЛЕНЬКИЙ УЛИЦА КОТОРЫЙ КРАСНЫЙ БЕЗ КОРМИТЬ ЖЕВАТЬ А ГАВКАНЬЕ,10,slovo_dictionary,synth_231,synthetic
НЕДОВОЛЬНЫЙ ПОДЛИННЫЙ ВЕРХ В НАСТОЯЩЕЕ ВРЕМЯ ГОРЬКИЙ РЫБА ВЕРИТЬ,7,slovo_dictionary,synth_232,synthetic
НАЛОГ ДЕТСКИЙ СВОБОДНЫЙ КОПЫТО ПРЕДЛОЖИТЬ БРАТ ИНТЕРЕСНЫЙ ВСТРЕТИТЬ,8,slovo_dictionary,synth_233,synthetic
СКОРО ДРУГ ХОРОШО МОЛОДОЙ,4,slovo_dictionary,synth_234,synthetic
ЖИЗНЬ СЗАДИ ВСЁ ЧАСТЬ БЛАГОДАРНОСТЬ,5,slovo_dictionary,synth_235,synthetic
ВДОХНОВЕНИЕ ПЯТЬСОТ НЕМЕДЛЕННО РАЗДРАЖАТЬ ОСЕЛ ВОСХИЩЕНИЕ ОТКРЫТЬ СЛАБОСТЬ,8,slovo_dictionary,synth_236,synthetic
ОБЪЯТИЕ КОМАР ПРОЗРАЧНЫЙ ПАУЧЬЯ СЕТЬ ЧЕТЫРНАДЦАТЬ НАЧИНАТЬ ТОГДА РАННИЙ НАЙТИ ЖАДНЫЙ,10,slovo_dictionary,synth_237,synthetic
ОДЕРЖИМЫЙ СЛЫШАТЬ ИМ РЕДКО НАШ МЕЖДУ НОЯБРЬ ЦЕЛЫЙ,8,slovo_dictionary,synth_238,synthetic
ТРИСТА ПРОДАТЬ ОСТАВИТЬ НРАВСТВЕННОСТЬ ВИЛЯТЬ Э БУМАГА СКУЧНЫЙ СОБАЧИЙ ДОМИК МАЛЬЧИК,10,slovo_dictionary,synth_239,synthetic
САМОАНАЛИЗ ПОГОДА МОДНЫЙ ЭТИ СУМКА МОЙ ПРОНЫРА ПРЕЗРЕНИЕ ДОМОГАТЬСЯ БОЮСЬ,10,slovo_dictionary,synth_240,synthetic
ОТКЛАДЫВАТЬ СМЕЛОСТЬ ОСТОРОЖНЫЙ БЫСТРО ПОДАВЛЕННЫЙ КУРИЦА ВОЗБУЖДАТЬ НУЖДАТЬСЯ СТОРОНА КОГОТЬ,10,slovo_dictionary,synth_241,synthetic
НАИВНЫЙ ЗАБЫТЬ ДЕВОЧКА ПЯТНИЦА ЖЁЛТЫЙ НЕЛОВКИЙ; НЕУКЛЮЖИЙ МЫТЬ,7,slovo_dictionary,synth_242,synthetic
ТЕМНОТА ПРОТИВ ВИЛКА НАЧАТЬ БЫСТРО ОТРИЦАТЕЛЬНЫЙ ЗАПАСЛИВЫЙ БЕГЕМОТ ВЕСЁЛЫЙ,9,slovo_dictionary,synth_243,synthetic
ШЕСТОЙ АДАПТИВНОЕ ПОВЕДЕНИЕ КУВШИН ЧАСТО МОЧЬ ПОДРУГА КАРТИНА НАКРЫВАТЬ НА СТОЛ ПЯТЬСОТ,9,slovo_dictionary,synth_244,synthetic
ИНИЦИАТИВА МОЧЬ ЛИТЬ ОБЕСПОКОЕННЫЙ ПЕРЕВАРИВАТЬ ТРИСТА ЗАВИСТЬ ИМПУЛЬС СОЖАЛЕТЬ,9,slovo_dictionary,synth_245,synthetic
БОЛИТ ВАЖНЫЙ ЖДАТЬ КОРИЧНЕВЫЙ ДВЕ ТЫСЯЧИ ТОЛЬКО ПАВЛИН ПРИБЫВАТЬ К СУХОЙ,10,slovo_dictionary,synth_246,synthetic
ЖИЗНЬ УЖАСНЫЙ РАССЕЯННЫЙ ДЕКАБРЬ ПРОДЛЕНИЕ,5,slovo_dictionary,synth_247,synthetic
ТЕ ЕХАТЬ ШЕСТЬ ЖЕЛАНИЕ ПРИВЫК ЭТОТ,6,slovo_dictionary,synth_248,synthetic
ЗЛОЙ СЮРПРИЗ НЕРАСКРАШЕННЫЙ ВИДЕТЬ ОЧЕНЬ СКУЧАЮЩИЙ КАРТИНА ОДИН ОБЪЕКТИВНЫЙ,9,slovo_dictionary,synth_249,synthetic
ПРОВЕРИТЬ ВКУС ЯСНЫЙ РЫБА,4,slovo_dictionary,synth_250,synthetic
ВНУТРЕННЕЕ ОБМАНЧИВОСТЬ ЗЛОСТЬ,3,slovo_dictionary,synth_251,synthetic
ЧЕМОДАН ЦЕНА ИГРАТЬ ОШЕЛОМИТЬ ПИСАТЬ СУХОЙ БИЛЕТ ТЕПЕРЬ ОДИНОКИЙ ОТВРАЩЕНИЕ,10,slovo_dictionary,synth_252,synthetic
БЛАГОДАРНОСТЬ ГОРДОСТЬ ПРАГМАТИЧНЫЙ ВИЛЯТЬ БЫСТРЫЙ КРАТКИЙ,6,slovo_dictionary,synth_253,synthetic
ПЯТЬДЕСЯТ КУВШИН ГЛАЗ,3,slovo_dictionary,synth_254,synthetic
ДЯТЕЛ МАЛЬЧИК НАХАЛЬНЫЙ,3,slovo_dictionary,synth_255,synthetic
ЖУТКИЙ ПРОДЛЕВАТЬ ЖИЗНЬ ДВА ЧЕМОДАН ЗНАЧИТЬ,6,slovo_dictionary,synth_256,synthetic
БРАТ МЕНЯ ВСПОМНИТЬ ОТВРАТИТЕЛЬНЫЙ ПОМЕСЬ НАЛОГ ОРЕЛ ЕЖИК ВОЗРАДОВАТЬСЯ ЖАЛОСТЬ,10,slovo_dictionary,synth_257,synthetic
ГОРДЫЙ СЕГОДНЯ СВЕТ ПЧЕЛА СТРАДАНИЕ ДОЛЖЕН СЕРЫЙ ПИСАТЬ ПУТЕШЕСТВИЕ,9,slovo_dictionary,synth_258,synthetic
ТЕПЕРЬ ЗЕЛЁНЫЙ РАССТРОЙСТВО БЕЖЕВЫЙ ПРЕДПОЧИТАТЬ УЖАСНЫЙ ТОЧНО ВРЕМЯ,8,slovo_dictionary,synth_259,synthetic
ОПЫТНЫЙ МЫТЬ ВЕСЕННЯЯ РАД ОБА РАССЕЯННЫЙ АДАПТИВНЫЙ,7,slovo_dictionary,synth_260,synthetic
ЛЯГУШКА СЧАСТЬЕ НИКТО ОДЕРЖИМЫЙ ВРЕД ЦВЕТА КРЫЛО ПЛОХО,8,slovo_dictionary,synth_261,synthetic
КУСАТЬ ПЕТУХ ОБЪЕКТИВНЫЙ ПОЛУЧИТЬ КРАСИВЫЙ,5,slovo_dictionary,synth_262,synthetic
МНЕ МЫ ШУТИТЬ ПРИВЕТ! 7:45 СЫН,6,slovo_dictionary,synth_263,synthetic
ЭТОТ ЗАСТЕНЧИВЫЙ ПЛАТИТЬ ВНИЗУ ОТЧАЯННЫЙ НЕСЧАСТЬЕ ЛЯГУШКА ДА,8,slovo_dictionary,synth_264,synthetic
ВНУТРЕННЕЕ ЧЕТЫРНАДЦАТЬ ФУТБОЛ МГНОВЕНИЕ БЕГЕМОТ ОТЧАЯТЬСЯ ТЕБЯ ЧУЖОЙ БЫТЬ ПОТРЯСЕННЫМ ПЯТЬ,10,slovo_dictionary,synth_265,synthetic
ИНИЦИАТИВА ОКОЛО ВНИЗУ ОЖИДАТЬ Ц АВГУСТ КОРОНА ОСОБЕННО ОДНАЖДЫ,9,slovo_dictionary,synth_266,synthetic
БОЛЬШОЙ АДАПТИВНОСТЬ ЛЕТО БЕЗОПАСНЫЙ КОГДА ДВЕНАДЦАТЬ СОБАКА СВЕРХУ,8,slovo_dictionary,synth_267,synthetic
ИМЕТЬ ДЕЛЬФИН Т ЖЁСТКИЙ РАБОТАТЬ ВРАЖДЕБНЫЙ ДОБРОПОРЯДОЧНОСТЬ ОТЛОЖИТЬ ЦВЕТА,9,slovo_dictionary,synth_268,synthetic
ДОСТАТОЧНО ВКУС НАИВНЫЙ,3,slovo_dictionary,synth_269,synthetic
ДИСТРЕСС ЗЕЛЁНЫЙ ИНТЕЛЛЕКТУАЛЬНЫЙ ВЕСЕЛЫЙ ЗУБЫ ПЕРЕВОДИТЬ,6,slovo_dictionary,synth_270,synthetic
ОТЧАЯННЫЙ РАЗЛИЧНЫЙ СКОРБЕТЬ ЗЛОБНЫЙ,4,slovo_dictionary,synth_271,synthetic
ДЕВЯНОСТО СУМАТОХА СЧАСТЬЕ РАССЕЯННЫЙ ЖЕНСКИЙ ТУАЛЕТ БЕЗ РАБ,7,slovo_dictionary,synth_272,synthetic
ЛЕГКИЙ ИМПУЛЬС ДЕСЯТЬ Т В БЛИЗКО КРАСНЫЙ,7,slovo_dictionary,synth_273,synthetic
ОДЕРЖИМЫЙ СОРОК ПРИЛИЧНЫЙ БЕСПОКОЙНЫЙ ОТЛОЖИТЬ ДЕЛАТЬ МЕЛКИЙ ГЛОТОК ЯСНЫЙ ОТВРАЩЕНИЕ ПИТЬ ПОВАР,10,slovo_dictionary,synth_274,synthetic
РОЗОВАТО-ЛИЛОВЫЙ ПОСТОЯННЫЙ ЗАПОЗДАЛЫЙ СЕСТРА ТЕБЯ СЮРПРИЗ СМЕХ КАФЕ,8,slovo_dictionary,synth_275,synthetic
ЕСЛИ ВОПРОС КОМАР ИЛИ УЖАСНЫЙ ИЗНОШЕННЫЙ ПОЛНЫЙ ДА,8,slovo_dictionary,synth_276,synthetic
ДЕВЯНОСТО ПЕЧАЛЬ ДЛИННЫЙ РАБ СЛЕДУЮЩИЙ ЛУЧШЕ ДОБРОТА,7,slovo_dictionary,synth_277,synthetic
ВЕЖЛИВЫЙ ЛЮБОПЫТНЫЙ КЛЮЧ ЖЁСТКИЙ,4,slovo_dictionary,synth_278,synthetic
ВОСЕМНАДЦАТЬ ОСТАВИТЬ КОШКА ПОЗДНИЙ ВЗЯТЬ СЮРПРИЗ БУТЫЛКА,7,slovo_dictionary,synth_279,synthetic
В СПЕШКЕ ХЛЕБ ПРАВЫЙ РЕБЁНОК МЕДВЕДЬ,5,slovo_dictionary,synth_280,synthetic
Ц П МУЖСКОЙ ТУАЛЕТ,3,slovo_dictionary,synth_281,synthetic
ВЕСЕЛИТЬСЯ ПАМЯТЬ ОБЫЧНО ГРУСТНЫЙ ПРЕЗРЕНИЕ ТВЕРДЫЙ ВЛЮБЛЕННЫЙ ДВАДЦАТЬ ЗАКАЗЫВАТЬ ВНУТРЕННЕЕ,10,slovo_dictionary,synth_282,synthetic
КУБОК ЛЕЧЬ ВИТАМИН КЛЮЧ ЧЕЛОВЕК КРОТОСТЬ ЖЕНАТ НРАВИТЬСЯ,8,slovo_dictionary,synth_283,synthetic
Л ВОЗМОЖНЫЙ ПЕРЕД МОДНЫЙ ОБЕСПОКОЕН,5,slovo_dictionary,synth_284,synthetic
РЫБА ВЛЮБИТЬСЯ ПОЗОР ЗАБОТА ДОБРОТА СВЕРХУ НАЛОГ,7,slovo_dictionary,synth_285,synthetic
САМООБМАН ЗАПОЗДАЛЫЙ ПОСЛУШНЫЙ БЫТЬ ПОТРЯСЕННЫМ БЕЗРАЗЛИЧИЕ СЕРДИТЫЙ НОСОРОГ,7,slovo_dictionary,synth_286,synthetic
ДЕЛАТЬ ВЫВОДЫ ПРИНЕСТИ ПОКАЗАТЬ ПАУК ТРИ ТЫСЯЧИ БЫСТРЫЙ ОТВЕТСТВЕННЫЙ ЗЛОБНЫЙ ЕЖИК ПОЛОЖИТЕЛЬНЫЙ,10,slovo_dictionary,synth_287,synthetic
КАРТИНА ЖАЛОСТЬ Д КРАСНЫЙ БЫВШИЙ ВЕСНА,6,slovo_dictionary,synth_288,synthetic
Ь БАБОЧКА ОТЕЦ ИЛИ,4,slovo_dictionary,synth_289,synthetic
НЕЖНЫЙ ШУТИТЬ ВРЕМЯ 11 ЧАСОВ ПОНЯТЬ,4,slovo_dictionary,synth_290,synthetic
НАЗНАЧЕННОЕ ВРЕМЯ КАРАНДАШ МЕДУЗА МЕРТВЫЙ БОЛЬ ЕЩЕ НЕТ МАЛЬЧИК ТРИ ТЫСЯЧИ НРАВСТВЕННОСТЬ,9,slovo_dictionary,synth_291,synthetic
НЕСКОЛЬКО ЧУДЕСНЫЙ ОСЕНЬ ВОСХИЩАТЬСЯ ОСТРОУМИЕ ВОРОТНИК АККУРАТНЫЙ,7,slovo_dictionary,synth_292,synthetic
КРЕСТ ТЕБЯ ТЫ ИХ ЗАБРАТЬ КРЫЛО,6,slovo_dictionary,synth_293,synthetic
АМБИЦИОЗНЫЙ АЛЛЕРГИЯ НА ЕДУ ЛЕБЕДЬ РЕСТОРАН ДВЕ ТЫСЯЧИ РЫЧАТЬ ТОГДА РОЗОВАТО-ЛИЛОВЫЙ ЗИМА ШЕСТНАДЦАТЬ,10,slovo_dictionary,synth_294,synthetic
НАВЕРХУ ВАШ ЧЕТЫРЕСТА ТРИ ТЫСЯЧИ ЛЕТО,5,slovo_dictionary,synth_295,synthetic
ЕЩЕ ЛУЧШИЙ БЛАГОГОВЕНИЕ НЕУДОБСТВО,4,slovo_dictionary,synth_296,synthetic
ВСЁ НАД ОДИННАДЦАТЬ СТАРЫЙ,4,slovo_dictionary,synth_297,synthetic
ДИКОЕ ЖИВОТНОЕ ОТЛИЧНЫЙ ЗРЕЛИЩНЫЙ РАДОСТНЫЙ БОЛИТ,5,slovo_dictionary,synth_298,synthetic
ТЕПЕРЬ ЗАСТЕНЧИВЫЙ К БАШЕННЫЕ ЧАСЫ,4,slovo_dictionary,synth_299,synthetic
Д ВНИЗУ ОТТЕНОК ЛЕТУЧАЯ МЫШЬ,4,slovo_dictionary,synth_300,synthetic
ДОВОЛЬСТВО ТОЖЕ НОГА МЕСТО ДРУГОЙ ПОГОДА ПОСЛУШНЫЙ ПОЗОР ИМЕТЬ,9,slovo_dictionary,synth_301,synthetic
МИНУТА БЕСПОКОЙНЫЙ ВНУТРЕННЕЕ БЕЗРАЗЛИЧИЕ ОСТАВИТЬ СЛИШКОМ НРАВИТЬСЯ ОДНОВРЕМЕННОСТЬ,8,slovo_dictionary,synth_302,synthetic
С ТЕХ ПОР КАК РОГА ЛАНЧ ДРУЖЕЛЮБНЫЙ РАЗЪЯРЕННЫЙ МОТИВИРОВАТЬ ИНОСТРАННЫЙ МУЖЕСТВЕННОСТЬ,8,slovo_dictionary,synth_303,synthetic
ВОСКРЕСЕНЬЕ АМБИЦИОЗНЫЙ НАЗАД СРЕДА ОБЕЩАТЬ ЧЕТВЕРГ,6,slovo_dictionary,synth_304,synthetic
СЕГОДНЯ ЛУЧШИЙ СМОТРЕТЬ ЛЕЖАТЬ НАЧАЛО Ъ СЧАСТЬЕ РЫДАТЬ,8,slovo_dictionary,synth_305,synthetic
РАНО КОРИЧНЕВЫЙ ЛОПАТА ПОСТЕПЕННО НЕНАВИДЕТЬ ЕЩЕ НЕТ ЛИСА СМОТРЕТЬ АГРЕССИВНЫЙ,9,slovo_dictionary,synth_306,synthetic
СКАЗАТЬ МОТИВАЦИЯ ТЫ ОКОЛО НЕПРИЯТНЫЙ ЗАКУСКА ПЕРЕД ЕДОЙ КОШКА КРЫЛО,8,slovo_dictionary,synth_307,synthetic
ВЫРУЧИТЬ ЕСЛИ ИНТЕЛЛЕКТУАЛЬНЫЙ БЛИЗКО НЕВОЗМОЖНЫЙ ПРЕДАННЫЙ СОМНЕВАТЬСЯ МЕЖДУ ПОЛЗАНЬЕ МЫ,10,slovo_dictionary,synth_308,synthetic
КРАТКИЙ ТОГДА НОВОСТИ КРЕВЕТКА ДВАЖДЫ ЖАЖДУЩИЙ АРОМАТНЫЙ,7,slovo_dictionary,synth_309,synthetic
ДЕВЯТЬ УГРЮМЫЙ ГОЛОДНЫЙ НЕУВАЖЕНИЕ,4,slovo_dictionary,synth_310,synthetic
БАНКЕТ РАННИЙ ПЕРЕВАРИВАТЬ УДИВЛЁН ВОСХИЩЕНИЕ ОШИБКА ПОЧЕМУ ДЕВОЧКА НАЧИНАТЬ ВОДОПЛАВАЮЩЕЕ,10,slovo_dictionary,synth_311,synthetic
ШУТИТЬ БЛАГОПОЛУЧИЕ ДОБРОПОРЯДОЧНОСТЬ НЕСКОЛЬКО ПОЛУЧИТЬ,5,slovo_dictionary,synth_312,synthetic
СЕВЕР ЦВЕТ РАССЛАБИТЬСЯ РЕБЯЧЕСКИЙ ОБЫЧНО,5,slovo_dictionary,synth_313,synthetic
ДВАЖДЫ ОСТОРОЖНЫЙ СЧАСТЛИВЫЙ,3,slovo_dictionary,synth_314,synthetic
6 ЧАСОВ Й НОЧЬ ДОВОЛЬНО,4,slovo_dictionary,synth_315,synthetic
ЧУДЕСНЫЙ УДИВЛЁН КРОКОДИЛ ЛЕВ НОВЫЙ ГОД ВЫСОКОМЕРНЫЙ КРАТКИЙ ПОКРАСНЕТЬ,9,slovo_dictionary,synth_316,synthetic
МОДНЫЙ КАРТИНА ПРИВЫК ГЛОТАТЬ ЖАДНО ДЕСЯТЬ ЛЕВЫЙ СЕВЕР ШЕСТЬДЕСЯТ ОБУЧАТЬ,9,slovo_dictionary,synth_317,synthetic
ИСПОЛЬЗОВАТЬ РЫЧАНИЕ ЗАБРАТЬ ИМЯ СЕМНАДЦАТЬ СЗАДИ ФИОЛЕТОВЫЙ МЕСЯЦ КЛЕТКА,9,slovo_dictionary,synth_318,synthetic
ЖУТКИЙ СЕДЬМОЙ ОРАНЖЕВЫЙ СУМКА ДЕВЯТЬСОТ,5,slovo_dictionary,synth_319,synthetic
ПО ЧАСАМ СТЫДНО ОХОТНО НЕОБХОДИМЫЙ МИР ПРОДЛЕНИЕ,6,slovo_dictionary,synth_320,synthetic
ВРЕМЯ ОБНИМАТЬ СЛОН А ВОСХОД СОЛНЦА АГРЕССИВНЫЙ,6,slovo_dictionary,synth_321,synthetic
ПРОВЕРИТЬ НАСЕЛЯТЬ КУСАТЬ АКУЛА ПОПУГАЙ,5,slovo_dictionary,synth_322,synthetic
ПРЕЗИРАТЬ СОРОК ЦВЕТОВОЙ ОТТЕНОК МОЙ В ПРОШЛОМ ГОДУ МЕСТО ЛЕТО,7,slovo_dictionary,synth_323,synthetic
НИКТО ИСКАТЬ ДВЕСТИ,3,slovo_dictionary,synth_324,synthetic
ЛЕТУЧАЯ МЫШЬ САМОАНАЛИЗ ПРИВЕТ! ДИНОЗАВР ИСПУГ,5,slovo_dictionary,synth_325,synthetic
ЗАВАРОЧНЫЙ ЧАЙНИК НАЙТИ ЧТО-НИБУДЬ СРЕДА,4,slovo_dictionary,synth_326,synthetic
ВАЖНЫЙ ЗАТЯГИВАТЬ ДЕВЯТЬСОТ СВОБОДНЫЙ,4,slovo_dictionary,synth_327,synthetic
ДВЕ ТЫСЯЧИ ПОЛНЫЙ БЕЗ ПОЧЕМУ НРАВСТВЕННОСТЬ В ЭТОМ ГОДУ СЫН Ш,8,slovo_dictionary,synth_328,synthetic
ЖЕНАТ Д ВРЕМЕННЫЙ ТРУСЛИВО МЕРТВЫЙ ПАВЛИН СОРОК ПОКАЯНИЕ НЕ ГОРДЫЙ,10,slovo_dictionary,synth_329,synthetic
ОДИН ПРЕДПОЧИТАТЬ ПЕТЬ ХОТЕТЬ ДЕЛАТЬ РАССТРОЙСТВО СПРОСИТЬ,7,slovo_dictionary,synth_330,synthetic
МИГРАЦИЯ ПРОНЫРА ЖЕВАТЬ ОБЪЕКТИВНЫЙ ГАЗЕТА СЕРЕБРО СМЕШНОЙ СКОРО ДЕТСКИЙ,9,slovo_dictionary,synth_331,synthetic
СВИНЬЯ ЖИРАФ НЕРАСКРАШЕННЫЙ ДЕВОЧКА ЖАЛОСТЬ АДАПТИВНЫЙ ОБЕСПОКОЕН ЖАЖДА ДОМАШНЕЕ ЖИВОТНОЕ,9,slovo_dictionary,synth_332,synthetic
СМЕЛОСТЬ ОДИН ДОМИНАНТНЫЙ НАВЕРХУ КАНУН МОЛОДОЙ ДЕВЯТНАДЦАТЬ САМООБМАН НАШЕСТВИЕ АГРЕССИВНЫЙ,10,slovo_dictionary,synth_333,synthetic
УЖЕ ОТТЕНОК СМИРИТЬСЯ ДЕЛАТЬ ТРИ ТЫСЯЧИ СОГЛАСНО ЖЁЛТЫЙ,7,slovo_dictionary,synth_334,synthetic
СЕРДИТЫЙ ДРУГ ВОЗМОЖНЫЙ БЕЖЕВЫЙ СТРАДАНИЕ ТОЖЕ МАЛЬЧИК ОБРАЗОВАННЫЙ ПЯТНИЦА,9,slovo_dictionary,synth_335,synthetic
ВЕЧЕР СЧАСТЬЕ РОЗОВАТО-ЛИЛОВЫЙ БУМАГА ЦВЕТА ВЧЕРА ДОЛЖЕН НЕРВНЫЙ ТВЕРДЫЙ КРАСНЫЙ,10,slovo_dictionary,synth_336,synthetic
БЫК ПТИЦА ПРИРУЧЕННЫЙ ОПАСНЫЙ СНАЧАЛА ЖЕЛАНИЕ СЕДЬМОЙ,7,slovo_dictionary,synth_337,synthetic
ЗАБОТА ПЛАКАТЬ ВЕРИТЬ ГОТОВЫЙ БУТЫЛКА НЕРАСКРАШЕННЫЙ ПЕЧАЛЬ,7,slovo_dictionary,synth_338,synthetic
ДОМИНИРУЮЩИЙ ВСКРУЖИТЬ НРАВИТЬСЯ ТОТ ГРУБЫЙ ЛЮБОПЫТНЫЙ РАД СТРАСТЬ ТЕПЕРЬ ВЫСОКИЙ,10,slovo_dictionary,synth_339,synthetic
САРКАЗМ НИКОГДА КРОМЕ ПРИВЕЗТИ РЕБЯЧЕСКИЙ ПЛАВНИК ПРОЩАНИЕ НАДЕЖДА ДВЕНАДЦАТЫЙ СЕРЕБРО,10,slovo_dictionary,synth_340,synthetic
ПРИВЫК ДЕВЯТЫЙ НЕМЕДЛЕННО,3,slovo_dictionary,synth_341,synthetic
ЛЕЧЬ СЕМНАДЦАТЬ РЫДАТЬ ГОЛОВА В ПРОШЛОМ ГОДУ ШЕСТНАДЦАТЬ,6,slovo_dictionary,synth_342,synthetic
ВЕЗДЕ СОМНЕНИЕ ПОСЫЛАТЬ ЗООПАРК ЧАСТО СЕГОДНЯ ПОЧЕМУ,7,slovo_dictionary,synth_343,synthetic
ВАС ПЕТЬ ПОДРУГА ПРЕНЕБРЕЖЕНИЕ ЧЕТЫРЕ ТЫСЯЧИ 7:45,6,slovo_dictionary,synth_344,synthetic
ВИДЕТЬ СЛИШКОМ СТРАСТЬ ОБЕДАТЬ ЛОШАДЬ ЛЕТУЧАЯ МЫШЬ АГРЕССИЯ НАКРЫВАТЬ НА СТОЛ,8,slovo_dictionary,synth_345,synthetic
БРЮЗЖАТЬ ЖИРАФ ПОКАЯНИЕ ПОЧЕМУ ЧЕРНЫЙ,5,slovo_dictionary,synth_346,synthetic
ДИКОЕ ЖИВОТНОЕ ЭТОТ БЕЗРАЗЛИЧИЕ ЗУБЫ ПРЕЗРЕНИЕ,5,slovo_dictionary,synth_347,synthetic
НОВОСТИ ПОМОЩНИК ПОВАРА БЕЗУМНО,3,slovo_dictionary,synth_348,synthetic
БРЮЗЖАТЬ Ж ОЗАБОЧЕННЫЙ ЦВЕТА ВСЕ,5,slovo_dictionary,synth_349,synthetic
ЖАЛОСТЬ ЖАРКИЙ ДОРОГОЙ ВСЕ ЕЩЕ ДРУЖЕЛЮБНЫЙ ЖАРИТЬ ПАВЛИН,8,slovo_dictionary,synth_350,synthetic
СЕМЬСОТ ДЕНЬГИ ГОД ОВЦА РАССЕРДИТЬСЯ ТОЖЕ КРАСНЫЙ ТЯЖЁЛЫЙ,8,slovo_dictionary,synth_351,synthetic
СТОЙКОСТЬ БЕСПОКОЙСТВО ВТОРНИК БОРОДА ВЫСОКИЙ,5,slovo_dictionary,synth_352,synthetic
РАНО СКРОМНЫЙ ПОЗВОЛИТЬ ОБЛАДАТЬ ПРОДОЛЖИТЬ НАБЛЮДАТЕЛЬНОСТЬ РАСПРЕДЕЛЯТЬ ОТРИЦАТЕЛЬНЫЙ ОСТАВИТЬ,9,slovo_dictionary,synth_353,synthetic
СИЛЬНЫЙ НЕПРОЗРАЧНОСТЬ ВЫИГРЫШ РЫБА МЕЖДУ АДАПТИВНОЕ ПОВЕДЕНИЕ НЕОБХОДИМЫЙ,7,slovo_dictionary,synth_354,synthetic
НЕОБХОДИМЫЙ ПЕРЕВОДИТЬ ТЕ НАПРАВЛЕНИЕ ПРАВЫЙ ТРУДНЫЙ,6,slovo_dictionary,synth_355,synthetic
НОВОСТИ ДОБРЫЙ ИНОСТРАННЫЙ ВЕРНЫЙ ДОВОЛЕН ЯСНЫЙ ЛИЦО ВРЕМЯ ПО ГРИНВИЧУ ЛЕБЕДЬ НРАВИТЬСЯ,10,slovo_dictionary,synth_356,synthetic
РАННИЙ Я ДОЧЬ УЖЕ СТРАСТЬ КЛЮЧ НИКОГДА СТЫДНО,8,slovo_dictionary,synth_357,synthetic
ВТОРНИК МИНИМУМ ЦЕЛЫЙ ЗВЕРЬ ОКТЯБРЬ ЧЕТЫРЕСТА НАВЕРХУ БЕЗУМНО,8,slovo_dictionary,synth_358,synthetic
КАРТИНА СТРАШНЫЙ ПАМЯТЬ ОДНАЖДЫ ЧУДЕСНЫЙ ВОЗМОЖНЫЙ СМЕЛОСТЬ ЗАСТЕНЧИВЫЙ НАДЕЖДА,9,slovo_dictionary,synth_359,synthetic
ВАШ ДА МОЛОДОЙ ВСЁ РЕБЯЧЕСКИЙ ЦЕНА РАЗРЫДАТЬСЯ ПЛАВНИК ОВЦА,9,slovo_dictionary,synth_360,synthetic
МЕДУЗА АГРЕССИЯ ЛИЧНЫЕ КАЧЕСТВА НАЧИНАТЬ ПОЛУЧИТЬ МЕДВЕДЬ ПЕРО ВОЛ,8,slovo_dictionary,synth_361,synthetic
СТОЙКОСТЬ ПОЛОЖИТЬ БЕЗ ОКТЯБРЬ,4,slovo_dictionary,synth_362,synthetic
МИЛЫЙ СКУЧНЫЙ ПЕРО УПАСТЬ ШУМ,5,slovo_dictionary,synth_363,synthetic
ЧАСТО НАЛОГ ПОВЕРХНОСТНЫЙ СЕРДИТЫЙ РАЗРЫДАТЬСЯ,5,slovo_dictionary,synth_364,synthetic
ГОД СЮРПРИЗ СЗАДИ ЧАСЫ ВЕРОЯТНО РОЗОВЫЙ СУББОТА РАНЕЕ ДРОЖАТЬ,9,slovo_dictionary,synth_365,synthetic
ЕЙ КРЫЛО СТОЙКОСТЬ НАБЛЮДАТЕЛЬНОСТЬ ПОЛОЖИТЬ СОМНЕНИЕ А,7,slovo_dictionary,synth_366,synthetic
КЛЕТКА ЖЕЛТЫЙ КРОТОСТЬ ЕЩЕ НЕТ МОЛОДОЙ СЕДЬМОЙ ГЛОТАТЬ ДВЕНАДЦАТЬ,8,slovo_dictionary,synth_367,synthetic
ВЫСОКОМЕРНЫЙ ДРУГОЙ РУКА ВОСХИЩЕНИЕ ВДОХНОВЕНИЕ НАЧАТЬ ПЕРЕВАРИВАТЬ,7,slovo_dictionary,synth_368,synthetic
АДАПТИВНОСТЬ ДРУЖЕЛЮБНЫЙ РАДОСТЬ ДЕВОЧКА ДВЕ НЕДЕЛИ,5,slovo_dictionary,synth_369,synthetic
ЗАПОЗДАЛЫЙ УЖАСНЫЙ ВЕСЁЛЫЙ СРЕДА ПРИЕМ ПИЩИ ЖАДНЫЙ ПРЕКРАСНЫЙ,7,slovo_dictionary,synth_370,synthetic
ВЫХОДНЫЕ МЫ ПРАГМАТИЧНЫЙ КУБОК ЛЕВ МИГРАЦИЯ НЕУВАЖЕНИЕ СВЕТ ТВОЙ Б,10,slovo_dictionary,synth_371,synthetic
РАЗГНЕВАННЫЙ СЛЕДОВАЛО НОСОРОГ,3,slovo_dictionary,synth_372,synthetic
ПЯТНИЦА ПЯТЬ ТЫСЯЧ ОСТАНОВИТЬ СЛЫШАТЬ НЕМЕДЛЕННО,5,slovo_dictionary,synth_373,synthetic
ТЁПЛЫЙ ПОСЛУШНЫЙ Ё ЧЕРНЫЙ ЗНАЧИТЬ,5,slovo_dictionary,synth_374,synthetic
ГОРЕ ПОДЛИННЫЙ СИЛЬНЫЙ ПЕРО УЖЕ ВЫИГРЫШ КАЛЕНДАРЬ,7,slovo_dictionary,synth_375,synthetic
ИНИЦИАТИВА ГЕНИЙ КОМНАТА НЕУВАЖЕНИЕ ДЕВЯТЫЙ,5,slovo_dictionary,synth_376,synthetic
АЛЛИГАТОР ДВА НЕПРОЗРАЧНОСТЬ ЛЮБОПЫТНЫЙ Ё,5,slovo_dictionary,synth_377,synthetic
ВСТРЕТИТЬ УЖЕ ДЕВЯТНАДЦАТЬ ЛЕТО ПРЕЗИРАТЬ ПАВЛИН НАС ГОРЕ ПОД ИНОГДА,10,slovo_dictionary,synth_378,synthetic
ТЁМНЫЙ ЛУЧШЕ ПРАГМАТИЧНЫЙ ПЯТНИЦА ВЕЩЬ СВИСТОК ЗНАТЬ НЕЛОВКИЙ; НЕУКЛЮЖИЙ В ПРОШЛОМ ГОДУ,9,slovo_dictionary,synth_379,synthetic
СВИСТОК ЗАТЯГИВАТЬ СЕРЕБРО БЫВШИЙ КРАСИВЫЙ ВИЛКА ПИТЬЕВАЯ ВОДА,7,slovo_dictionary,synth_380,synthetic
СЛЕДУЮЩИЙ ВЫСОКОМЕРНЫЙ ОБМАНЧИВОСТЬ ПАУК МОТИВИРОВАТЬ,5,slovo_dictionary,synth_381,synthetic
ДЕВЯТЬ ГОРЕ РАСПИСАНИЕ НАЧАТЬ ЗООПАРК,5,slovo_dictionary,synth_382,synthetic
ГНЕЗДО ПРОДОЛЖИТЬ ПОДНОС АКУЛА ТАК СЕБЕ НОВЫЙ ДОВОЛЬНО УРОНИТЬ ПРОТИВ ТВЕРДЫЙ,10,slovo_dictionary,synth_383,synthetic
С ДНЕМ РОЖДЕНИЯ ОБУЧАТЬ ОДИННАДЦАТЫЙ ЮГ ПЕРВЫЙ ИМЯ ВОРОТНИК УДИВЛЁН СЛОН СНАЧАЛА,10,slovo_dictionary,synth_384,synthetic
ПОГОДА ПИТЬ ДОВЕРЯТЬ СМЕЯТЬСЯ ЧЕРНЫЙ АГРЕССИЯ СВИНЬЯ ПАУЧЬЯ СЕТЬ 6 ЧАСОВ,9,slovo_dictionary,synth_385,synthetic
ВЕРИТЬ МИГРАЦИЯ СТО БЕЖЕВЫЙ БЛАГОГОВЕНИЕ ОДИНОКИЙ ОТКУПОРИВАТЬ ЦЕЛЫЙ Е,9,slovo_dictionary,synth_386,synthetic
ПУТЕШЕСТВОВАТЬ ПЯТНАДЦАТЬ ВОСЕМЬСОТ ЗАКРЫТЬ ПОЗВОЛИТЬ ПОДЛИННЫЙ У ЧУЖОЙ,8,slovo_dictionary,synth_387,synthetic
ОБЛЕГЧЕНИЕ КНИГА ЖЕНАТ ПОСЫЛАТЬ НАГЛОСТЬ ВАЖНЫЙ ОХОТНО,7,slovo_dictionary,synth_388,synthetic
ОБЪЕКТИВНЫЙ БЕСПОКОИТЬСЯ МЕДВЕДЬ СЛЕДОВАЛО НАЗАД ТВЕРДЫЙ НАДЕЯТЬСЯ КЛЮЧ,8,slovo_dictionary,synth_389,synthetic
ЛЕЖАТЬ ТЕПЕРЬ ВАМ ГРУБЫЙ ОДНАЖДЫ РАБОТАТЬ,6,slovo_dictionary,synth_390,synthetic
АВГУСТ БЫ СЫН БЛИЗКО ДРУЖЕЛЮБНЫЙ НЕПРИЯТНЫЙ ЧУЖОЙ Я ПРАГМАТИЧНЫЙ,9,slovo_dictionary,synth_391,synthetic
МИР СЛЕДОВАЛО РАНО САМОВОСПРИЯТИЕ,4,slovo_dictionary,synth_392,synthetic
И ПОЛОЖИТЬ ШЕСТЬДЕСЯТ СОМНЕНИЕ Ч ДРОЖАТЬ СВЕТ СТРАСТЬ МУДРЫЙ ГЕНИЙ,10,slovo_dictionary,synth_393,synthetic
ВОСКРЕСЕНЬЕ ПИСЬМО ЗВЕРЬ ЖЕНА,4,slovo_dictionary,synth_394,synthetic
МИЛЕНЬКИЙ ВРЕДНЫЙ; ОЗОРНОЙ ХЛЕБ ЗАБЫТЬ ЖЕЛАТЬ,5,slovo_dictionary,synth_395,synthetic
Ю ТЕ НЕРВНЫЙ,3,slovo_dictionary,synth_396,synthetic
СЕМЬДЕСЯТ ВРЕМЯ 11 ЧАСОВ ВЕСЕЛИТЬСЯ ПОКРАСНЕТЬ СЛЫШАТЬ БИЛЕТ ЛЕВ ПРОТИВ ТРИСТА ВОЗРАДОВАТЬСЯ,10,slovo_dictionary,synth_397,synthetic
МГНОВЕНИЕ САМООСОЗНАНИЕ БЫ ПРОНЫРА ДВЕ ТЫСЯЧИ НЕДЕЛЯ ДОМ ДОВЕРЯТЬ ПРИЛИЧНЫЙ,9,slovo_dictionary,synth_398,synthetic
СУХОЙ ГРУСТНЫЙ ДОВОЛЕН ЗОЛОТО ОТВЕТИТЬ ПЯТЫЙ НАИВНЫЙ ТЕМНОТА,8,slovo_dictionary,synth_399,synthetic
ВИТАМИН КАНУН ЛУЧШЕ,3,slovo_dictionary,synth_400,synthetic
КАЛЕНДАРЬ СРОЧНЫЙ НАЧАТЬ ИМЯ ЗАТЯГИВАТЬ,5,slovo_dictionary,synth_401,synthetic
БОЮСЬ ВЕЖЛИВЫЙ С НЕВЕРИЕ УЛИЦА НАДЕЯТЬСЯ ОРАНЖЕВЫЙ Я,8,slovo_dictionary,synth_402,synthetic
ПРЕДАННЫЙ РОГА НЕПРЕКЛОННЫЙ,3,slovo_dictionary,synth_403,synthetic
ПРЕДАННЫЙ ВРЕМЯ ДЛЯ ИЗМЕРЕНИЙ НАКОНЕЦ-ТО,3,slovo_dictionary,synth_404,synthetic
АППЕТИТ СЕМНАДЦАТЬ ИНОСТРАННЫЙ ПРАВША НАПРЯЖЕНИЕ ЗАПАСЛИВЫЙ,6,slovo_dictionary,synth_405,synthetic
МЕЖДУ ТЕМ 7:45 ЧЕТЫРЕ НЕОЖИДАННЫЙ ЗООПАРК ИЗНОШЕННЫЙ ОБЕДАТЬ ВОЗБУЖДЕННЫЙ ПРИВЫК МЕНЯ,10,slovo_dictionary,synth_406,synthetic
СОЖАЛЕНИЕ ПИНГВИН СЕСТРА СУМКА,4,slovo_dictionary,synth_407,synthetic
ИСПУГАННЫЙ ВСЁ ВЕСЕННЯЯ,3,slovo_dictionary,synth_408,synthetic
ВАЖНЫЙ Т АДАПТИВНОСТЬ ВАМ РАБОТАТЬ СЕРЕБРО ВОСТОК,7,slovo_dictionary,synth_409,synthetic
К ПРОДОЛЖИТЕЛЬНОСТЬ ЗВУК МУЖСКОЙ ТУАЛЕТ ЛАНЧ ТВОЙ ЗООПАРК ЖУТКИЙ СЕМЬДЕСЯТ ШУМ,10,slovo_dictionary,synth_410,synthetic
НЕНАВИДЕТЬ ПЛАТИТЬ БОРОДА НАСЕЛЯТЬ ВАМ ШУМ,6,slovo_dictionary,synth_411,synthetic
ЧАСТО НЕМЕДЛЕННЫЙ НЕЛОВКИЙ; НЕУКЛЮЖИЙ ОКУНАТЬ БУДУ МАЛЬЧИК ШКОЛА ВЕСНА ДОБРОПОРЯДОЧНОСТЬ Р,10,slovo_dictionary,synth_412,synthetic
НЕСКОЛЬКО ПРОДУМАННЫЙ СТРОГИЙ ОРАНЖЕВЫЙ ПОКА КОМАР Л ЗЛОЙ ПИСЬМО ГРУСТНЫЙ,10,slovo_dictionary,synth_413,synthetic
ВОПРОС СЕМЬ ИНОГДА ЗЛОБНЫЙ ДЕСЯТЫЙ БАБОЧКА,6,slovo_dictionary,synth_414,synthetic
ЗАМУЖЕМ БЛИЗКО НЕМНОГО ГАВКАНЬЕ КРЕСТ ПЕРЕВАРИВАТЬ СИНИЙ,7,slovo_dictionary,synth_415,synthetic
ПОСЫЛАТЬ МЕДУЗА ДОРОГА ОДНОВРЕМЕННОСТЬ ЗАКУСКА ПЕРЕД ЕДОЙ ЛЕЧЬ ИЗВЕСТНЫЙ СТОРОНА,8,slovo_dictionary,synth_416,synthetic
ЭТОТ КРОМЕ ОТЕЦ Е ЛЕГКИЙ НАКОНЕЦ ПЧЕЛА ВНУТРЕННЕЕ,8,slovo_dictionary,synth_417,synthetic
ЗАДЕРЖИВАТЬ ПОЛОЖИТЬ ОКТЯБРЬ ОДИН ВОЙ КАФЕТЕРИЙ ЦЕНА ПТИЦА ЧАШКА ЛИЧНЫЕ КАЧЕСТВА,10,slovo_dictionary,synth_418,synthetic
ЧИТАТЬ ВЕЧНЫЙ БОЮСЬ ТРИДЦАТЬ ДЕШЁВЫЙ ПУТЕШЕСТВИЕ ОПАСНЫЙ,7,slovo_dictionary,synth_419,synthetic
ДЛИННЫЙ НЕПОСЛУШНЫЙ ПАНДА ОТЕЦ,4,slovo_dictionary,synth_420,synthetic
В ТО ВРЕМЯ КАК ОТРИЦАТЕЛЬНЫЙ ПАМЯТЬ,3,slovo_dictionary,synth_421,synthetic
БИЛЕТ СТОЙКОСТЬ ВЫРУЧИТЬ ПРОДЛЕВАТЬ ВОДА ОКОЛО НАС ВЕСЬ,8,slovo_dictionary,synth_422,synthetic
БЕСПОКОИТЬСЯ КРОКОДИЛ ЖЁСТКИЙ СРЕДА КУБОК БЛИЗКО ЗНАЧИТ,7,slovo_dictionary,synth_423,synthetic
ЗАВТРА НЕ НАПУГАННЫЙ ТРИ ПРАВЫЙ ИЗВЕСТНЫЙ,6,slovo_dictionary,synth_424,synthetic
ЕДА ВОЙ ПРОДЛЕВАТЬ ОДНОВРЕМЕННОСТЬ ВЕРБЛЮД ЖЕНСКИЙ ТУАЛЕТ ОСТАВИТЬ ВОЗБУЖДЕННЫЙ,8,slovo_dictionary,synth_425,synthetic
ВАМ ЖИРАФ НАЛОГ ВЕРОЯТНО,4,slovo_dictionary,synth_426,synthetic
ВЕСЬ ШЕСТНАДЦАТЬ ОСТАНОВИТЬСЯ ВОСЕМНАДЦАТЬ,4,slovo_dictionary,synth_427,synthetic
МОЙ НЕДОВОЛЬНЫЙ РАБ ЖАЖДА ДРУЖЕЛЮБНЫЙ ГАЗЕТА ВЕРХ ТОЧНО ОСТАНОВИТЬСЯ ПРИВЫК,10,slovo_dictionary,synth_428,synthetic
ВРЕДНЫЙ; ОЗОРНОЙ ПРОДОЛЖИТЕЛЬНОСТЬ ЧТО-НИБУДЬ СКОЛЬКО АМБИЦИОЗНЫЙ СВИСТОК В ЭТОМ ГОДУ ВЕСНА БОЯТЬСЯ,9,slovo_dictionary,synth_429,synthetic
ОТВЕТСТВЕННЫЙ АКТИВНЫЙ УТРО ПРИЙТИ СТРОГИЙ КРЫЛО,6,slovo_dictionary,synth_430,synthetic
НАДЕЯТЬСЯ Ч ВЛЮБИТЬСЯ ОСЕЛ ЖДАТЬ ЦЕМЕНТ,6,slovo_dictionary,synth_431,synthetic
ЭТОТ ПРОТИВ СОТЫ ИСКАТЬ Ф КАЛЕНДАРЬ,6,slovo_dictionary,synth_432,synthetic
ДВА ДИНОЗАВР БУДУЩЕЕ СЕВЕР ГОТОВЫЙ ГРУСТНЫЙ ТОРЖЕСТВЕННЫЙ НАЗНАЧЕННОЕ ВРЕМЯ СКУЧАЮЩИЙ ЦЕМЕНТ,10,slovo_dictionary,synth_433,synthetic
СМОТРЕТЬ НАС САМОКОНТРОЛЬ ОСТАНОВИТЬ ВОЗБУЖДЕННЫЙ СОБИРАТЬ НЕМЕДЛЕННЫЙ ИМЕТЬ НЕ,9,slovo_dictionary,synth_434,synthetic
НАПРАВЛЕНИЕ НЕДАВНИЙ ОДЕРЖИМЫЙ,3,slovo_dictionary,synth_435,synthetic
РАССТРОЙСТВО ЧИТАТЬ ПОСТОЯННЫЙ СЧАСТЛИВЫЙ МНЕ РАЗЛИЧНЫЙ КЛЕВАТЬ,7,slovo_dictionary,synth_436,synthetic
ЧТО ТОЧНО РАБ КАНУН КОМАР,5,slovo_dictionary,synth_437,synthetic
ВРЕДНЫЙ; ОЗОРНОЙ РЫБА ЦВЕТ ДОВОЛЬНЫЙ С НАЗАД ВСПОМНИТЬ,7,slovo_dictionary,synth_438,synthetic
РАНЕЕ СЛИШКОМ СВИСТОК ПЧЕЛА ЖЁСТКИЙ БАБОЧКА,6,slovo_dictionary,synth_439,synthetic
ПРИВЕТ! ОКОЛО ГОРОД ЯЗЫК ВИТАМИН ВОЛК ДЕЛЬФИН УЖАСНЫЙ ХОРОШИЙ РАСПИСАНИЕ,10,slovo_dictionary,synth_440,synthetic
МАЛЕНЬКИЙ ПОЗДНИЙ МОТИВИРОВАТЬ СУХОЙ ОБЛАДАТЬ,5,slovo_dictionary,synth_441,synthetic
МУЖЧИНА РОГА ШЕСТОЙ СКВОЗЬ ИСПУГАННЫЙ ГЛУПЫЙ ФИОЛЕТОВЫЙ БЕЗ,8,slovo_dictionary,synth_442,synthetic
ВЗДРАГИВАТЬ МЯТЕЖНЫЙ ПРОТИВ ВСПОМНИТЬ ЖЕЛТЫЙ,5,slovo_dictionary,synth_443,synthetic
ЛИЧНЫЕ КАЧЕСТВА ИНОГДА МОДНЫЙ МИНИМУМ ПОДАВЛЕННЫЙ ВНУТРЕННЕЕ,6,slovo_dictionary,synth_444,synthetic
ИНОГДА С КЛЮВ ЕЩЕ НЕТ ПОНЕДЕЛЬНИК СОМНЕВАТЬСЯ ОСТРЫЙ,7,slovo_dictionary,synth_445,synthetic
ВОЗРАДОВАТЬСЯ ТЕРПЕТЬ ГРЯЗНЫЙ Ъ ТЕРПЕНИЕ ЕЁ БЕЛЫЙ НЕПРИЯТНЫЙ ИНТЕЛЛЕКТУАЛЬНЫЙ ПИСАТЬ,10,slovo_dictionary,synth_446,synthetic
ДВЕ ТЫСЯЧИ БРАТ Н ЯСНЫЙ ПОЗДНО К ВСЕ ЛЕВЫЙ ШУТИТЬ,9,slovo_dictionary,synth_447,synthetic
КРУЖКА ДАТЬ ГНЕВ ИЛИ ИСПУГАННЫЙ ДЕНЬ И НОЧЬ НЕ ВЫНОСИТЬ Э НАЛОГ,9,slovo_dictionary,synth_448,synthetic
ВОЗРАДОВАТЬСЯ ТИГР КОТОРЫЙ ЗИМА ЖАРКИЙ,5,slovo_dictionary,synth_449,synthetic
ОБА ВСЁ НРАВИТЬСЯ СЕМЬДЕСЯТ И ЛЮБОПЫТНЫЙ ВЕРБЛЮД ТОРЖЕСТВЕННЫЙ ДОБРЫЙ СКОРО,10,slovo_dictionary,synth_450,synthetic
АККУРАТНЫЙ ШУМ В СПЕШКЕ ДОВЕРЯТЬ ДОМИНИРУЮЩИЙ ЧУЖОЙ ПРАВША ЧТО ОШИБКА БЕЗОПАСНЫЙ,10,slovo_dictionary,synth_451,synthetic
НЕДЕЛЯ ЖИТЬ ОБЫЧНЫЙ ПАНДА ПОТОМ СОРОК РАДОСТЬ НЕСКОЛЬКО ЗАВТРА ПРОДЛЕНИЕ,10,slovo_dictionary,synth_452,synthetic
ВЕЩЬ ПРОТИВ ИНИЦИАТИВА ТАМ САРКАЗМ ПИТЬ СОГЛАСНО СМЕХ РАЗОЧАРОВАННЫЙ,9,slovo_dictionary,synth_453,synthetic
КОЗА СТРАННЫЙ СМЕЛОСТЬ СМЕЯТЬСЯ ШЕСТНАДЦАТЬ,5,slovo_dictionary,synth_454,synthetic
ПОЛОЖИТЕЛЬНЫЙ НЕОБХОДИМЫЙ ПУТЕШЕСТВОВАТЬ ДОВЕРЯТЬ ЧЕЛОВЕК В СПЕШКЕ РАЗЛИЧНЫЙ,7,slovo_dictionary,synth_455,synthetic
ВЕРИТЬ АККУРАТНЫЙ ХОТЕТЬ МНЕ СТРАСТЬ ПРОДУМАННЫЙ ПИТЬЕВАЯ ВОДА УЖЕ,8,slovo_dictionary,synth_456,synthetic
ПРЕКРАСНЫЙ ЕХАТЬ ВСПОМНИТЬ ЖДАТЬ ОДИНОКИЙ ДЕВЯТЫЙ ДЕВЯТЬСОТ,7,slovo_dictionary,synth_457,synthetic
ОБЕЗЬЯНА ДЕЛАТЬ ЖЕНА ЗООПАРК ОТВЕТИТЬ ЛИЧНЫЕ КАЧЕСТВА НАЗНАЧЕННОЕ ВРЕМЯ НАДЕЖДА БЕЗРАЗЛИЧИЕ,9,slovo_dictionary,synth_458,synthetic
КОРМИТЬ ГОРЬКИЙ ЛЕТУЧАЯ МЫШЬ КРАСНЫЙ Ц ДЯТЕЛ ДВАЖДЫ ПОКАЗАТЬ ПЛАТИТЬ ЯЗЫК,10,slovo_dictionary,synth_459,synthetic
НАЧАТЬ ПОКАЯНИЕ ЧЕТЫРЕ ТЫСЯЧИ РАДОСТНЫЙ ДОЛЖЕН СЧАСТЛИВЫЙ,6,slovo_dictionary,synth_460,synthetic
ОЖИДАЮЩИЙ ЛЕЖАТЬ А ТОРЖЕСТВЕННЫЙ МНЕ ГЕНИЙ ДОМ,7,slovo_dictionary,synth_461,synthetic
СВИСТОК НУЖДАТЬСЯ ШЕСТЬДЕСЯТ ТЫСЯЧА НАПУГАННЫЙ БРЮЗЖАТЬ,6,slovo_dictionary,synth_462,synthetic
ЧЕТЫРЕ ИГРАТЬ СЛЕДУЮЩИЙ,3,slovo_dictionary,synth_463,synthetic
Ц ВВЕРХ КРОЛИК ГЛАЗ РАЗЛИЧНЫЙ ДОВОЛЬНО ДНЕМ,7,slovo_dictionary,synth_464,synthetic
ЛОПАТА ТОЧНО КЛЮВ ПОКА (ЧТО) ПРАГМАТИЧНЫЙ РАДОСТЬ ЯЗЫК,7,slovo_dictionary,synth_465,synthetic
ЧЕТВЕРТЫЙ ВЗЯТЬ ИЗВЕСТНЫЙ ЖИЗНЬ ПРИВЫК ОСТРЫЙ,6,slovo_dictionary,synth_466,synthetic
ВРЕМЯ ПО ГРИНВИЧУ ТВОЙ ЕЩЕ НЕТ ОТВРАЩЕНИЕ ПЛОХОЙ,5,slovo_dictionary,synth_467,synthetic
ПОКА (ЧТО) РУБЛЬ МОЙ ТОЧНО СКУЧНЫЙ ДОВОЛЕН ВЫ СТРАДАНИЕ МУЖЧИНА ПРИВЫК,10,slovo_dictionary,synth_468,synthetic
ПОЛОЖИТЕЛЬНЫЙ ДВАЖДЫ ОБЫЧНЫЙ ЧЕТЫРНАДЦАТЬ ГРУСТНЫЙ ПЯТЬ ТЫСЯЧ Й СРАЗУ,8,slovo_dictionary,synth_469,synthetic
ХОРОШО ВРЕМЯ ПО ГРИНВИЧУ ПАМЯТЬ БЛИЗКО ПОДЛИННЫЙ ПРЕЗИРАТЬ ГОРДЫЙ,7,slovo_dictionary,synth_470,synthetic
ПЫЛЕСОС ВЕЧНОСТЬ ХОТЕТЬ ЛЮБОВЬ КОРМИТЬ ЛЕВ ОЛЕНЬ,7,slovo_dictionary,synth_471,synthetic
АРОМАТНЫЙ СКВОЗЬ ПОКА (ЧТО) ПРАВША ПОДЛИННЫЙ ДВЕ ТЫСЯЧИ 2 ЧАСА,7,slovo_dictionary,synth_472,synthetic
ГОТОВЫЙ НУЖДАТЬСЯ ОБЕЗЬЯНА ЖАРИТЬ РЕБЁНОК ОТКУСЫВАНИЕ ВНИЗУ НАПРАВЛЕНИЕ ВЕРБЛЮД,9,slovo_dictionary,synth_473,synthetic
ИЗМЕНИТЬ СЧАСТЬЕ ПОЧКИ,3,slovo_dictionary,synth_474,synthetic
Ю БЕЗУМНО С ДНЕМ РОЖДЕНИЯ ВОПРОС,4,slovo_dictionary,synth_475,synthetic
ЦВЕТОВОЙ ОТТЕНОК ДОВЕРЯТЬ ДЕЛАТЬ МЕЛКИЙ ГЛОТОК,3,slovo_dictionary,synth_476,synthetic
МИЛЛИОН БУДУ ПОКАЗАТЬ ПЕРЕВОДИТЬ ВЕЧЕР БЛАГОПОЛУЧИЕ МЕДУЗА РАБОТАТЬ ЛЕННОСТЬ КУСОК,10,slovo_dictionary,synth_477,synthetic
ПЛОХОЙ НАШЕСТВИЕ ПРЕНЕБРЕЖЕНИЕ ИСПЫТЫВАТЬ,4,slovo_dictionary,synth_478,synthetic
ДОМИНИРУЮЩИЙ К КОПЫТО ОСТРЫЙ МОТИВАЦИЯ НАМ ЭТОТ,7,slovo_dictionary,synth_479,synthetic
ЯСНЫЙ НАЧИНАТЬ НЕВИНОВНЫЙ СОЖАЛЕТЬ СМЕШНОЙ,5,slovo_dictionary,synth_480,synthetic
ПОЛНЫЙ ЗАЯЦ ЗРЕЛИЩНЫЙ ТРИСТА ГОРДЫЙ,5,slovo_dictionary,synth_481,synthetic
ЗООПАРК БЕЗОПАСНЫЙ ПРЕДПОЧИТАТЬ ИЗМЕНИТЬ ПЕРЕВОДИТЬ ВЕЧЕР ЗАКОНЧИТЬ СМОТРЕТЬ ТЕ СТРАШНЫЙ,10,slovo_dictionary,synth_482,synthetic
ЖЁЛТЫЙ ДОРОГА МОТИВИРОВАТЬ ВОСЕМЬСОТ ЗНАТЬ ПИНГВИН ЕХАТЬ,7,slovo_dictionary,synth_483,synthetic
КОРОВА Щ БЕЗОПАСНЫЙ БЫ ВДОХНОВЕНИЕ ПОЗВОНИТЬ НА СЕРВИС НАЧАЛО,7,slovo_dictionary,synth_484,synthetic
ПРЕДЛОЖИТЬ ДЕВЯТЬСОТ КРЕСТ,3,slovo_dictionary,synth_485,synthetic
ЧУДЕСНЫЙ БЕСПОКОЯЩИЙ ДВЕ ТЫСЯЧИ,3,slovo_dictionary,synth_486,synthetic
БЕЗУМНО ИЗ-ЗА ТРИНАДЦАТЬ С ТЕХ ПОР КАК,4,slovo_dictionary,synth_487,synthetic
МНЕ ВРЕД НАДОЕЛО ДЯТЕЛ,4,slovo_dictionary,synth_488,synthetic
ПРЕКРАСНЫЙ СТРАДАНИЕ ПРОДЛЕВАТЬ ТРУС ГОЛОДНЫЙ ДВЕ НЕДЕЛИ,6,slovo_dictionary,synth_489,synthetic
МУРАШКИ ХОТЕТЬ РАБОТАТЬ МНЕ ДОСТАТОЧНО МЕДЛЕННЫЙ САРКАЗМ,7,slovo_dictionary,synth_490,synthetic
СЕМНАДЦАТЬ ПОГОДА ЖАДНЫЙ СТО КРАСНЫЙ НАБЛЮДАТЕЛЬНОСТЬ ТОЧНО Ц,8,slovo_dictionary,synth_491,synthetic
ОБЕЩАТЬ ЖАЛОСТЬ ВОСКРЕСЕНЬЕ ТАЛАНТ ПЕРЕВАРИВАТЬ ОРЕЛ НЕДОБРЫЙ КЛЕВАТЬ КАЛЕНДАРЬ,9,slovo_dictionary,synth_492,synthetic
ШЕСТЬДЕСЯТ ПРИЛИЧНЫЙ НЕДОВОЛЬНЫЙ ДУМАТЬ НАЧИНАТЬ ЖАРКИЙ,6,slovo_dictionary,synth_493,synthetic
ВАС ПОСТОЯННЫЙ НАБЛЮДАТЕЛЬНОСТЬ ОЖИДАТЬ МИНУТА ПРАВЫЙ НАЧИНАТЬ ПОДНОС,8,slovo_dictionary,synth_494,synthetic
ДОМИНИРУЮЩИЙ НИКТО ГОРЕ ИДТИ ВОЗДУХ ОДИННАДЦАТЬ РЫДАТЬ ЖАДНО ЕСТЬ,8,slovo_dictionary,synth_495,synthetic
ВЧЕРА ДВА СОЖАЛЕТЬ КРУЖКА СЕСТРА ТОЧНО И,7,slovo_dictionary,synth_496,synthetic
ПОКАЗАТЬ ЛИТЬ ОТЛОЖЕННЫЙ,3,slovo_dictionary,synth_497,synthetic
Ч ВАЖНЫЙ ИЗ-ЗА ТЕБЯ ВЕРБЛЮД ПОМЕСЬ,6,slovo_dictionary,synth_498,synthetic
ЛИТЬ СЮРПРИЗ ПРЕДУСМОТРИТЕЛЬНЫЙ Щ,4,slovo_dictionary,synth_499,synthetic
ДЕРЖАТЬ ПРОНЫРА ЖАЖДУЩИЙ,3,slovo_dictionary,synth_500,synthetic
МУРАШКИ БЫТЬ ПОТРЯСЕННЫМ ИСПУГАННЫЙ НЕСКОЛЬКО ЛИЧНЫЕ КАЧЕСТВА СЕГОДНЯ,6,slovo_dictionary,synth_501,synthetic
ШУМ ВИТАМИН КОРОВА ДВЕСТИ ДЕЛАТЬ ВЫВОДЫ ГОРДЫЙ,6,slovo_dictionary,synth_502,synthetic
АМБИЦИОЗНЫЙ ЛЮБОВНЫЙ ЖЕЛАТЬ СКУЧАЮЩИЙ ОТВРАТИТЕЛЬНЫЙ ДЕЛЬФИН ВЕЛИКИЙ ОЖИДАТЬ,8,slovo_dictionary,synth_503,synthetic
ЗАКУСКА ПЕРЕД ЕДОЙ ЖЕНСКИЙ ТУАЛЕТ ПОЗДНО Р БЫК КРАСНЫЙ,6,slovo_dictionary,synth_504,synthetic
ГЕНИЙ Ш ГНЕЗДО ПАУК ВТОРОЙ,5,slovo_dictionary,synth_505,synthetic
САРКАЗМ ЧТО-НИБУДЬ ПРОДАТЬ ДОМИНИРУЮЩИЙ С ДНЕМ РОЖДЕНИЯ ОСЕНЬ ТЕПЕРЬ РАССТРОЙСТВО СЕВЕР ЖИВОТНОЕ,10,slovo_dictionary,synth_506,synthetic
ЖАРИТЬ КОНЕЧНО УВЕРЕН,3,slovo_dictionary,synth_507,synthetic
СТОЙКОСТЬ ЕСЛИ ПРИБЫВАТЬ ДЕТСКИЙ НЕВЕРИЕ,5,slovo_dictionary,synth_508,synthetic
К МОЛОДОЙ ПЕРЕВАРИВАТЬ ЛУЧШЕ ЗАКАЗЫВАТЬ ДО,6,slovo_dictionary,synth_509,synthetic
СЫН ПОКАЗАТЬ ОТЛОЖИТЬ ДРУГОЙ ДО И СУМКА СТОЙКОСТЬ ТРИ ТЫСЯЧИ КРАСИВЫЙ,10,slovo_dictionary,synth_510,synthetic
КАРТИНА ВЕЖЛИВЫЙ СРАЗУ,3,slovo_dictionary,synth_511,synthetic
Е ЛЮБИТЬ Ц РОГА ИСПОРЧЕННЫЙ ЖЕВАТЬ ЗНАЧИТ,7,slovo_dictionary,synth_512,synthetic
ОСТАТЬСЯ ВЕРИТЬ ДВЕНАДЦАТЬ ЧАСТЬ РЕЛИГИЯ БОЮСЬ ИЗНОШЕННЫЙ,7,slovo_dictionary,synth_513,synthetic
К МЕНЯ ЛЕННОСТЬ КОРМИТЬ ИНОСТРАННЫЙ ТВЕРДЫЙ,6,slovo_dictionary,synth_514,synthetic
ОБНИМАТЬ НАПУГАННЫЙ ПРОЩАНИЕ СПОКОЙНЫЙ ВЕЩЬ,5,slovo_dictionary,synth_515,synthetic
ПОДОЗРЕВАТЬ ГАЗЕТА РОГА СТРАННЫЙ,4,slovo_dictionary,synth_516,synthetic
М РАДОСТЬ ЧЕЛОВЕК ДОБРОПОРЯДОЧНОСТЬ РАЗОЧАРОВАННЫЙ ВЕРОЯТНО ЛИСА,7,slovo_dictionary,synth_517,synthetic
СЕРДИТЫЙ Щ БЫК ПОЗДНИЙ ДВЕСТИ СЕМНАДЦАТЬ БЕЗУМНО,7,slovo_dictionary,synth_518,synthetic
ОТЧАЯТЬСЯ ПРИВЫК УТРО ПОПУГАЙ,4,slovo_dictionary,synth_519,synthetic
ЗНАЧИТ ЕХАТЬ БЕСПОКОЯЩИЙ,3,slovo_dictionary,synth_520,synthetic
РЫБА Ы В НАСТОЯЩЕЕ ВРЕМЯ ЛЕЧЬ ЛОШАДЬ ГНЕЗДО БЫВШИЙ ТВЕРДЫЙ ДОМАШНЕЕ ЖИВОТНОЕ,9,slovo_dictionary,synth_521,synthetic
ЧЕТЫРНАДЦАТЬ ЖЕВАТЬ ЧЕТЫРЕ ТЫСЯЧИ,3,slovo_dictionary,synth_522,synthetic
СЕСТРА ПЕРЕВАРИВАНИЕ ДЕВЯТЬ ЧАСЫ ДЕСЯТЬ,5,slovo_dictionary,synth_523,synthetic
НАДЕЖДА МОЙ СЕРЫЙ ПРИЯТНЫЙ СЕДЬМОЙ ОКОЛО ПОЧВА ТЕРПЕТЬ,8,slovo_dictionary,synth_524,synthetic
НАМ Х ОБА ПРОЗРАЧНЫЙ ПРИЛИЧНЫЙ Й,6,slovo_dictionary,synth_525,synthetic
ИДТИ ВКУС СЕМНАДЦАТЬ ЖЕЛТЫЙ ДНЕМ ДОРОГА ПИТЬЕВАЯ ВОДА МУЖСКОЙ ТУАЛЕТ СЛАБЫЙ,9,slovo_dictionary,synth_526,synthetic
ДЛИННЫЙ ЧУЖОЙ ГРЯЗНЫЙ,3,slovo_dictionary,synth_527,synthetic
ЖИТЬ СМЕШНОЙ ПРАГМАТИЧНЫЙ ДЕШЁВЫЙ ПРАВША ЧЕТЫРЕСТА БЕГЕМОТ,7,slovo_dictionary,synth_528,synthetic
ОКОЛО ОШАРАШЕННЫЙ НАДЕЖДА НАРОД ОЛЕНЬ,5,slovo_dictionary,synth_529,synthetic
ДВЕ ТЫСЯЧИ ГЛАЗ ТОГДА ВЕЖЛИВЫЙ В НАСТОЯЩЕЕ ВРЕМЯ КУСАТЬ,6,slovo_dictionary,synth_530,synthetic
ДЕНЬ И НОЧЬ НАЛОГ МЕДУЗА ПОСЫЛАТЬ ДИЕТА КЛЮЧ НЕЖНЫЙ ТРИНАДЦАТЬ ПЕРВЫЙ СМЕШНОЙ,10,slovo_dictionary,synth_531,synthetic
МЕРТВЫЙ СВИНЬЯ СТОЙКОСТЬ ПОВЕРХНОСТНЫЙ,4,slovo_dictionary,synth_532,synthetic
ТОЧНО ПОДРУГА ЧТО-НИБУДЬ В НАСТОЯЩЕЕ ВРЕМЯ ДЕРЖАТЬ ВОЗРАДОВАТЬСЯ ТЩЕСЛАВНЫЙ СЛАБОСТЬ БУТЫЛКА,9,slovo_dictionary,synth_533,synthetic
КАФЕТЕРИЙ ЗНАТЬ ИСПОЛЬЗОВАТЬ ОСТАНОВИТЬСЯ ДО,5,slovo_dictionary,synth_534,synthetic
ПЛАТА ЗА ВХОД ОРАНЖЕВЫЙ СЛАБЫЙ,3,slovo_dictionary,synth_535,synthetic
ШЕСТЬДЕСЯТ ПОЛУЧИТЬ ПОДРОБНО ВЕСЕННЯЯ ПЕРВЫЙ КНИГА ОБЪЕКТИВНЫЙ,7,slovo_dictionary,synth_536,synthetic
ПОЛОЖИТЬ ПРАВША ЖЕНА УЛИЦА Ю ВЫХОДНЫЕ,6,slovo_dictionary,synth_537,synthetic
ПРОДОЛЖИТЬ САМОВОСПРИЯТИЕ ЧИСТЫЙ КАФЕ ДОМИНИРУЮЩИЙ САМООБМАН,6,slovo_dictionary,synth_538,synthetic
З СЛАБЫЙ РВЕНОСТЬ ТЕ ТОГДА МУЖЕСТВЕННОСТЬ ПЫЛЕСОС,7,slovo_dictionary,synth_539,synthetic
Й ЛЮБОВНЫЙ ТЕ ОДНОВРЕМЕННОСТЬ В ЭТОМ ГОДУ ДОБРО ПОЖАЛОВАТЬ! ВРЕМЕННЫЙ,7,slovo_dictionary,synth_540,synthetic
НЕУДОБНО ДВЕНАДЦАТЫЙ ПЯТНАДЦАТЬ Г НЕОБХОДИМЫЙ ОСТРЫЙ,6,slovo_dictionary,synth_541,synthetic
ДАЖЕ КОМАР ПРЕЗИРАТЬ ОФИЦИАНТ,4,slovo_dictionary,synth_542,synthetic
НАС ПОСТОЯННЫЙ РОЗОВАТО-ЛИЛОВЫЙ САРКАЗМ АВГУСТ ОБЫЧНО ЛЕЧЬ,7,slovo_dictionary,synth_543,synthetic
ВЫИГРЫШ МЕДЛЕННЫЙ АДАПТИВНОСТЬ 7:45 ТАЛАНТ СРОЧНЫЙ БЕЖЕВЫЙ СЕДЬМОЙ РЕВНИВЫЙ ТЫ,10,slovo_dictionary,synth_544,synthetic
СТРОГИЙ В ПРОШЛОМ ГОДУ ЗАБЫТЬ НУЖДАТЬСЯ УРОНИТЬ ИНИЦИАТИВА КТО? 7:45 ДЕШЁВЫЙ,9,slovo_dictionary,synth_545,synthetic
ИСПУГАННЫЙ НАЗНАЧЕННОЕ ВРЕМЯ ЦЕЛЫЙ ХОЛОДНЫЙ БРЮЗЖАТЬ УВЕРЕННЫЙ Ч ШЕСТЬДЕСЯТ Т ПРАВЫЙ,10,slovo_dictionary,synth_546,synthetic
БЕЛЫЙ ВИЛКА ОТЛОЖЕННЫЙ ОФИЦИАНТ СТОЯТЬ ВСПОМНИТЬ БОРОДА АККУРАТНЫЙ,8,slovo_dictionary,synth_547,synthetic
СОМНЕНИЕ ДЕВЯТЬСОТ ДЕНЬ НАЧАТЬ КУБОК,5,slovo_dictionary,synth_548,synthetic
ИМЕТЬ ПЕРЕВАРИВАТЬ БЕСПОКОЙСТВО ПЕРЕД ТИГР КНИГА ЗУБЫ,7,slovo_dictionary,synth_549,synthetic
ОРЕЛ ПРЕДУСМОТРИТЕЛЬНЫЙ СЛИШКОМ К БЛЕДНЫЙ ВСЕГДА ЕЖЕДНЕВНЫЙ ВЕРХ ДЕШЁВЫЙ,9,slovo_dictionary,synth_550,synthetic
З ПОД 2 ЧАСА ИСПУГ СТРАСТЬ ЛЕБЕДЬ НАЗНАЧЕННОЕ ВРЕМЯ РАД,8,slovo_dictionary,synth_551,synthetic
ТЕРПЕНИЕ ДЕВОЧКА АДАПТИВНОЕ ПОВЕДЕНИЕ Ъ МЫШЬ ТИГР УВЕРЕН ПЯТЫЙ ЗВУК УДИВЛЁН,10,slovo_dictionary,synth_552,synthetic
ВЕСЕЛЫЙ ДВЕСТИ Ф Л ДРУЖЕЛЮБНЫЙ БАНКЕТ РЕСТОРАН ГОВОРИТЬ ЗЛОБНЫЙ,9,slovo_dictionary,synth_553,synthetic
ПОЛОЖИТЬ ОХОТНО АДАПТИВНЫЙ,3,slovo_dictionary,synth_554,synthetic
ОСТАТЬСЯ ВСЕГДА СВИНЬЯ ПОСТЕПЕННО НЕСКОЛЬКО,5,slovo_dictionary,synth_555,synthetic
ЖЕЛАНИЕ БАБОЧКА ПРЕДЛОЖИТЬ ЧТО ЖЕНЩИНА ОЛЕНЬ ОДНАЖДЫ Г МАЛЕНЬКИЙ КРАСНОВАТЫЙ,10,slovo_dictionary,synth_556,synthetic
ГОТОВЫЙ ОДИНОКИЙ РАССЕРДИТЬСЯ ОБЪЯТИЕ ПОМОЩНИК ПОВАРА НАКОНЕЦ,6,slovo_dictionary,synth_557,synthetic
НЕПОСЛУШНЫЙ ОБЕСПОКОЕН ЖЕНАТ ЗАМУЖЕМ БЕСПОКОИТЬСЯ БУМАГА ПОДЛИННЫЙ СОГЛАСНО,8,slovo_dictionary,synth_558,synthetic
ПОНЕДЕЛЬНИК ИЗ-ЗА БЕЗ ПОЗОР ОТТЕНОК КОРОТКИЙ ОДИНОКИЙ ДВА,8,slovo_dictionary,synth_559,synthetic
ПРЕДЫДУЩИЙ ИЗУЧИТЬ КРУЖКА ДИСТРЕСС ДВЕНАДЦАТЫЙ БАШЕННЫЕ ЧАСЫ НОЧЬ ПРОДОЛЖИТЕЛЬНОСТЬ МНОГО,9,slovo_dictionary,synth_560,synthetic
ДЕВЯТЬСОТ ОПЯТЬ НИКОГДА НЕУДОБНО ДОБРО ПОЖАЛОВАТЬ! ОБЫЧНЫЙ ПРИБЫВАТЬ,7,slovo_dictionary,synth_561,synthetic
ГЕНИЙ СУХОЙ ОБЪЯТИЕ НАШ,4,slovo_dictionary,synth_562,synthetic
"ВЕСЕЛИТЬСЯ КОМНАТА НЕЖНЫЙ, МЯГКИЙ МЕДЛЕННЫЙ",4,slovo_dictionary,synth_563,synthetic
ЦВЕТОВОЙ ОТТЕНОК ТРУС УЛИЦА БАШЕННЫЕ ЧАСЫ М,5,slovo_dictionary,synth_564,synthetic
ИМЕТЬ ГРЯЗНЫЙ САМОМНЕНИЕ НАС ВЕРНЫЙ СПАТЬ ЧАСЫ МЕДЛЕННЫЙ,8,slovo_dictionary,synth_565,synthetic
ОТВРАТИТЕЛЬНЫЙ СКОЛЬКО ДАТЬ СЕРЕБРО КРАСНЫЙ,5,slovo_dictionary,synth_566,synthetic
ДЕЛАТЬ ОВЦА НЕОЖИДАННЫЙ БЕСПОКОЙСТВО,4,slovo_dictionary,synth_567,synthetic
Ч НЕВОЗМОЖНЫЙ СИНИЙ ЧЕТЫРНАДЦАТЬ,4,slovo_dictionary,synth_568,synthetic
ТОТ БАБОЧКА ОПЫТНЫЙ Г,4,slovo_dictionary,synth_569,synthetic
МАГАЗИН НЕПРИЯТНЫЙ ПОЛОЖИТЬ ДЕВЯНОСТО ПОЛНЫЙ КРОМЕ,6,slovo_dictionary,synth_570,synthetic
РАНО ПЧЕЛА ГОРЮЮЩИЙ,3,slovo_dictionary,synth_571,synthetic
БУТЫЛКА ЕЖЕДНЕВНЫЙ БЫК ТОЧНО НАПУГАННЫЙ ПОСЛЕДНИЙ АДАПТИВНОСТЬ,7,slovo_dictionary,synth_572,synthetic
ПОСЛЕДНИЙ ЛОПАТА ПРЕДЛОЖИТЬ ТОСТ Ц ТЁПЛЫЙ ЗАБЫТЬ ПОЧВА ВОЗБУЖДЕНИЕ ПРЕДУСМОТРИТЕЛЬНЫЙ МУЖСКОЙ ТУАЛЕТ,10,slovo_dictionary,synth_573,synthetic
ВСТРЕТИТЬ ГЛОТАТЬ С ДНЕМ РОЖДЕНИЯ ДЕЛАТЬ МЕЛКИЙ ГЛОТОК ЛОГИЧНЫЙ,5,slovo_dictionary,synth_574,synthetic
ТРЕТИЙ БЛАГОДАРНОСТЬ ДЕНЬ И НОЧЬ СЗАДИ ЖЕНЩИНА ПЕЧАЛЬ,6,slovo_dictionary,synth_575,synthetic
БЛАГОПОЛУЧИЕ ОЗАБОЧЕННЫЙ НЕОЖИДАННЫЙ ВСКРУЖИТЬ,4,slovo_dictionary,synth_576,synthetic
ОТТЕНОК Ш ЗАДЕРЖИВАТЬ ПИСАТЬ ИСТЕРИК ПРАВЫЙ И ВЕЧЕР ОБЕДАТЬ СЛОВО,10,slovo_dictionary,synth_577,synthetic
ПРАВША НРАВИТЬСЯ МЕДУЗА,3,slovo_dictionary,synth_578,synthetic
УГРЮМЫЙ КОНЕЧНО СКОРБЕТЬ ПРИЯТНЫЙ НАКОНЕЦ-ТО ВОЛК ВТОРОЙ ВКУСНЫЙ ВИЛКА ТРИНАДЦАТЬ,10,slovo_dictionary,synth_579,synthetic
ШУТИТЬ МУЖ ПРИВЫК,3,slovo_dictionary,synth_580,synthetic
ЧТО ТРИ РАЗУМНЫЙ ВОСКРЕСЕНЬЕ ЧЕМОДАН ПИСЬМО МИНУТА ЕХАТЬ,8,slovo_dictionary,synth_581,synthetic
ЦВЕТ МИЛЛИОН ЗНАЧИТ ДВЕНАДЦАТЬ ИСПУГАННЫЙ,5,slovo_dictionary,synth_582,synthetic
ЛЮБОВНЫЙ СЕРЕБРО СВЕРХУ НАКОНЕЦ,4,slovo_dictionary,synth_583,synthetic
ТЫСЯЧА МИЛОСЕРДНЫЙ ИЗ-ЗА КРЕВЕТКА КОМАР РАСПРЕДЕЛЯТЬ СМУЩЕННЫЙ РАДОСТНЫЙ ДОБРО ПОЖАЛОВАТЬ! ОДИНОКИЙ,10,slovo_dictionary,synth_584,synthetic
ПОЛУЧИТЬ ВСПОМНИТЬ БАБОЧКА ПРИЯТНЫЙ ГОЛОВА,5,slovo_dictionary,synth_585,synthetic
ИЗВЕСТНЫЙ ЧЕТВЕРТЫЙ ЗАПАД СИНИЙ ДЕВОЧКА ДАТЬ ДИНОЗАВР ДРОЖАТЬ ОВЦА ВОРОТНИК,10,slovo_dictionary,synth_586,synthetic
ДОБРОПОРЯДОЧНОСТЬ ЮГ ОТВАЖИТЬСЯ ВРЕДНЫЙ; ОЗОРНОЙ ПИР ВАС СЕМНАДЦАТЬ ХОРОШИЙ ТЕМНОТА,9,slovo_dictionary,synth_587,synthetic
ГЕНИЙ НАШ БЛЕДНЫЙ СВЕРХУ,4,slovo_dictionary,synth_588,synthetic
САМОВОСПРИЯТИЕ ОЖИДАТЬ Ъ ИМЯ ОТРИЦАТЕЛЬНЫЙ ОДЕЖДА,6,slovo_dictionary,synth_589,synthetic
ЖЁЛТЫЙ А КОГОТЬ ИГРАТЬ В НАСТОЯЩЕЕ ВРЕМЯ НАЛОГ,6,slovo_dictionary,synth_590,synthetic
СТРАННЫЙ НЕУДОБСТВО ЧТО-НИБУДЬ КРЕВЕТКА СМЕЯТЬСЯ ПЕРЕД,6,slovo_dictionary,synth_591,synthetic
ЖАЖДА ЗАДЕРЖИВАТЬ ПЛАКАТЬ ЗОЛОТОЙ СКОРБЕТЬ ИГРАТЬ ДУМАТЬ,7,slovo_dictionary,synth_592,synthetic
РЫБА СТОРОНА ВТОРНИК МИЛЕНЬКИЙ ОСЕЛ ЦВЕТОВОЙ ОТТЕНОК ХУДШИЙ ПОТОМ,8,slovo_dictionary,synth_593,synthetic
ВОСЬМОЙ ИЗУЧИТЬ САМОПРОВЕРКА ВИНА ДЕСЯТЬ МИГРАЦИЯ,6,slovo_dictionary,synth_594,synthetic
ОПАСНЫЙ НЕРАДИВЫЙ ЧАСТЬ СОЧУВСТВИЕ УЖЕ ВОПРОС КОЗА ПРОЗРАЧНЫЙ РЫЧАНИЕ ЧАСТО,10,slovo_dictionary,synth_595,synthetic
Ф ЗАМУЖЕМ ТЕРПЕНИЕ,3,slovo_dictionary,synth_596,synthetic
ТЩЕСЛАВНЫЙ АДАПТИВНОЕ ПОВЕДЕНИЕ КУПИТЬ ЧЕРНЫЙ Ч ИСКРЕННИЙ ДВЕНАДЦАТЫЙ ОБЫЧНЫЙ ПЕТУХ,9,slovo_dictionary,synth_597,synthetic
ВИЛКА СМОТРЕТЬ ВРАЖДЕБНЫЙ ВЗЯТЬ ПРОДОЛЖИТЬ ДА ДОБРОТА ДВЕ ТЫСЯЧИ РОГА,9,slovo_dictionary,synth_598,synthetic
ГОРЮЮЩИЙ ОПАСНЫЙ ВСЁ СЫН БОЛЬШЕ ДА ДВАДЦАТЬ,7,slovo_dictionary,synth_599,synthetic
6 ЧАСОВ БРЮЗЖАТЬ ОТВЕТСТВЕННЫЙ,3,slovo_dictionary,synth_600,synthetic
СОГЛАСНО ОЛЕНЬ ТЁМНЫЙ ВДОХНОВЛЯТЬ СУХОЙ ВОЗБУЖДАТЬ ОДАРЕННЫЙ ПРЕДУСМОТРИТЕЛЬНЫЙ,8,slovo_dictionary,synth_601,synthetic
САМОПРОВЕРКА ШЕСТНАДЦАТЬ ЭТОТ ПАУЧЬЯ СЕТЬ СОЧУВСТВИЕ ДОМИНИРУЮЩИЙ ПИСЬМО НЕДАВНИЙ ИНТЕРЕСНЫЙ,9,slovo_dictionary,synth_602,synthetic
РЕЛИГИЯ ПЯТЬДЕСЯТ КОПЫТО НАЙТИ,4,slovo_dictionary,synth_603,synthetic
ОСТРОУМИЕ РАЗДРАЖАТЬ ЦЕМЕНТ,3,slovo_dictionary,synth_604,synthetic
ЖЕЛТЫЙ ФУТБОЛ ЛОСЬ Н ДРУГОЙ МИЛОСЕРДНЫЙ ВЕСЬ,7,slovo_dictionary,synth_605,synthetic
БЛЕДНЫЙ МУДРЫЙ КОГОТЬ ПОДНОС ПОКА ЗЛО ВЕЧНЫЙ СВОБОДНЫЙ КРЫЛО,9,slovo_dictionary,synth_606,synthetic
ПОТРЯСАЮЩИЙ СЛЕДУЮЩИЙ ПЯТНАДЦАТЬ ОТКУСЫВАНИЕ,4,slovo_dictionary,synth_607,synthetic
КОЗА НЕПРОЗРАЧНОСТЬ ЖАЛОСТЬ ВСЕГДА,4,slovo_dictionary,synth_608,synthetic
СЧАСТЛИВЫЙ МИНИМУМ ДВЕСТИ СЕГОДНЯ УЛИЦА СЕМЬ ПРАВША ПРИВЕТ! ВОДА КАФЕТЕРИЙ,10,slovo_dictionary,synth_609,synthetic
СМЕЛОСТЬ С МУРАШКИ ВОСХИЩАТЬСЯ ОБЕСПОКОЕННЫЙ РАЗЛИЧНЫЙ,6,slovo_dictionary,synth_610,synthetic
МЯТЕЖНЫЙ ТЩЕСЛАВНЫЙ ПАВЛИН ДОЧЬ ДУМАТЬ,5,slovo_dictionary,synth_611,synthetic
РАССТРОЕННЫЙ ЛЮБОВНЫЙ ВОЛК НАРОД ДВАЖДЫ БАШЕННЫЕ ЧАСЫ УРОНИТЬ БОЛЬШЕ ТАКОЙ НЕОБХОДИМЫЙ,10,slovo_dictionary,synth_612,synthetic
МНОГО ОСТОРОЖНЫЙ ВЛЮБЛЕННЫЙ СЕМЬЯ ОСТАТЬСЯ НЕРВНЫЙ ТЕРПЕНИЕ НЕМЕДЛЕННЫЙ ДРУГ,9,slovo_dictionary,synth_613,synthetic
ВЕСНА ДЕКАБРЬ НАРОД МИЛЫЙ БУДУЩЕЕ,5,slovo_dictionary,synth_614,synthetic
СУББОТА СОМНЕНИЕ ПИСЬМО НОВОСТИ НЕДЕЛЯ ВОЙ ЖЕНА,7,slovo_dictionary,synth_615,synthetic
ТЕМНОТА МОТИВИРОВАТЬ КРАСНЫЙ ДОБРОТА ОБЫЧНО ЖИВОТНОЕ НЕ ПОЛНЫЙ,8,slovo_dictionary,synth_616,synthetic
НАХАЛЬНЫЙ ПРОДЛЕНИЕ ОТВЕТСТВЕННЫЙ БЕЗУМНО ЦВЕТА ТЕ,6,slovo_dictionary,synth_617,synthetic
НЕДОБРЫЙ ДЕЛАТЬ МЕЛКИЙ ГЛОТОК СЕМНАДЦАТЬ БЫСТРЫЙ ЛЮБИТЬ АГРЕССИВНЫЙ ЧИСТЫЙ НЕМЕДЛЕННЫЙ,8,slovo_dictionary,synth_618,synthetic
ВОСЕМНАДЦАТЬ ДЕСЯТЬ МУЖ,3,slovo_dictionary,synth_619,synthetic
ЛЕВЫЙ ВСПОМНИТЬ ДОМИНИРУЮЩИЙ НЕМЕДЛЕННЫЙ,4,slovo_dictionary,synth_620,synthetic
ЗООПАРК ПЕРЕД ТОТ Ф ВОЗБУЖДЕННЫЙ ОШЕЛОМИТЬ БЫТЬ МОТИВАЦИЯ ОДАРЕННЫЙ ИМ,10,slovo_dictionary,synth_621,synthetic
СЛЕДОВАЛО ЧУЖОЙ РЕВНИВЫЙ АЛЛЕРГИЯ НА ЕДУ ПРЕДУСМОТРИТЕЛЬНЫЙ ОТКЛАДЫВАТЬ ГНЕЗДО ИСКАТЬ ТАКОЙ,9,slovo_dictionary,synth_622,synthetic
Л СВЕТ СЮРПРИЗ НАЗНАЧЕННОЕ ВРЕМЯ ЖАЛОСТЬ ВВЕРХ ПИНГВИН ДВАДЦАТЬ РАНО,9,slovo_dictionary,synth_623,synthetic
АЛЛИГАТОР ЛЯГУШКА КОМНАТА МОЧЬ С РУБЛЬ,6,slovo_dictionary,synth_624,synthetic
ТОЖЕ КРУЖКА СВЕТ ИСПУГАННЫЙ КРАСИВЫЙ СЕГОДНЯ ДЕВЯТЬСОТ ВСКРУЖИТЬ ПРИРУЧЕННЫЙ КРЫСА,10,slovo_dictionary,synth_625,synthetic
УВЕРЕН НЕДАВНИЙ ДАЖЕ РАССТРОЕННЫЙ ЧАСЫ ЗАТЕМ; ПОТОМ ДОЧЬ КАРАНДАШ,8,slovo_dictionary,synth_626,synthetic
ВОСЕМЬ СКАЗАТЬ ДОСТАТОЧНО КРОКОДИЛ КНИГА,5,slovo_dictionary,synth_627,synthetic
ПТИЦА СТОРОНА ПОЗВОНИТЬ НА СЕРВИС КРОТОСТЬ ЗАКРЫТЬ ЗАБЫТЬ СОЛЬ БЕГЕМОТ,8,slovo_dictionary,synth_628,synthetic
ШЕСТЬ КРОКОДИЛ СВИСТОК ГНЕВ ЭТОТ КРАСНЫЙ НАПРЯЖЕНИЕ ЗЛОСТЬ ОЖИВЛЕННЫЙ,9,slovo_dictionary,synth_629,synthetic
УДИВЛЁН АККУРАТНЫЙ ДОМОГАТЬСЯ ХЛЕБ ЧУВСТВОВАТЬ ПОКА (ЧТО) ЧЕТЫРНАДЦАТЬ,7,slovo_dictionary,synth_630,synthetic
НАКРЫВАТЬ НА СТОЛ МАЛЬЧИК ИМЯ,3,slovo_dictionary,synth_631,synthetic
ПУСТОЙ НЕЖНЫЙ ВЛЮБЛЕННЫЙ ШУМ ЛЮДИ КОГОТЬ ЛЕНИВЫЙ СТРАХ МУДРЫЙ ИМЯ,10,slovo_dictionary,synth_632,synthetic
КЛЕТКА ИДТИ ПИСЬМО КОМАР ПУСТОЙ,5,slovo_dictionary,synth_633,synthetic
ОДЕРЖИМЫЙ АГРЕССИЯ ПРИРУЧЕННЫЙ ЗАТЯГИВАТЬ ЧТО ОТКЛАДЫВАТЬ ЗЛОБНЫЙ РАССЕРДИТЬСЯ Н,9,slovo_dictionary,synth_634,synthetic
УГРЮМЫЙ ЛЮДИ ПИТЬЕВАЯ ВОДА ОТЛИЧНЫЙ ПЕТУХ ЖЕЛТЫЙ НЕПРОЗРАЧНОСТЬ ДОВЕРЯТЬ ЕСЛИ,9,slovo_dictionary,synth_635,synthetic
НЕУДОБСТВО САМОАНАЛИЗ ОБЫЧНО ЛЕННОСТЬ ЗАВАРОЧНЫЙ ЧАЙНИК РАССЕРДИТЬСЯ,6,slovo_dictionary,synth_636,synthetic
ПИТЬ РАССЛАБЛЕНИЕ РВЕНОСТЬ ВОДОПЛАВАЮЩЕЕ ХОРОШО ВЕРНЫЙ СТО РАННИЙ,8,slovo_dictionary,synth_637,synthetic
ЛИЦЕМЕРНЫЙ ВОЗМОЖНЫЙ ТЁМНЫЙ ДРУЖЕЛЮБНЫЙ ЭТО,5,slovo_dictionary,synth_638,synthetic
ДОРОГОЙ ПРИЯТНЫЙ ВСКРУЖИТЬ,3,slovo_dictionary,synth_639,synthetic
РОЗОВЫЙ ПЕРО РАЗРЫДАТЬСЯ ЧЕТВЕРТЫЙ,4,slovo_dictionary,synth_640,synthetic
ПАУЧЬЯ СЕТЬ ВАЖНЫЙ СТОЯТЬ ВЫРУЧИТЬ ЗАБЫТЬ ДОСТАТОЧНО,6,slovo_dictionary,synth_641,synthetic
ПРОДАТЬ ПРОДОЛЖИТЬ МЕСТО ДЛЯ ПИКНИКА НЕДЕЛЯ УРОНИТЬ ПЯТЬ ВСЕГДА ХОЛОДНЫЙ ПЛАТИТЬ,9,slovo_dictionary,synth_642,synthetic
ВОЗБУЖДЕННЫЙ ТОЧНО СМОТРЕТЬ ШЕСТНАДЦАТЬ ВТОРНИК 2 ЧАСА ЖЕНЩИНА МГНОВЕНИЕ МИЛЕНЬКИЙ З,10,slovo_dictionary,synth_643,synthetic
ПОЗВОЛИТЬ ЧЕТВЕРТЫЙ ОЖИДАЮЩИЙ СРЕДА,4,slovo_dictionary,synth_644,synthetic
КОНЕЧНО БРАТ НОЯБРЬ СОМНЕВАТЬСЯ РЫБА НЕУВАЖЕНИЕ ПЯТЬДЕСЯТ,7,slovo_dictionary,synth_645,synthetic
ДИЕТА НЕУДОБСТВО КРОТОСТЬ КЛЕТКА ШЕСТЬ СТРАШНЫЙ СВИНЬЯ ВЫРУЧИТЬ,8,slovo_dictionary,synth_646,synthetic
НРАВИТЬСЯ Ц КОЗЕЛ СМИРИТЬСЯ СЕГОДНЯ УРОНИТЬ ЕЁ,7,slovo_dictionary,synth_647,synthetic
ОДЕЖДА ИЗВЕСТНЫЙ СЕМЬ МОЛОДОЙ КУСОК БУТЫЛКА ОТКРЫТЬ ПРЕЗИРАТЬ ПЯТЬСОТ ХОРОШО,10,slovo_dictionary,synth_648,synthetic
СТРАШНЫЙ МЫШЬ ПАУЧЬЯ СЕТЬ НОЯБРЬ АВГУСТ,5,slovo_dictionary,synth_649,synthetic
ЛЕНИВЫЙ КАФЕ СМЕШНОЙ ЗВЕРЬ ПЛАКАТЬ СЮРПРИЗ ПЯТЬ,7,slovo_dictionary,synth_650,synthetic
ЗОЛОТО НИЗКИЙ ОРАНЖЕВЫЙ ПЯТЬ ТЫСЯЧ ФУТБОЛ МИЛОСЕРДНЫЙ ВОСЕМНАДЦАТЬ МЕЖДУ ВВЕРХ,9,slovo_dictionary,synth_651,synthetic
ГОРДЫЙ ЖЕНСКИЙ ТУАЛЕТ ЕЙ ВЕСЕЛЫЙ Н КАФЕТЕРИЙ ЖИВОТНОЕ СУМАТОХА ПИСЬМО РУБЛЬ,10,slovo_dictionary,synth_652,synthetic
ВОЗРАДОВАТЬСЯ ДА ОТТЕНОК,3,slovo_dictionary,synth_653,synthetic
ЧЕРНЫЙ РАБОТАТЬ ДЕВЯТНАДЦАТЬ ДОБРО ПОЖАЛОВАТЬ! ОБЕЩАТЬ ПОПУГАЙ ПРЕЗИРАТЬ ЛЕТО ПРИВЕТ!,9,slovo_dictionary,synth_654,synthetic
ЛЕГКИЙ ДЕВЯНОСТО ЖАДНЫЙ НАИВНЫЙ ПОЛНЫЙ,5,slovo_dictionary,synth_655,synthetic
ПОЗОР НЕПРОЗРАЧНОСТЬ С СКОРБЕТЬ КЛЕТКА НАВЕРХУ,6,slovo_dictionary,synth_656,synthetic
ИНТЕЛЛЕКТУАЛЬНЫЙ ОТЧАЯТЬСЯ ОКТЯБРЬ ОДОЛЖИТЬ НЕСЧАСТЬЕ НЕНАВИДЕТЬ ДАЖЕ ОТЛИЧНЫЙ СТРАДАНИЕ ЦВЕТОВОЙ ОТТЕНОК,10,slovo_dictionary,synth_657,synthetic
НАД ВЗДРАГИВАТЬ ВОЗМОЖНО СТРАННЫЙ ИМЯ СРЕДА РАЗУМНЫЙ НЕДОВОЛЬНЫЙ ЧЕТЫРЕСТА РЫЧАТЬ,10,slovo_dictionary,synth_658,synthetic
САМОВОСПРИЯТИЕ МУДРЫЙ ПЛАТИТЬ СРАЗУ ПЕРЕВАРИВАНИЕ ВЕСНА З ВОЙ ДЕСЯТЬ,9,slovo_dictionary,synth_659,synthetic
ЛЮБОПЫТНЫЙ САМОКОНТРОЛЬ ГОД,3,slovo_dictionary,synth_660,synthetic
ГОЛОС ИЗУЧИТЬ ЗНАЧИТЬ НЕ ВЫНОСИТЬ ОТКРЫТЬ,5,slovo_dictionary,synth_661,synthetic
ЦЕНА КРОКОДИЛ В СОГЛАСНО ЭТИ,5,slovo_dictionary,synth_662,synthetic
ИСКАТЬ ЛЕННОСТЬ САРКАЗМ,3,slovo_dictionary,synth_663,synthetic
ЛЕТО КЛЮВ ОДИННАДЦАТЫЙ Е ВАМ,5,slovo_dictionary,synth_664,synthetic
ЧЕТЫРЕСТА ОСТОРОЖНЫЙ С ДНЕМ РОЖДЕНИЯ ТЁМНЫЙ ПОЛОЖИТЕЛЬНЫЙ ЖАРИТЬ СРОЧНЫЙ,7,slovo_dictionary,synth_665,synthetic
БЛИЗКО ДОМИНАНТНЫЙ ПИНГВИН,3,slovo_dictionary,synth_666,synthetic
НИЧЕГО ДОБРЫЙ ДИКОЕ ЖИВОТНОЕ ПЕРЕВАРИВАНИЕ ВЕРОЯТНО ИЗНОШЕННЫЙ,6,slovo_dictionary,synth_667,synthetic
НЕСКОЛЬКО БЛАГОПОЛУЧИЕ РЕСТОРАН,3,slovo_dictionary,synth_668,synthetic
КОМНАТА СЛОВО ОБЫЧНО ВИЛКА ЖЕЛАТЬ КОШКА,6,slovo_dictionary,synth_669,synthetic
ЛЕТО ВЕСЕННЯЯ МЫ,3,slovo_dictionary,synth_670,synthetic
ВЕЗДЕ М СПОСОБ,3,slovo_dictionary,synth_671,synthetic
НИКОГДА ЛЮБОВНЫЙ ИМПУЛЬС ЗАПАД ПОКАЯНИЕ ОТВРАТИТЕЛЬНЫЙ ОДИННАДЦАТЫЙ В СОЛЬ НЕПРИЯТНЫЙ,10,slovo_dictionary,synth_672,synthetic
ПЛАКАТЬ ЛЕБЕДЬ МОТИВИРОВАТЬ ДВА ОТКРЫТЬ СОМНЕНИЕ ЦВЕТОВОЙ ОТТЕНОК САМОВОСПРИЯТИЕ РАССЛАБЛЕНИЕ,9,slovo_dictionary,synth_673,synthetic
СОГЛАСНО ЧЕТВЕРГ НАЧАЛО ДЯТЕЛ ЗАВАРОЧНЫЙ ЧАЙНИК ВВЕРХ ДЕНЬ И НОЧЬ ЗАСТЕНЧИВЫЙ,8,slovo_dictionary,synth_674,synthetic
ТРЕТИЙ ПУТЕШЕСТВИЕ РОЗОВАТО-ЛИЛОВЫЙ ВОЗБУЖДЕНИЕ ДОБРО ПОЖАЛОВАТЬ! ВНУТРЕННЕЕ УВЕРЕН ПРОДЛЕНИЕ,8,slovo_dictionary,synth_675,synthetic
УПАСТЬ ИНОГДА ИМЯ ЛАНЧ,4,slovo_dictionary,synth_676,synthetic
САМОАНАЛИЗ ПИНГВИН УГРЮМЫЙ МУЖ РАД ИНИЦИАТИВА НЕВЕРИЕ Н МЫТЬ ВИНА,10,slovo_dictionary,synth_677,synthetic
БЕСПОКОИТЬСЯ ПРОДЛЕНИЕ ВТОРНИК ТЫ ПЯТЬ ТЫСЯЧ,5,slovo_dictionary,synth_678,synthetic
ОСТАНОВИТЬСЯ ТРИНАДЦАТЬ НАГЛОСТЬ КРЫСА ОДОЛЖИТЬ СТРАДАТЬ ЛИТЬ ЗООПАРК,8,slovo_dictionary,synth_679,synthetic
ПЯТЬСОТ ОТРИЦАТЕЛЬНЫЙ ПАУЧЬЯ СЕТЬ НАШ,4,slovo_dictionary,synth_680,synthetic
ИСПОЛЬЗОВАТЬ ПТИЦА МАГАЗИН ДЯТЕЛ,4,slovo_dictionary,synth_681,synthetic
ДВА ОРЕЛ ТРИСТА ЧАС РУБЛЬ,5,slovo_dictionary,synth_682,synthetic
ИСПОЛЬЗОВАТЬ Н БЕЖЕВЫЙ,3,slovo_dictionary,synth_683,synthetic
УЖЕ ВСПОМНИТЬ БЫК СВЕТ ОБЫЧНО ПРЕНЕБРЕЖЕНИЕ,6,slovo_dictionary,synth_684,synthetic
НАСЛАЖДАЙСЯ ВЕЖЛИВЫЙ ЗИМА НИКТО ВОДА СЛОВО СЕМЬСОТ,7,slovo_dictionary,synth_685,synthetic
ПРЕКРАСНЫЙ ИЗУЧИТЬ ТОРЖЕСТВЕННЫЙ ГЛАЗ ХОРОШО СЕМЬСОТ СОЖАЛЕТЬ М НАШЕСТВИЕ СОБИРАТЬ,10,slovo_dictionary,synth_686,synthetic
ВРЕМЯ ДЛЯ ИЗМЕРЕНИЙ НАЧАЛО СЧАСТЛИВЫЙ ИГРАТЬ ЧАС ВЕЖЛИВЫЙ ИНТЕЛЛЕКТУАЛЬНЫЙ ПИСАТЬ ГАЗЕТА,9,slovo_dictionary,synth_687,synthetic
ВЧЕРА ОТЛИЧНЫЙ СРЕДА,3,slovo_dictionary,synth_688,synthetic
НЕМЕДЛЕННО ВЕСЬ ОСТРЫЙ БУТЫЛКА БАШЕННЫЕ ЧАСЫ ПРЕДАННЫЙ СРОЧНЫЙ РАННИЙ,8,slovo_dictionary,synth_689,synthetic
СТЫДНО ПЯТЬ КРАСНОВАТЫЙ ДА ВТОРОЙ ТВОЙ НЕРАДИВЫЙ ОСОБЕННО,8,slovo_dictionary,synth_690,synthetic
НОГА ОБА ТЫ ТЕБЯ НЕДЕЛЯ ГОРДЫЙ НЕРАДИВЫЙ КОПЫТО ПЕРЕВАРИВАНИЕ ЗАКОНЧИТЬ,10,slovo_dictionary,synth_691,synthetic
Ь СУМКА РЕЛИГИЯ Е НАЗАД ПОКАЗАТЬ ЧЕТВЕРГ БЕСПОКОИТЬСЯ МОЛОДОЙ,9,slovo_dictionary,synth_692,synthetic
ПОСТОЯННЫЙ ЯСНЫЙ БЛАГОПОЛУЧИЕ СКАЗАТЬ ВАМ ЛИЧНЫЕ КАЧЕСТВА ПОЛОЖИТЬ ОТКРЫТЬ КОРОНА,9,slovo_dictionary,synth_693,synthetic
КУВШИН ЛАНЧ ЗАБЫТЬ НОЯБРЬ НАБЛЮДАТЕЛЬНОСТЬ ПОЗВОЛИТЬ БЕСПОКОЯЩИЙ ИЗВЕСТНЫЙ,8,slovo_dictionary,synth_694,synthetic
ГОТОВЫЙ МИР ИСКРЕННИЙ,3,slovo_dictionary,synth_695,synthetic
НАДОЕЛО ПАНДА ГОЛОВА ПЯТЬСОТ ХОРОШИЙ ВИНА ВЕРИТЬ РОЗОВЫЙ ПРИВЫК,9,slovo_dictionary,synth_696,synthetic
ДЕРЖАТЬ ЭТОТ РАБОТАТЬ ДЕКАБРЬ ЧУВСТВОВАТЬ САМОАНАЛИЗ ЖЕЛАТЬ,7,slovo_dictionary,synth_697,synthetic
УЛИЦА ОДИННАДЦАТЫЙ ИЗ-ЗА ЛЕННОСТЬ ДОВОЛЬНО,5,slovo_dictionary,synth_698,synthetic
ВСЕГДА КУСАТЬ МЕДУЗА НАИВНЫЙ ЗЕЛЁНЫЙ ЛЮБОВЬ НОВОСТИ,7,slovo_dictionary,synth_699,synthetic
ИМ ЗУБЫ ВОСЬМОЙ,3,slovo_dictionary,synth_700,synthetic
НАЧАЛО СМУЩЕННЫЙ ВСЕ ВОЗБУЖДЕННЫЙ МИЛЕНЬКИЙ С КОГДА ДЕЛАТЬ МЕЛКИЙ ГЛОТОК НАРУЖУ ОЖИДАЮЩИЙ,10,slovo_dictionary,synth_701,synthetic
ПЕРО ОТКУСЫВАНИЕ ПРИЙТИ,3,slovo_dictionary,synth_702,synthetic
КОГОТЬ КТО? ОБЕСПОКОЕННЫЙ РАССТРОЕННЫЙ МЕРТВЫЙ НЕРАСКРАШЕННЫЙ СЕРЫЙ ПЕТУХ ПРЕКРАСНЫЙ,9,slovo_dictionary,synth_703,synthetic
РЕБЁНОК ТОТ КОРОНА ЗДЕСЬ ОТТЕНОК ПРЕДЫДУЩИЙ ОСТАТЬСЯ ЗАБРАТЬ АРОМАТНЫЙ,9,slovo_dictionary,synth_704,synthetic
ЗАВТРА ЗАКУСКА ПЕРЕД ЕДОЙ БИЛЕТ ЖЕНА ПРОЩАНИЕ Ж АКТИВНЫЙ ЖАЖДА ОТКЛАДЫВАТЬ,9,slovo_dictionary,synth_705,synthetic
ВАС ЗЛОСТЬ СЮРПРИЗ ДОРОГА РАНЕЕ СПАТЬ ПРЕДЛОЖИТЬ ТОСТ,7,slovo_dictionary,synth_706,synthetic
ЧЕТВЕРГ ДОРОГА СКОЛЬКО СТРАДАНИЕ СОМНЕНИЕ ЕЁ ЦВЕТ ЗАВАРОЧНЫЙ ЧАЙНИК ВЕСЁЛЫЙ БУДУ,10,slovo_dictionary,synth_707,synthetic
КУСОК ОСТОРОЖНЫЙ С ТЕХ ПОР КАК ОЖИДАТЬ ОТЛОЖИТЬ ЦВЕТОВОЙ ОТТЕНОК БЫТЬ ПОТРЯСЕННЫМ МЯТЕЖНЫЙ ПЯТНАДЦАТЬ СВЕТ,10,slovo_dictionary,synth_708,synthetic
ЖАДНОСТЬ НИКОГДА ПИНГВИН ПОНЕДЕЛЬНИК ДЕШЁВЫЙ ДЛИННЫЙ ОТНОШЕНИЕ,7,slovo_dictionary,synth_709,synthetic
ЧЕТВЕРГ ЗОЛОТОЙ ВОСКРЕСЕНЬЕ КЛЮВ РЫЧАТЬ,5,slovo_dictionary,synth_710,synthetic
ПОДОЗРЕВАТЬ БРАТ АРОМАТНЫЙ МОЙ ПУСТОЙ,5,slovo_dictionary,synth_711,synthetic
ПРЕНЕБРЕЖЕНИЕ ЦЕМЕНТ НЕОЖИДАННЫЙ НЕПРИЯТНЫЙ ВКУСНЫЙ В ПРОШЛОМ ГОДУ 7:45 ЗООПАРК КОМАР,9,slovo_dictionary,synth_712,synthetic
СЕРЫЙ РАСПРЕДЕЛЯТЬ САМОАНАЛИЗ ПУСТОЙ ЗАПАД ПОЗВОНИТЬ НА СЕРВИС,6,slovo_dictionary,synth_713,synthetic
ПОЛЗАНЬЕ СУМАТОХА БЕСПОКОЙСТВО,3,slovo_dictionary,synth_714,synthetic
ЧУЖОЙ ВРЕДНЫЙ; ОЗОРНОЙ ЖИРАФ,3,slovo_dictionary,synth_715,synthetic
ТРИСТА РАННИЙ ПОДАВЛЕННЫЙ ЛЮБОВЬ РАЗГНЕВАННЫЙ РЕБЯЧЕСКИЙ,6,slovo_dictionary,synth_716,synthetic
СПОКОЙНЫЙ БОЛЬШЕ ЧУЖОЙ ВДОХНОВЕНИЕ ДАТЬ ЖИТЬ ЖАЖДУЩИЙ,7,slovo_dictionary,synth_717,synthetic
В ЭТОМ ГОДУ ТРИСТА БОЛЬШОЙ,3,slovo_dictionary,synth_718,synthetic
ОТВРАЩЕНИЕ ГОРОД КРЫЛО Я,4,slovo_dictionary,synth_719,synthetic
ХОТЕТЬ ПРЕЗРЕНИЕ ОТКУПОРИВАТЬ СЕГОДНЯ ЛИЦЕМЕРНЫЙ ДО НАЙТИ,7,slovo_dictionary,synth_720,synthetic
ЧУДЕСНЫЙ СКУЧАЮЩИЙ ВЫРУЧИТЬ ЗАДЕРЖИВАТЬ ИСКАТЬ 6 ЧАСОВ ГОЛОД,7,slovo_dictionary,synth_721,synthetic
ЛЕВ ИНОГДА МНЕ ЭТОТ,4,slovo_dictionary,synth_722,synthetic
БЕЖЕВЫЙ ВОЗМОЖНО ОТ ДОРОГОЙ,4,slovo_dictionary,synth_723,synthetic
ОВЦА НАЙТИ РОГА,3,slovo_dictionary,synth_724,synthetic
ЛИСА КУСАТЬ БУТЫЛКА КРЫСА ДИНОЗАВР ПОТОМ,6,slovo_dictionary,synth_725,synthetic
ЛЕТУЧАЯ МЫШЬ ТЕ ЛЕБЕДЬ,3,slovo_dictionary,synth_726,synthetic
ЗНАЧИТЬ СЕСТРА ВЕЧНОСТЬ СОМНЕВАТЬСЯ Ъ НИЧЕГО ТОРЖЕСТВЕННЫЙ СЮРПРИЗ ШУТИТЬ РАНЕЕ,10,slovo_dictionary,synth_727,synthetic
ПОКАЯНИЕ ТАКОЙ ВСТРЕТИТЬ СТРАСТЬ НЕДОБРЫЙ ВСЕГДА ПАНДА,7,slovo_dictionary,synth_728,synthetic
МИНУТА ЮГ СТОЯТЬ АНИМАТОР,4,slovo_dictionary,synth_729,synthetic
ЧАСЫ ИМ ОБЫЧНЫЙ ЖИВОТНОЕ КРОМЕ МЕДУЗА БОЛИТ,7,slovo_dictionary,synth_730,synthetic
ВЕРИТЬ БЕСПОКОЙНЫЙ ТЩЕСЛАВНЫЙ ВЗДРАГИВАТЬ СКРОМНЫЙ ОТЧАЯТЬСЯ НЕВЕРИЕ ПИТЬ ПОКА КАНУН,10,slovo_dictionary,synth_731,synthetic
ДИНОЗАВР ПОЗОР ОСТРОУМИЕ ЧУВСТВОВАТЬ,4,slovo_dictionary,synth_732,synthetic
ВОСЬМОЙ ПЯТЫЙ ОШАРАШЕННЫЙ ПОЗОР ВИНА КЛЮЧ ЦВЕТ ЖАДНЫЙ СТЫДНО АГРЕССИЯ,10,slovo_dictionary,synth_733,synthetic
ОКОЛО ВИЛКА РЕДКО,3,slovo_dictionary,synth_734,synthetic
ВОЛК ИДТИ ВЗЯТЬ НЕДОВОЛЬНЫЙ БЫТЬ,5,slovo_dictionary,synth_735,synthetic
ВЕЖЛИВЫЙ С ДНЕМ РОЖДЕНИЯ НЕВОЗМОЖНЫЙ КУРИЦА В СПЕШКЕ ПОТОМ,6,slovo_dictionary,synth_736,synthetic
АППЕТИТ ОБЛАДАТЬ ВЫ ТЯЖЁЛЫЙ ЦЕНА СТРАДАТЬ ОТКЛАДЫВАТЬ,7,slovo_dictionary,synth_737,synthetic
ЧУВСТВОВАТЬ ОШИБКА СТРАСТЬ МОЙ ВОДА НРАВСТВЕННОСТЬ,6,slovo_dictionary,synth_738,synthetic
ПИТЬ М КРЫСА ЖАРКИЙ ЗАМУЖЕМ КУБОК,6,slovo_dictionary,synth_739,synthetic
НАЛОГ ДВЕ ТЫСЯЧИ ЦВЕТА ЛЕТУЧАЯ МЫШЬ,4,slovo_dictionary,synth_740,synthetic
ЗАКУСКА ПЕРЕД ЕДОЙ АППЕТИТ ЗРЕЛИЩНЫЙ ЖИРАФ ПЫЛЕСОС СВЕТ НЕРАДИВЫЙ СМИРИТЬСЯ ТОГДА ЖЁЛТЫЙ,10,slovo_dictionary,synth_741,synthetic
ПАВЛИН ДОБРОТА ВЕРБЛЮД ПЯТНАДЦАТЬ ПРИБЫВАТЬ БЕЛКА,6,slovo_dictionary,synth_742,synthetic
ВЫСОКОМЕРНЫЙ РАЗЛИЧНЫЙ ЗАКАЗЫВАТЬ СЛОВО ТОГДА НАКРЫВАТЬ НА СТОЛ ЖДАТЬ ВТОРНИК КАФЕТЕРИЙ,9,slovo_dictionary,synth_743,synthetic
НАПРЯЖЕНИЕ ВЫХОДНЫЕ КОРОТКИЙ,3,slovo_dictionary,synth_744,synthetic
ЭТОТ АВГУСТ ЕСЛИ НАКРЫВАТЬ НА СТОЛ ШЕСТЬ НЕДОВОЛЬНЫЙ ОДНАЖДЫ ПЯТЬ ТЫСЯЧ БОЯТЬСЯ,9,slovo_dictionary,synth_745,synthetic
БЕСПОКОИТЬСЯ ПЛАКАТЬ ВЕРОЯТНО НЕЖНЫЙ ОСНОВНОЙ ЦВЕТ ДОВОЛЬСТВО ИСКАТЬ ДОВЕРЯТЬ ГНЕВ,9,slovo_dictionary,synth_746,synthetic
СОРОК С Е НАДЕЖДА ДВЕНАДЦАТЫЙ 6 ЧАСОВ ПОЛНЫЙ НАПРАВЛЕНИЕ,8,slovo_dictionary,synth_747,synthetic
МУРАШКИ КОРОНА ШЕСТЬ ЯЗЫК ЗАБРАТЬ НИКТО ОБЫЧНЫЙ,7,slovo_dictionary,synth_748,synthetic
СПРОСИТЬ ПЕРЕД ОТКУПОРИВАТЬ ПОДАВЛЕННЫЙ ЧУЖОЙ ФУТБОЛ,6,slovo_dictionary,synth_749,synthetic
КУСАТЬ СТОЙКОСТЬ ЗАЯЦ ТЕРЯТЬ НЕРАДИВЫЙ ВИЛКА,6,slovo_dictionary,synth_750,synthetic
Л ГНЕЗДО СЮРПРИЗ,3,slovo_dictionary,synth_751,synthetic
НАМ ДУМАТЬ УЛИЦА ЖЕВАТЬ ПЕРЕВАРИВАНИЕ ПОЗДНО ПРИВЕЗТИ ОСОБЕННО СЛОВО,9,slovo_dictionary,synth_752,synthetic
ГОЛОД ПЛОХО КОМНАТА В НАСТОЯЩЕЕ ВРЕМЯ ТЁМНЫЙ НАРУЖУ,6,slovo_dictionary,synth_753,synthetic
СОТЫ СОЖАЛЕТЬ НЕПРИЯТНЫЙ ЦЕНА ОБЛЕГЧЕНИЕ,5,slovo_dictionary,synth_754,synthetic
ЖАРИТЬ ИГРАТЬ ЖУТКИЙ НАВСЕГДА ЛОШАДЬ ПОСЛЕДНИЙ РУБЛЬ СЕДЬМОЙ ИСКАТЬ ВЫ,10,slovo_dictionary,synth_755,synthetic
ЗРЕЛИЩНЫЙ ДОБРЫЙ ВЧЕРА ВСЕГДА ЗЛОБНЫЙ ДРУЖЕЛЮБНЫЙ ОШАРАШЕННЫЙ Г ОБЛЕГЧЕНИЕ,9,slovo_dictionary,synth_756,synthetic
БРЮЗЖАТЬ ПРОНЫРА РЕЛИГИЯ ПОКАЗАТЬ СТРАННЫЙ СЕРЕБРО НЕДОВОЛЬНЫЙ ОХОТНО ТЕ НАБЛЮДАТЕЛЬНОСТЬ,10,slovo_dictionary,synth_757,synthetic
ЕЩЕ БЫТЬ СОТЫ СЗАДИ КЛЮВ Ф,6,slovo_dictionary,synth_758,synthetic
ПРЕДЛОЖИТЬ ТОСТ ТЁМНЫЙ КОПЫТО СВИНЬЯ ПОЛОЖИТЕЛЬНЫЙ УРОНИТЬ,6,slovo_dictionary,synth_759,synthetic
ДОБРОПОРЯДОЧНОСТЬ ЦВЕТОВОЙ ОТТЕНОК ЗАКРЫТЬ,3,slovo_dictionary,synth_760,synthetic
В СПЕШКЕ МЕЖДУ ОДИННАДЦАТЬ ИСКАТЬ РАЗГНЕВАННЫЙ ШЕСТЬДЕСЯТ,6,slovo_dictionary,synth_761,synthetic
НАЗАД ПО ЧАСАМ СМЕЛОСТЬ ИЗУЧИТЬ В ЭТОМ ГОДУ ДЕТСКИЙ ДВАЖДЫ ВОСЕМЬ СТРАХ ЕЙ,10,slovo_dictionary,synth_762,synthetic
ХОРОШО ГЛОТАТЬ ЖАДНО НАД ИНОСТРАННЫЙ ПОДРОБНО,5,slovo_dictionary,synth_763,synthetic
ОЖИДАЮЩИЙ НЕ ВЫНОСИТЬ ОКОЛО,3,slovo_dictionary,synth_764,synthetic
КУРИЦА БОЮСЬ КУПИТЬ ДЕЛАТЬ ВРЕД НОЯБРЬ Ж ТИГР СМЕЛОСТЬ,9,slovo_dictionary,synth_765,synthetic
НЕВЕРИЕ ИЗ-ЗА ВЕЧНОСТЬ ПОДРУГА ОБЕСПОКОЕННЫЙ,5,slovo_dictionary,synth_766,synthetic
НАКОНЕЦ АЛЛИГАТОР НАКРЫВАТЬ НА СТОЛ КНИГА МУРАШКИ ОСЕЛ РОЗОВЫЙ КРУЖКА,8,slovo_dictionary,synth_767,synthetic
ОФИЦИАНТ КОГДА ГЕНИЙ МЕСТО СОБАЧИЙ ДОМИК,5,slovo_dictionary,synth_768,synthetic
ВЕЩЬ ВРЕМЯ ПОМОЧЬ НЕУВАЖЕНИЕ ПЕТУХ АККУРАТНЫЙ ЗАТЯГИВАТЬ ЖАРКИЙ,8,slovo_dictionary,synth_769,synthetic
ГОЛОДНЫЙ ВТОРНИК ПРОЩАНИЕ,3,slovo_dictionary,synth_770,synthetic
ВРЕМЯ ПО ГРИНВИЧУ ХОЛОДНЫЙ 6 ЧАСОВ ВИНА АГРЕССИВНЫЙ ВСПОМНИТЬ МОТИВИРОВАТЬ РАЗДРАЖАТЬ НАРУЖУ,9,slovo_dictionary,synth_771,synthetic
АДАПТИВНЫЙ САМОКОНТРОЛЬ МИЛЛИОН ОЖИВЛЕННЫЙ ЕЩЕ НЕТ САМООБМАН КУРИЦА,7,slovo_dictionary,synth_772,synthetic
ТИГР ОЖИДАЮЩИЙ ПРЕЗИРАТЬ ПРЕДЛОЖИТЬ ТОСТ ЦВЕТ ПОТОМ ЛЕТУЧАЯ МЫШЬ,7,slovo_dictionary,synth_773,synthetic
СПОКОЙНЫЙ МИЛЛИОН ОТЛИЧНЫЙ ОДНОВРЕМЕННОСТЬ СЧАСТЛИВЫЙ ЧАСТЬ НЕМНОГО ТВЕРДЫЙ,8,slovo_dictionary,synth_774,synthetic
ПЯТНИЦА РЕДКО ТЫ ОТЧАЯТЬСЯ,4,slovo_dictionary,synth_775,synthetic
СУХОЙ НАЛОГ СКОЛЬКО ХУДШИЙ,4,slovo_dictionary,synth_776,synthetic
ОТКЛАДЫВАТЬ АЛЛИГАТОР МИГРАЦИЯ,3,slovo_dictionary,synth_777,synthetic
ЗДЕСЬ БЛИЗКО ДЕВЯТЬСОТ ПРИНЕСТИ ЛОПАТА ЛИТЬ ЧУЖОЙ З,8,slovo_dictionary,synth_778,synthetic
МОЛОДОЙ НАЧАЛО НОЧЬ АКУЛА БЕЗ ДВАЖДЫ ГОЛОС,7,slovo_dictionary,synth_779,synthetic
ЧЕТВЕРГ ГОЛОД ЗНАТЬ ДОБРЫЙ Ы КРОКОДИЛ МИЛОСЕРДНЫЙ,7,slovo_dictionary,synth_780,synthetic
ЛОШАДЬ ЗЕЛЁНЫЙ ШУТИТЬ,3,slovo_dictionary,synth_781,synthetic
ОБЕСПОКОЕН У ДОМ СТЫДНО КОРОВА КАФЕ МЫ КУСАТЬ,8,slovo_dictionary,synth_782,synthetic
ДОСТАТОЧНО ПЕЧАЛЬ РАДОСТЬ КЛЕТКА РЫБА,5,slovo_dictionary,synth_783,synthetic
САМОВОСПРИЯТИЕ ГРУСТНЫЙ ЗУБЫ,3,slovo_dictionary,synth_784,synthetic
ЗЕЛЁНЫЙ КОГДА СИЛЬНЫЙ БЕСПОКОЙСТВО Л ОЖИВЛЕННЫЙ ДЕСЯТЬ ВЧЕРА ОТКУСЫВАНИЕ ОСТАВИТЬ,10,slovo_dictionary,synth_785,synthetic
АЛЛИГАТОР СЛАБЫЙ ПОПУГАЙ,3,slovo_dictionary,synth_786,synthetic
ДОМ АКТИВНЫЙ Ъ НЕМЕДЛЕННО НАСЕЛЯТЬ МИР СЧАСТЛИВЫЙ ПРЕДЛОЖИТЬ ТОСТ,8,slovo_dictionary,synth_787,synthetic
ВНИЗУ ДОРОГОЙ ДОВОЛЬНЫЙ ЛАНЧ,4,slovo_dictionary,synth_788,synthetic
ОДНАЖДЫ ОСТРЫЙ СОМНЕВАТЬСЯ БОЛЬШЕ ОПЫТНЫЙ САРКАЗМ УВЕРЕННЫЙ,7,slovo_dictionary,synth_789,synthetic
ОСТАНОВИТЬ МЕРТВЫЙ МУЖ МИНИМУМ МУЖСКОЙ ТУАЛЕТ,5,slovo_dictionary,synth_790,synthetic
ПРИБЫВАТЬ ЛОСЬ ПРЕДЛОЖИТЬ УЖАСНЫЙ ВЫРУЧИТЬ ПАНДА СЛУШАТЬ АДАПТИВНОСТЬ,8,slovo_dictionary,synth_791,synthetic
ДАЖЕ О ДОРОГА РОГА ТВЕРДЫЙ НЕРВНЫЙ В СПЕШКЕ ИСТЕРИК БОЛЬШЕ СТРАННЫЙ,10,slovo_dictionary,synth_792,synthetic
ЗОЛОТО ЖЕВАТЬ ИНТЕРЕСНЫЙ РУБЛЬ И,5,slovo_dictionary,synth_793,synthetic
ГОТОВЫЙ ТЫ ЭТО ВОСХОД СОЛНЦА СЛОВО ПРЕЗРЕНИЕ ПОДОЗРЕВАТЬ ДЕСЯТЬ НОЧЬ,9,slovo_dictionary,synth_794,synthetic
СЕМЬСОТ ШЕСТОЙ Е РАССЕЯННЫЙ,4,slovo_dictionary,synth_795,synthetic
ДЕВЯНОСТО ОСТРЫЙ ЦВЕТА,3,slovo_dictionary,synth_796,synthetic
ВРЕД ГОЛОД ИЗМЕНИТЬ САМОКОНТРОЛЬ,4,slovo_dictionary,synth_797,synthetic
НАБЛЮДАТЕЛЬНОСТЬ ПОЗОР ДЕНЬ ЦЕНА ИЛИ БАБОЧКА ХУДШИЙ ВОЗМОЖНЫЙ НАСЕЛЯТЬ,9,slovo_dictionary,synth_798,synthetic
БУТЫЛКА ДОВОЛЬСТВО ДОВОЛЕН НАЧАЛО Щ В,6,slovo_dictionary,synth_799,synthetic
ВОЛК ВЕСЕЛЫЙ КОРМИТЬ У ОДНОВРЕМЕННОСТЬ РАБ,6,slovo_dictionary,synth_800,synthetic
СЛЕДУЮЩИЙ КОРОТКИЙ РУКА,3,slovo_dictionary,synth_801,synthetic
ГОЛОД ОСНОВНОЙ ЦВЕТ ОДНАЖДЫ НЕ ВЫНОСИТЬ ЖАЛОСТЬ ПРОНЫРА,6,slovo_dictionary,synth_802,synthetic
НЕДОВОЛЬНЫЙ ЕХАТЬ УПАСТЬ ЗУБЫ,4,slovo_dictionary,synth_803,synthetic
ЛИТЬ ЗАКАЗЫВАТЬ БЫСТРЫЙ,3,slovo_dictionary,synth_804,synthetic
ТЁПЛЫЙ ДЕРЖАТЬ МЕНЯ КОЗА НОВОСТИ ПРИЧИНА СПРОСИТЬ ВЕСЕННЯЯ,8,slovo_dictionary,synth_805,synthetic
ВДОХНОВЕНИЕ АДАПТИВНОСТЬ БЫТЬ Л РАЗЪЯРЕННЫЙ ЧЕТВЕРГ ВТОРОЙ ПРИВЫК ПОСЛЕ ОСТАТЬСЯ,10,slovo_dictionary,synth_806,synthetic
ЧЕТВЕРТЫЙ ЛЕГКИЙ ОБУЧАТЬ ГОРЕВАТЬ АДАПТИВНОЕ ПОВЕДЕНИЕ МГНОВЕНИЕ НАКРЫВАТЬ НА СТОЛ ПОПУГАЙ ГРЯЗНЫЙ ПЯТЬ ТЫСЯЧ,10,slovo_dictionary,synth_807,synthetic
СОЖАЛЕНИЕ ЧЕРНЫЙ ДРОЖАТЬ ОДНАЖДЫ,4,slovo_dictionary,synth_808,synthetic
МИЛОСЕРДНЫЙ МИР ЗЛОСТЬ ОДИНОКИЙ ЖАРИТЬ ПРАГМАТИЧНЫЙ,6,slovo_dictionary,synth_809,synthetic
КРОМЕ КРАСНОВАТЫЙ ДОВЕРЯТЬ КРЫСА ТАКОЙ,5,slovo_dictionary,synth_810,synthetic
СКОРО ВЕСЕННЯЯ ПЛАКАТЬ НАСЕЛЯТЬ,4,slovo_dictionary,synth_811,synthetic
ПРОНЫРА НЕПРЕКЛОННЫЙ МГНОВЕНИЕ ПРИВЕТ!,4,slovo_dictionary,synth_812,synthetic
ВОЗМОЖНЫЙ ЛОШАДЬ ЧЕМОДАН ТЫ ЛУЧШЕ УВЕРЕН МИР КУБОК ПРЕНЕБРЕЖЕНИЕ,9,slovo_dictionary,synth_813,synthetic
ПОЛОЖИТЬ ЗАВИСТЬ ВОСТОК,3,slovo_dictionary,synth_814,synthetic
ОТЛИЧНЫЙ БЕСПОКОЙСТВО ЗРЕЛИЩНЫЙ БУМАГА ОСЕЛ,5,slovo_dictionary,synth_815,synthetic
НАРОД БЕСПОКОЯЩИЙ КУБОК,3,slovo_dictionary,synth_816,synthetic
ПОЧВА МАЛЕНЬКИЙ СОЖАЛЕТЬ ГЛОТАТЬ ДЕНЬ И НОЧЬ ВСЁ СРЕДА ОТТЕНОК ПОСЫЛАТЬ,9,slovo_dictionary,synth_817,synthetic
Я ОКТЯБРЬ ДИНОЗАВР НОЛЬ НЕНАВИДЕТЬ ЖАЛОСТЬ КАФЕТЕРИЙ ДЕВЯТЫЙ,8,slovo_dictionary,synth_818,synthetic
ЖАРКИЙ ОПЫТНЫЙ ДЕВЯТНАДЦАТЬ МАГАЗИН,4,slovo_dictionary,synth_819,synthetic
ЗРЕЛИЩНЫЙ Е СУМАТОХА,3,slovo_dictionary,synth_820,synthetic
ОШАРАШЕННЫЙ РЕДКО ГОВОРИТЬ ВТОРОЙ ТИГР БЫСТРЫЙ В ЭТОМ ГОДУ УГРЮМЫЙ ХУДШИЙ,9,slovo_dictionary,synth_821,synthetic
НЕУДОБСТВО ОБЫЧНЫЙ СКУЧАЮЩИЙ ОТЛОЖЕННЫЙ НОВОСТИ РЫЧАТЬ ЗУБЫ ВЕЛИКИЙ ПОМОЩНИК ПОВАРА,9,slovo_dictionary,synth_822,synthetic
ЗАБОТА ПЕРЕД НЕОЖИДАННЫЙ ЦЕМЕНТ ТЕБЯ БЛЕДНЫЙ БЫ НАШЕСТВИЕ,8,slovo_dictionary,synth_823,synthetic
ВЕЧНЫЙ НЕВЕРИЕ ГОРЕВАТЬ ОПЫТНЫЙ,4,slovo_dictionary,synth_824,synthetic
НАРОД САМОВОСПРИЯТИЕ МАЛЬЧИК ТЁПЛЫЙ ОСТОРОЖНЫЙ ДЕЛЬФИН,6,slovo_dictionary,synth_825,synthetic
РЕБЯЧЕСКИЙ ИНТЕЛЛЕКТУАЛЬНЫЙ ЗВУК СВИНЬЯ,4,slovo_dictionary,synth_826,synthetic
КРОТОСТЬ СЧАСТЬЕ БУТЫЛКА ПРЕДПОЧИТАТЬ,4,slovo_dictionary,synth_827,synthetic
БЛИЗКО ОТВРАТИТЕЛЬНЫЙ СТО ВОСХОД СОЛНЦА СЕМНАДЦАТЬ ЧУДЕСНЫЙ ЖЕНА,7,slovo_dictionary,synth_828,synthetic
ВЕЗДЕ КОПЫТО ШЕСТОЙ БЕЗ КАЛЕНДАРЬ БЛЕДНЫЙ КУПИТЬ ПАУЧЬЯ СЕТЬ ПОЗВОНИТЬ НА СЕРВИС ПРОДЛЕНИЕ,10,slovo_dictionary,synth_829,synthetic
РАБОТАТЬ ДИНОЗАВР ПОКА СЮРПРИЗ ХОЛОДНЫЙ ЛУЧШИЙ ВАС ВЕЧНЫЙ МИНУТА РАЗДРАЖАТЬ,10,slovo_dictionary,synth_830,synthetic
ЧУВСТВОВАТЬ ЛЕВЫЙ ОКОЛО НЕСЧАСТЬЕ НАД,5,slovo_dictionary,synth_831,synthetic
МИНИМУМ ВОЗМОЖНО ОБНИМАТЬ НАКОНЕЦ-ТО ЛЕЖАТЬ НАПУГАННЫЙ НАШЕСТВИЕ,7,slovo_dictionary,synth_832,synthetic
НЕМЕДЛЕННЫЙ ПОДОЗРЕВАТЬ СПАТЬ ВЕЧНЫЙ,4,slovo_dictionary,synth_833,synthetic
ОКУНАТЬ ПЯТЫЙ 6 ЧАСОВ ПОВАР ЦЕЛЫЙ ПРИЧИНА ВОСКРЕСЕНЬЕ ПОКАЯНИЕ ВЫСОКОМЕРНЫЙ,9,slovo_dictionary,synth_834,synthetic
СЛОН К СПРОСИТЬ,3,slovo_dictionary,synth_835,synthetic
ПОСЛЕДНИЙ СТРОГИЙ АКУЛА ВЫ ИЗМОЖДЕННЫЙ ОТВРАЩЕНИЕ КАЛЕНДАРЬ СПАТЬ СТОРОНА,9,slovo_dictionary,synth_836,synthetic
МЯТЕЖНЫЙ В ТО ВРЕМЯ КАК ВЕСЕННЯЯ ВОСЕМЬСОТ ПОКАЗАТЬ ЦВЕТ,6,slovo_dictionary,synth_837,synthetic
МОЧЬ ПОСЫЛАТЬ РАЗРЫДАТЬСЯ ЕСТЬ ОБЛАДАТЬ НЕУВАЖЕНИЕ,6,slovo_dictionary,synth_838,synthetic
НАЗАД МЫШЬ ПАУЧЬЯ СЕТЬ ИЗНОШЕННЫЙ ПОКАЯНИЕ ВИДЕТЬ ЖАДНОСТЬ ПОЧКИ,8,slovo_dictionary,synth_839,synthetic
НАДОЕЛО БЛЕДНЫЙ НОСОРОГ,3,slovo_dictionary,synth_840,synthetic
ПЯТЬСОТ ЕСЛИ БУДУЩЕЕ УРОНИТЬ ПРОДУМАННЫЙ САМООБМАН ВАШ НЕРАДИВЫЙ НАДЕЯТЬСЯ,9,slovo_dictionary,synth_841,synthetic
СОМНЕВАТЬСЯ ПРЕДЛОЖИТЬ ТОСТ Щ НАРУЖУ ЧЕРНЫЙ ЕЙ ЗАПАД РАЗРЫДАТЬСЯ РАД ГРЯЗНЫЙ,10,slovo_dictionary,synth_842,synthetic
ПЕРЕД СЛЕДОВАЛО Х ДВАЖДЫ,4,slovo_dictionary,synth_843,synthetic
ВЛЮБИТЬСЯ ЧАС СОЖАЛЕТЬ ТРИСТА НАШ,5,slovo_dictionary,synth_844,synthetic
НАПРАВЛЕНИЕ ЖДАТЬ САМООСОЗНАНИЕ ЖАДНО ЕСТЬ СИЛЬНЫЙ НАХАЛЬНЫЙ ИСПОРЧЕННЫЙ,7,slovo_dictionary,synth_845,synthetic
НЕОБХОДИМЫЙ ТЕ ПРИБЫВАТЬ ТАК СЕБЕ ПРОДАТЬ,5,slovo_dictionary,synth_846,synthetic
КОЗА Щ БЫСТРО ОЖИВЛЕННЫЙ,4,slovo_dictionary,synth_847,synthetic
ТРИНАДЦАТЬ ЧАСТЬ АЛЛЕРГИЯ НА ЕДУ,3,slovo_dictionary,synth_848,synthetic
КРЕВЕТКА ПОКА НОГА ОТЧАЯТЬСЯ ИСПУГАННЫЙ ОСТРОУМИЕ ПОЗОР,7,slovo_dictionary,synth_849,synthetic
ВОСЕМЬ ПРОДУМАННЫЙ Е ЛИЦО БЕЗ ЛЮБОПЫТНЫЙ ЖАДНЫЙ ПРИВЫК Т СЛЫШАТЬ,10,slovo_dictionary,synth_850,synthetic
ЛЕЖАТЬ ОСТОРОЖНЫЙ ВИТАМИН ПРОНЫРА ОДНОВРЕМЕННОСТЬ БЕГЕМОТ АККУРАТНЫЙ,7,slovo_dictionary,synth_851,synthetic
ВОСКРЕСЕНЬЕ ЭТИ ХОРОШИЙ ВЧЕРА,4,slovo_dictionary,synth_852,synthetic
СТАРЫЙ ВЕРОЯТНО МУЖСКОЙ ТУАЛЕТ МНОГО ЗАКУСКА ПЕРЕД ЕДОЙ,5,slovo_dictionary,synth_853,synthetic
ЛЕТУЧАЯ МЫШЬ ДЕТСКИЙ ВОЗМОЖНЫЙ ПЯТЬ ТЫСЯЧ,4,slovo_dictionary,synth_854,synthetic
ПОДАВЛЕННЫЙ ВРАЖДЕБНЫЙ КРУЖКА ШУТИТЬ ЕЖЕДНЕВНЫЙ СОБАЧИЙ ДОМИК СОБИРАТЬ,7,slovo_dictionary,synth_855,synthetic
ОТВЕТСТВЕННЫЙ НЕРАДИВЫЙ ИЛИ ЗЛО В ВОСЕМЬ ПЯТНАДЦАТЬ ВЫСОКОМЕРНЫЙ,6,slovo_dictionary,synth_856,synthetic
СЕРЕБРО СИНИЙ И НРАВИТЬСЯ ИСТЕРИК МЫШЬ ОТКРЫТЬ ВЕРБЛЮД ПЕРВЫЙ ПОДЛИННЫЙ,10,slovo_dictionary,synth_857,synthetic
ИСПОРЧЕННЫЙ ГРУБЫЙ ЦЕНА Щ,4,slovo_dictionary,synth_858,synthetic
ОКУНАТЬ РАЗЪЯРЕННЫЙ САМОВОСПРИЯТИЕ ОТКРЫТЬ В ЭТОМ ГОДУ ИНОСТРАННЫЙ ГРУСТНЫЙ ЛЕВ ОХОТНО ВТОРОЙ,10,slovo_dictionary,synth_859,synthetic
УЖАСНЫЙ Щ ЖЕНАТ ОДИННАДЦАТЬ ЗЛОСТЬ АДАПТИВНОСТЬ НАКРЫВАТЬ НА СТОЛ ПУСТОЙ МУЖЕСТВЕННОСТЬ МИГРАЦИЯ,10,slovo_dictionary,synth_860,synthetic
БОЛИТ ПИТЬ ЗАВИСТЬ ОПАСНЫЙ ПО ЧАСАМ,5,slovo_dictionary,synth_861,synthetic
ГРЯЗНЫЙ ПРОДЛЕНИЕ ЗАЯЦ БИЛЕТ СПРОСИТЬ НОЛЬ ПЯТНАДЦАТЬ,7,slovo_dictionary,synth_862,synthetic
ЗОЛОТО РЫБА РОЗОВАТО-ЛИЛОВЫЙ ПАМЯТЬ ШКОЛА ДОМАШНЕЕ ЖИВОТНОЕ,6,slovo_dictionary,synth_863,synthetic
ШЕСТОЙ РЫБА ТАЛАНТ СЛИШКОМ ВЫСОКОМЕРНЫЙ ЗАНЯТЫЙ ОТТЕНОК,7,slovo_dictionary,synth_864,synthetic
РАБ НЕ УВЕРЕН ВЕСЕННЯЯ ТРИДЦАТЬ,5,slovo_dictionary,synth_865,synthetic
ДОМАШНЕЕ ЖИВОТНОЕ ВРЕМЯ ПО ГРИНВИЧУ ЖЕЛТЫЙ ВОЙ ЛЕНИВЫЙ,5,slovo_dictionary,synth_866,synthetic
ВОСХОД СОЛНЦА ВТОРНИК СЕДЬМОЙ РЫЧАТЬ НАПРЯЖЕНИЕ ШКОЛА ЖЕЛАТЬ ЗАВИСТЬ ГНЕЗДО СЮРПРИЗ,10,slovo_dictionary,synth_867,synthetic
НЕУВАЖЕНИЕ ИНТЕРЕСНЫЙ ДИСТРЕСС,3,slovo_dictionary,synth_868,synthetic
СРАЗУ ВЗДРАГИВАТЬ ЛИЦЕМЕРНЫЙ ДОМ ТЁМНЫЙ ОСОБЕННЫЙ ПЕЧАЛЬ УЖЕ,8,slovo_dictionary,synth_869,synthetic
ЗВЕРЬ ДРУЖЕЛЮБНЫЙ ГРЯЗНЫЙ ВЗДРАГИВАТЬ СТРАННЫЙ,5,slovo_dictionary,synth_870,synthetic
КОГОТЬ МУЖСКОЙ ТУАЛЕТ Б ЭТО БЫТЬ ПОТРЯСЕННЫМ ВРЕМЯ ДЛЯ ИЗМЕРЕНИЙ ЧЕМОДАН ОТКРЫТЬ ДЕЛАТЬ ВЫВОДЫ РАССЛАБЛЕНИЕ,10,slovo_dictionary,synth_871,synthetic
ОТВАЖИТЬСЯ КРЕВЕТКА СОГЛАСНО СОЖАЛЕНИЕ ВОСЕМЬ ДЯТЕЛ СВИНЬЯ ВКУСНЫЙ,8,slovo_dictionary,synth_872,synthetic
РАБОТАТЬ РЫЧАТЬ ЖАЖДУЩИЙ НАЙТИ МНЕ,5,slovo_dictionary,synth_873,synthetic
ЗОЛОТО САМОВОСПРИЯТИЕ ОТЕЦ УГРЮМЫЙ ВОДОПЛАВАЮЩЕЕ ИСПОЛЬЗОВАТЬ ОТ,7,slovo_dictionary,synth_874,synthetic
ОТТЕНОК ШУТИТЬ ДЕРЖАТЬ ХОЛОДНЫЙ МУЖСКОЙ ТУАЛЕТ УЖАСНЫЙ АНИМАТОР СОБИРАТЬ ДВАЖДЫ ПРИБЫВАТЬ,10,slovo_dictionary,synth_875,synthetic
ШЕСТЬ ВОДОПЛАВАЮЩЕЕ ТЫ ПОДАВЛЕННЫЙ ОШЕЛОМИТЬ ЖЕСТОКИЙ ОДНАЖДЫ СОТЫ СТРАСТЬ ОЖИДАТЬ,10,slovo_dictionary,synth_876,synthetic
СЕГОДНЯ АРОМАТНЫЙ РАССЕЯННЫЙ МОЛОДОЙ ИСТЕРИК ПЛАКАТЬ РОГА ЖАЖДУЩИЙ ПЫЛЕСОС,9,slovo_dictionary,synth_877,synthetic
ЕСТЬ ОБЛАДАТЬ ЖАЖДУЩИЙ,3,slovo_dictionary,synth_878,synthetic
ЖИРАФ КОТОРЫЙ НЕУДОБНО НИЧЕГО СКОРБЕТЬ СТРАШНЫЙ,6,slovo_dictionary,synth_879,synthetic
НОСОРОГ ОТВАЖИТЬСЯ ЗАДЕРЖИВАТЬ 7:45 КРОКОДИЛ ЕЁ БЫТЬ,7,slovo_dictionary,synth_880,synthetic
ВЕЩЬ Э ДЕНЬ И НОЧЬ ХОТЕТЬ ОДЕРЖИМЫЙ БЕЗ ОЖИДАЮЩИЙ,7,slovo_dictionary,synth_881,synthetic
НАПУГАННЫЙ РАЗДРАЖАТЬ ТАКОЙ НАРОД ТАК СЕБЕ ВОСХОД СОЛНЦА НАЧАЛО ПОДОЗРЕВАТЬ,8,slovo_dictionary,synth_882,synthetic
ВЕЛИКИЙ ПЕРВЫЙ ОКТЯБРЬ,3,slovo_dictionary,synth_883,synthetic
ВСПОМНИТЬ МЫШЬ ВСЕ ОБНИМАТЬ ЖИТЬ ТЕРПЕНИЕ,6,slovo_dictionary,synth_884,synthetic
ЛЕННОСТЬ ПЛОХО КОРОТКИЙ ДРУЖЕЛЮБНЫЙ КАФЕ ДОБРОПОРЯДОЧНОСТЬ ЗВЕРЬ НАКОНЕЦ,8,slovo_dictionary,synth_885,synthetic
ХОТЕТЬ ДЕВОЧКА МЕНЯ ДОМАШНЕЕ ЖИВОТНОЕ ВОЗРАДОВАТЬСЯ НЕЛОВКИЙ; НЕУКЛЮЖИЙ СОЛНЦЕ НИКОГДА,8,slovo_dictionary,synth_886,synthetic
ВОЗМОЖНЫЙ МЯТЕЖНЫЙ ОБЕСПОКОЕННЫЙ ВВЕРХ ТВЕРДЫЙ НЕВИНОВНЫЙ ОРАНЖЕВЫЙ ДЕЛАТЬ ТЕМНОТА ТЕПЕРЬ,10,slovo_dictionary,synth_887,synthetic
ВОСХИЩЕНИЕ ОТВРАЩЕНИЕ ЮГ АГРЕССИВНЫЙ ЖИРАФ ЦВЕТОВОЙ ОТТЕНОК ОСТРОУМИЕ,7,slovo_dictionary,synth_888,synthetic
ОСОБЕННЫЙ ОДИННАДЦАТЫЙ ШЕСТЬДЕСЯТ ВОЗБУЖДЕННЫЙ ТЕПЕРЬ НЕДЕЛЯ,6,slovo_dictionary,synth_889,synthetic
ГРУСТНЫЙ Ц ТОГДА,3,slovo_dictionary,synth_890,synthetic
РАЗЪЯРЕННЫЙ СЕМЬСОТ БРАТ БЫ ИМПУЛЬС БЛЕДНЫЙ АЛЛИГАТОР,7,slovo_dictionary,synth_891,synthetic
ВЕЧЕР ЗНАЧИТЬ НОЧЬ ОДИННАДЦАТЬ ДЕЛАТЬ МЕЛКИЙ ГЛОТОК ЛУЧШЕ ДОМИНАНТНЫЙ КОМАР ГЛОТАТЬ ЖАДНО,9,slovo_dictionary,synth_892,synthetic
ПРЕДПОЧИТАТЬ ЦВЕТ ОТЛОЖИТЬ,3,slovo_dictionary,synth_893,synthetic
ПРИБЫВАТЬ НОВОСТИ И БЕСПОКОЯЩИЙ СОМНЕНИЕ МОЧЬ СТРАННЫЙ КРЫЛО,8,slovo_dictionary,synth_894,synthetic
ЗВЕРЬ КОРОТКИЙ ПРИЙТИ ТЕРЯТЬ,4,slovo_dictionary,synth_895,synthetic
ДЕВЯТЬСОТ КНИГА Ю ВРАЖДЕБНЫЙ ВЫХОДНЫЕ,5,slovo_dictionary,synth_896,synthetic
ДЛИННЫЙ ЦЕНА РЫЧАТЬ,3,slovo_dictionary,synth_897,synthetic
ЕСТЬ ВОСТОК ОТЛОЖИТЬ КОГДА БОЛЬ СЕРЕБРО ВРЕМЯ,7,slovo_dictionary,synth_898,synthetic
БОЛЬ БЕЗ ДОБРЫЙ ПАВЛИН,4,slovo_dictionary,synth_899,synthetic
ЗДЕСЬ ДЯТЕЛ НОЛЬ Я ГЕНИЙ СЛЕДОВАЛО,6,slovo_dictionary,synth_900,synthetic
ДОБРОТА ПОЗДНИЙ НЕОБХОДИМЫЙ ВСКРУЖИТЬ Ц ДОЛЖЕН ВОДА,7,slovo_dictionary,synth_901,synthetic
ЗЕЛЁНЫЙ ДВЕНАДЦАТЬ ГРЯЗНЫЙ ПРИЕМ ПИЩИ,4,slovo_dictionary,synth_902,synthetic
МУРАШКИ СРАЗУ ЧАСЫ ПРАВЫЙ ДИКОЕ ЖИВОТНОЕ,5,slovo_dictionary,synth_903,synthetic
БЕСПОКОЙНЫЙ РЫБА НОГА ДЕСЯТЬ ЛИЧНЫЕ КАЧЕСТВА ЧАШКА ЗАБРАТЬ ВРАЖДЕБНЫЙ,8,slovo_dictionary,synth_904,synthetic
ЦВЕТ ПОДНОС МУЖЕСТВЕННОСТЬ АГРЕССИЯ ВРЕМЕННЫЙ СПОСОБ,6,slovo_dictionary,synth_905,synthetic
ПРИНЕСТИ НЕНАВИДЕТЬ МУЖ ВОЙ МАЛЕНЬКИЙ,5,slovo_dictionary,synth_906,synthetic
МОТИВАЦИЯ СКАЗАТЬ ЗАДЕРЖИВАТЬ КОТОРЫЙ КОГОТЬ ИСПЫТЫВАТЬ СЛЕДОВАЛО ГЛОТАТЬ,8,slovo_dictionary,synth_907,synthetic
ПОЧКИ ПОМОЩНИК ПОВАРА ДИНОЗАВР ЦВЕТОВОЙ ОТТЕНОК ХОТЕТЬ НАИВНЫЙ ОБЫЧНЫЙ Т 2 ЧАСА АНИМАТОР,10,slovo_dictionary,synth_908,synthetic
ВСЕ ЕСТЬ ВЛЮБЛЕННЫЙ САМОВОСПРИЯТИЕ ОЖИВЛЕННЫЙ ВЫХОДНЫЕ ТИГР,7,slovo_dictionary,synth_909,synthetic
ИДТИ ДЕНЬ ОЖИДАЮЩИЙ ЖИРАФ ДОБРОПОРЯДОЧНОСТЬ СПРОСИТЬ В ВОСЕМЬ ПЯТНАДЦАТЬ ЗЕЛЁНЫЙ,8,slovo_dictionary,synth_910,synthetic
ОБНИМАТЬ ЗАБЫТЬ ПОСТОЯННЫЙ КОТОРЫЙ БЕСПОКОИТЬСЯ ШКОЛА ТАМ ОСЕНЬ,8,slovo_dictionary,synth_911,synthetic
НАДЕЖДА ПОСЛЕ БЕСПОКОЙСТВО ВРЕДНЫЙ; ОЗОРНОЙ ДО,5,slovo_dictionary,synth_912,synthetic
ЮГ ИЗМЕНИТЬ ОДИННАДЦАТЫЙ ВСТРЕТИТЬ ИНОГДА ЗАВАРОЧНЫЙ ЧАЙНИК АГРЕССИЯ,7,slovo_dictionary,synth_913,synthetic
Ш ВЫСОКИЙ ВРЕМЯ ПО ГРИНВИЧУ,3,slovo_dictionary,synth_914,synthetic
КОРИЧНЕВЫЙ НЕРАДИВЫЙ ХОРОШО ЖЕНЩИНА ПУТЕШЕСТВОВАТЬ ДОВОЛЕН САМОМНЕНИЕ ПЯТЬ ЕЁ ДОБРО ПОЖАЛОВАТЬ!,10,slovo_dictionary,synth_915,synthetic
ВНУТРЕННЕЕ ПРИВЕТ! ВРАЖДЕБНЫЙ МЕДВЕДЬ,4,slovo_dictionary,synth_916,synthetic
Я НОСОРОГ НИЗКИЙ Л СМОТРЕТЬ,5,slovo_dictionary,synth_917,synthetic
ОСОБЕННО НЕВОЗМОЖНЫЙ ПОСТЕПЕННО,3,slovo_dictionary,synth_918,synthetic
ПЕЧАЛЬ ТЩЕСЛАВНЫЙ ЛИЦЕМЕРНЫЙ ОЧЕНЬ ПЧЕЛА ДОМИНИРУЮЩИЙ ЖЕЛАНИЕ ВИЛЯТЬ,8,slovo_dictionary,synth_919,synthetic
ПОЛОЖИТЬ ПОЛНЫЙ ЖЕЛАНИЕ ПЛАВНИК УРОНИТЬ ОТНОШЕНИЕ НЕВИНОВНЫЙ МЕНЯ УВЕРЕННЫЙ ОВЦА,10,slovo_dictionary,synth_920,synthetic
АДАПТИВНОЕ ПОВЕДЕНИЕ ОБМАНЧИВОСТЬ САМООБМАН СВЕРХУ,4,slovo_dictionary,synth_921,synthetic
МОТИВИРОВАТЬ ПЫЛЕСОС КРУЖКА КОРОНА СКУЧАЮЩИЙ Ъ ЯЗЫК ВЕЧЕР ВКУС ПОСТЕПЕННО,10,slovo_dictionary,synth_922,synthetic
ДОСТАТОЧНО ВИНА ПЕРЕВОДИТЬ ТРЕТИЙ БАШЕННЫЕ ЧАСЫ ОТЕЦ ПОМОЧЬ НАПРЯЖЕНИЕ У,9,slovo_dictionary,synth_923,synthetic
НЕВОЗМОЖНЫЙ СТРОГИЙ СЕМЬ ЖИРАФ,4,slovo_dictionary,synth_924,synthetic
ЗОЛОТОЙ ПИСАТЬ Щ АГРЕССИЯ ОКТЯБРЬ,5,slovo_dictionary,synth_925,synthetic
СОРОК ЮГ ЖЕНЩИНА СИЛЬНЫЙ,4,slovo_dictionary,synth_926,synthetic
ОТКЛАДЫВАТЬ ПРОЩАНИЕ ШЕСТОЙ ПОЛОЖИТЬ СЕМЬДЕСЯТ ВИЛЯТЬ МИЛОСЕРДНЫЙ ОЗАБОЧЕННЫЙ СНАЧАЛА,9,slovo_dictionary,synth_927,synthetic
ИНТЕЛЛЕКТУАЛЬНЫЙ СЕМНАДЦАТЬ ЛУЧШЕ,3,slovo_dictionary,synth_928,synthetic
КРОТОСТЬ ТЫ ЧТО ЗЕЛЁНЫЙ,4,slovo_dictionary,synth_929,synthetic
КУСОК НАПРАВЛЕНИЕ МУРАШКИ,3,slovo_dictionary,synth_930,synthetic
ПРЕДАННЫЙ ТРЕТИЙ ВИЛЯТЬ НЕЛОВКИЙ; НЕУКЛЮЖИЙ НАЗНАЧЕННОЕ ВРЕМЯ,5,slovo_dictionary,synth_931,synthetic
МАЛЕНЬКИЙ П МЫТЬ ОТВРАТИТЕЛЬНЫЙ,4,slovo_dictionary,synth_932,synthetic
АГРЕССИЯ ПРИЧИНА ЛИЦО РВЕНОСТЬ Ч ВРЕДНЫЙ; ОЗОРНОЙ АДАПТИВНЫЙ,7,slovo_dictionary,synth_933,synthetic
ПРОВЕРИТЬ ИНТЕРЕСНЫЙ ЛЮБОПЫТНЫЙ,3,slovo_dictionary,synth_934,synthetic
ОТЧАЯННЫЙ ЧИСТЫЙ ВЫСОКОМЕРНЫЙ ХОРОШИЙ СЕРДИТЫЙ МИНИМУМ,6,slovo_dictionary,synth_935,synthetic
РАНЕЕ ЖИТЬ КОРОНА ОТКРЫТЬ,4,slovo_dictionary,synth_936,synthetic
ВЕЛИКИЙ Ч ТЫСЯЧА БУМАГА МАТЬ САРКАЗМ АЛЛЕРГИЯ НА ЕДУ ХУДШИЙ СКОРБЕТЬ,9,slovo_dictionary,synth_937,synthetic
ГЛУПЫЙ ПАНДА ДВЕ ТЫСЯЧИ БЕГЕМОТ,4,slovo_dictionary,synth_938,synthetic
ЗАБОТА СЧАСТЬЕ КУСОК КУСАТЬ СЛОН БЕЗУМНО ОБЪЯТИЕ С ТЕХ ПОР КАК ДА ОШАРАШЕННЫЙ,10,slovo_dictionary,synth_939,synthetic
БЫК ЛИЦЕМЕРНЫЙ ЖАРИТЬ НИКОГДА ТЁМНЫЙ ПОСЛЕДНИЙ ПЯТЬ СТЫДНО,8,slovo_dictionary,synth_940,synthetic
УРОНИТЬ ЖАДНО ЕСТЬ ПРЕЗРЕНИЕ,3,slovo_dictionary,synth_941,synthetic
ЕСТЬ ЭТОТ ИНАЧЕ ПРИВЕТ! СИЛЬНЫЙ,5,slovo_dictionary,synth_942,synthetic
МУЖСКОЙ ТУАЛЕТ ПРЕЗИРАТЬ БРАТ РАННИЙ ЗАТЕМ; ПОТОМ СЕМЬСОТ ПРЕНЕБРЕЖЕНИЕ ЧАСТЬ ВРЕМЯ ПО ГРИНВИЧУ,9,slovo_dictionary,synth_943,synthetic
ЦВЕТ БРЮЗЖАТЬ ПОТОМ КОМНАТА ПРИВЕЗТИ ЖДАТЬ ПИНГВИН ГЛОТАТЬ ДЕКАБРЬ,9,slovo_dictionary,synth_944,synthetic
РАННИЙ ВРЕМЯ ДЛЯ ИЗМЕРЕНИЙ СЛЫШАТЬ СОБАКА ЗАСТЕНЧИВЫЙ ПОКАЗАТЬ ОТЛОЖИТЬ РАСПРЕДЕЛЯТЬ ВЕРНЫЙ САМООСОЗНАНИЕ,10,slovo_dictionary,synth_945,synthetic
УДИВЛЁН ОСЕЛ ТЕРПЕТЬ ПОД ТЕРПЕНИЕ ЗРЕЛИЩНЫЙ ЮГ ЗАБОТА ЦВЕТА ТЕМНОТА,10,slovo_dictionary,synth_946,synthetic
КОМАР ХОРОШИЙ ОБЕЗЬЯНА ИМ 7:45 ДАТЬ БАНКЕТ ПОВЕРХНОСТНЫЙ ЧЕТЫРЕСТА,9,slovo_dictionary,synth_947,synthetic
ВДОХНОВЛЯТЬ ЖАДНОСТЬ МЕСТО ОТРИЦАТЕЛЬНЫЙ СМЕХ СЗАДИ ПТИЦА ДВАДЦАТЬ,8,slovo_dictionary,synth_948,synthetic
ЗНАЧИТ ДОБРО ПОЖАЛОВАТЬ! БЕСПОКОИТЬСЯ КЛЮВ,4,slovo_dictionary,synth_949,synthetic
СВОБОДНЫЙ МОЙ ГОЛОС ВОЗМОЖНО ПРАВЫЙ ОСЕЛ ИЗМЕНИТЬ ДНЕМ,8,slovo_dictionary,synth_950,synthetic
СЛЫШАТЬ ОЖИВЛЕННЫЙ РАССЕРДИТЬСЯ ПОЛНЫЙ КРЕСТ,5,slovo_dictionary,synth_951,synthetic
ДАЖЕ ЗАБОТА РАБ ЛЕГКИЙ ИМ СКРОМНЫЙ ШЕСТНАДЦАТЬ ПРОЗРАЧНЫЙ,8,slovo_dictionary,synth_952,synthetic
КРАСИВЫЙ СТРАДАНИЕ Ё СТРАДАТЬ ОСТОРОЖНЫЙ ОТВРАТИТЕЛЬНЫЙ ПРОЗРАЧНЫЙ ДОРОГА ПЕЧАЛЬ,9,slovo_dictionary,synth_953,synthetic
ПЛАТИТЬ КОРМИТЬ РАССЛАБИТЬСЯ,3,slovo_dictionary,synth_954,synthetic
САМОМНЕНИЕ НАПРАВЛЕНИЕ ДЕКАБРЬ,3,slovo_dictionary,synth_955,synthetic
ЧЕТВЕРТЫЙ ПОКРАСНЕТЬ 7:45 НЕ ВЫНОСИТЬ СПОКОЙНЫЙ НЕПОСЛУШНЫЙ ОПЯТЬ Ё ПРИЯТНЫЙ РАНЕЕ,10,slovo_dictionary,synth_956,synthetic
ЧЕТЫРЕ ТЫСЯЧИ ЖЁЛТЫЙ БЛАГОПОЛУЧИЕ ПРИЛИЧНЫЙ ТАЛАНТ Х ШЕСТОЙ,7,slovo_dictionary,synth_957,synthetic
ОДЕЖДА ЛЮБОВНЫЙ КУБОК ГРЯЗНЫЙ САМОПРОВЕРКА С,6,slovo_dictionary,synth_958,synthetic
ИСКАТЬ НАЧАТЬ НЕСКОЛЬКО ПРЕЗРЕНИЕ СЕВЕР ОТЧАЯННЫЙ РАСПРЕДЕЛЯТЬ НАД КОТОРЫЙ,9,slovo_dictionary,synth_959,synthetic
ПЯТЬ ТЫСЯЧ МЕЖДУ КАНУН ВКУС ГЛОТАТЬ НОВЫЙ ПОНЯТЬ ИЛИ ГОЛОД ВРЕМЯ 11 ЧАСОВ,10,slovo_dictionary,synth_960,synthetic
ДЕВЯТЬ УЛИЦА СПРОСИТЬ АДАПТИВНОЕ ПОВЕДЕНИЕ ПРОДЛЕВАТЬ ТРИ ТЫСЯЧИ ПЯТЬДЕСЯТ,7,slovo_dictionary,synth_961,synthetic
САМОАНАЛИЗ ДОБРОТА КАРАНДАШ НАВЕРХУ ДОВОЛЬСТВО,5,slovo_dictionary,synth_962,synthetic
БЫК ЧИСТЫЙ ОТВРАЩЕНИЕ ПОСТЕПЕННО ХОРОШИЙ ТОЖЕ ПЛОХОЙ БУДУ,8,slovo_dictionary,synth_963,synthetic
ОБЕСПОКОЕННЫЙ ПОКА (ЧТО) МГНОВЕНИЕ ЗАПАД Г ВСЁ БЛАГОДАРНОСТЬ ЕЁ,8,slovo_dictionary,synth_964,synthetic
СОБИРАТЬ БРАТ ИМЯ НОВЫЙ,4,slovo_dictionary,synth_965,synthetic
ЦВЕТОВОЙ ОТТЕНОК ГРЯЗНЫЙ ДОЛЖЕН,3,slovo_dictionary,synth_966,synthetic
СЕМЬ МЕДУЗА ЗАКОНЧИТЬ ДЕНЬГИ ЖАЖДУЩИЙ ОТВРАТИТЕЛЬНЫЙ СЛЫШАТЬ СЛЕДОВАЛО,8,slovo_dictionary,synth_967,synthetic
МИЛОСЕРДНЫЙ ВЕЖЛИВЫЙ ОКТЯБРЬ СМЕЛОСТЬ РУБЛЬ А МОТИВАЦИЯ ПРИРУЧЕННЫЙ,8,slovo_dictionary,synth_968,synthetic
ПАУК СМЕХ ЖАРКИЙ ТРИ ТЫСЯЧИ НОЧЬ ПЕЧАЛЬ ЕЖИК ЧЕТЫРЕ РАССТРОЙСТВО Ц,10,slovo_dictionary,synth_969,synthetic
ОЖИДАЮЩИЙ ВРЕМЕННЫЙ ТАКОЙ ВОСТОК,4,slovo_dictionary,synth_970,synthetic
БЕЗОПАСНЫЙ НЕДЕЛЯ ЖЕЛТЫЙ,3,slovo_dictionary,synth_971,synthetic
АКУЛА ТЕРПЕНИЕ ЧЕТЫРНАДЦАТЬ ДРУЖЕЛЮБНЫЙ ПОЛУЧИТЬ КРАСНЫЙ ЧИСТЫЙ ЗАМУЖЕМ,8,slovo_dictionary,synth_972,synthetic
Ц ПЛОХОЙ НАВЕРХУ РАБ Э,5,slovo_dictionary,synth_973,synthetic
ДЕНЬГИ КОРОНА ГОРЕВАТЬ Ч ЖЁСТКИЙ БОЛИТ САМОКОНТРОЛЬ ИМ КРОКОДИЛ,9,slovo_dictionary,synth_974,synthetic
ГОРЮЮЩИЙ РЫДАТЬ НОВОСТИ,3,slovo_dictionary,synth_975,synthetic
ПИСАТЬ ВИТАМИН БЛАГОДАРНОСТЬ ЕСЛИ БУДУ ПРОЩАНИЕ ДЕШЁВЫЙ ДРУГОЙ ЖИЗНЬ ПОДРУГА,10,slovo_dictionary,synth_976,synthetic
ВОЗБУЖДАТЬ ВАМ МЕСЯЦ ЧЕМОДАН УЖАСНЫЙ РАССЕЯННЫЙ ЗАСТЕНЧИВЫЙ ИСПОЛЬЗОВАТЬ,8,slovo_dictionary,synth_977,synthetic
НЕПРИЯТНЫЙ НЕДАВНИЙ ПРЕДАННЫЙ ОБНИМАТЬ БЛИЗКО НАПРЯЖЕНИЕ ПЕЧАЛЬ КРЫСА ИЗМОЖДЕННЫЙ ЛЕЧЬ,10,slovo_dictionary,synth_978,synthetic
Е ДУМАТЬ СЗАДИ ВРЕМЕННЫЙ ГРУБЫЙ БЕЛЫЙ ЖЕНЩИНА ПРЕДЛОЖИТЬ ТОСТ ИНАЧЕ ВСЕГДА,10,slovo_dictionary,synth_979,synthetic
УВЕРЕННЫЙ САМООБМАН Ж ПОГОДА ТВЕРДЫЙ,5,slovo_dictionary,synth_980,synthetic
ДАТЬ ИСПУГАННЫЙ ЛЕВЫЙ В СПЕШКЕ ВСЕГДА,5,slovo_dictionary,synth_981,synthetic
ПОСТОЯННЫЙ ВЕЩЬ МИЛЛИОН ДОБРОТА,4,slovo_dictionary,synth_982,synthetic
ОБЫЧНЫЙ НЕПОСЛУШНЫЙ БОЛЬШОЙ СТАРЫЙ БОЮСЬ,5,slovo_dictionary,synth_983,synthetic
СРЕДА УДИВЛЁН ГОРЮЮЩИЙ ПРИВЕТ! ДВЕСТИ ЖАРИТЬ,6,slovo_dictionary,synth_984,synthetic
КНИГА ОСЕЛ СТАРЫЙ ЛИТЬ БЛИЗКО,5,slovo_dictionary,synth_985,synthetic
ВОЗБУЖДЕННЫЙ ТЕРЯТЬ ЛЕГКИЙ ЭТОТ ГАВКАНЬЕ СМОТРЕТЬ ОЛЕНЬ,7,slovo_dictionary,synth_986,synthetic
КОЗЕЛ ТОЧНО СКАЗАТЬ,3,slovo_dictionary,synth_987,synthetic
КУПИТЬ ДОРОГА ОТНОШЕНИЕ НЕДАВНИЙ С ДНЕМ РОЖДЕНИЯ ПОКАЗАТЬ ИМ,7,slovo_dictionary,synth_988,synthetic
РАЗЪЯРЕННЫЙ НАВЕРХУ ДЕНЬ И НОЧЬ ПЯТЬДЕСЯТ,4,slovo_dictionary,synth_989,synthetic
ИЗВЕСТНЫЙ ЛОГИЧНЫЙ БЕЛЫЙ ОСОБЕННЫЙ НОЛЬ ДОБРОПОРЯДОЧНОСТЬ ТИГР ХОРОШО ВТОРОЙ ЭТОТ,10,slovo_dictionary,synth_990,synthetic
МЕСТО ДЛЯ ПИКНИКА ХУДШИЙ НРАВИТЬСЯ СЕМЬЯ,4,slovo_dictionary,synth_991,synthetic
В РАССТРОЙСТВО А,3,slovo_dictionary,synth_992,synthetic
ДОВОЛЬНО НЕРВНЫЙ ТЕБЕ НЕМНОГО Щ НАКОНЕЦ-ТО ГОЛОВА ВСЁ ЗОЛОТОЙ С,10,slovo_dictionary,synth_993,synthetic
ИМЕТЬ ПРОТИВ ЗАВАРОЧНЫЙ ЧАЙНИК ИДТИ ЧУДЕСНЫЙ,5,slovo_dictionary,synth_994,synthetic
НАЗАД Г НЕМЕДЛЕННЫЙ,3,slovo_dictionary,synth_995,synthetic
ДОБРЫЙ НЕДАВНИЙ ДОБРОПОРЯДОЧНОСТЬ ИСПУГАННЫЙ РАННИЙ ПЕТУХ ПРОЩАНИЕ,7,slovo_dictionary,synth_996,synthetic
ПЯТНИЦА НАЗНАЧЕННОЕ ВРЕМЯ РАССТРОЕННЫЙ,3,slovo_dictionary,synth_997,synthetic
ТАМ ПОНЕДЕЛЬНИК ИСПОЛЬЗОВАТЬ ШУТИТЬ МУЖСКОЙ ТУАЛЕТ ДЯТЕЛ ЛУЧШИЙ ЖАЖДУЩИЙ,8,slovo_dictionary,synth_998,synthetic
ПЛАТА ЗА ВХОД ОБЕЗЬЯНА ТЫСЯЧА ОШИБКА,4,slovo_dictionary,synth_999,synthetic
ЗНАЧИТ ВЕЛИКИЙ ДОМОГАТЬСЯ ИСКРЕННИЙ,4,slovo_dictionary,synth_1000,synthetic
ЧАШКА ЗВУК ПИСАТЬ ПЛОХОЙ ТРИСТА ПОСТОЯННЫЙ ИНТЕРЕСНЫЙ,7,slovo_dictionary,synth_1001,synthetic
ТРИ ТЫСЯЧИ ДЕВОЧКА НАМ БЛАГОГОВЕНИЕ,4,slovo_dictionary,synth_1002,synthetic
БЕЗОПАСНЫЙ ТОГДА Д ПЛОХОЙ СОГЛАСНО ЕСЛИ СЧАСТЬЕ В НАСТОЯЩЕЕ ВРЕМЯ Щ,9,slovo_dictionary,synth_1003,synthetic
ПРИНЕСТИ ПРИВЕТ! ДЕЛАТЬ ВЫВОДЫ МИНУТА,4,slovo_dictionary,synth_1004,synthetic
"Ц САМОАНАЛИЗ КРОКОДИЛ КРОЛИК РЫБА СЛОВО ЗЛОЙ СОЛНЦЕ НЕЖНЫЙ, МЯГКИЙ СРЕДА",10,slovo_dictionary,synth_1005,synthetic
ХОЛОДНЫЙ ДОБРО ПОЖАЛОВАТЬ! ОБЕЗЬЯНА КРОТОСТЬ ОХОТНО АЛЛИГАТОР,6,slovo_dictionary,synth_1006,synthetic
ПРЕДПОЧИТАТЬ ЗАСТЕНЧИВЫЙ ОТЕЦ ТЕРПЕТЬ ПОКА (ЧТО) ЧЕРНЫЙ,6,slovo_dictionary,synth_1007,synthetic
НАСЛАЖДАЙСЯ Ы НИЗКИЙ ДАЖЕ,4,slovo_dictionary,synth_1008,synthetic
Щ ПИТЬЕВАЯ ВОДА ЖЕНСКИЙ ТУАЛЕТ В ТО ВРЕМЯ КАК СМЕШНОЙ ИСТЕРИК ПОКА Я,8,slovo_dictionary,synth_1009,synthetic
ТОЧНО З НЕВЕРИЕ СПОСОБ ОКУНАТЬ СОБИРАТЬ,6,slovo_dictionary,synth_1010,synthetic
ВЕСЁЛЫЙ ВЕЗДЕ 6 ЧАСОВ ДЕТСКИЙ ЧТО-НИБУДЬ СЕМЬЯ ТОЧНО ЗУБЫ ОДИН МНОГО,10,slovo_dictionary,synth_1011,synthetic
ЯЗЫК ПОТОМ ВЫРУЧИТЬ СЧАСТЛИВЫЙ ФУТБОЛ ВТОРНИК НИЗКИЙ СИНИЙ,8,slovo_dictionary,synth_1012,synthetic
МИЛЕНЬКИЙ ВОЛК ПЛАТИТЬ РУКА ОДИННАДЦАТЫЙ,5,slovo_dictionary,synth_1013,synthetic
Ч ХЛЕБ СКВОЗЬ ЗВУК ЗНАТЬ 6 ЧАСОВ КАФЕТЕРИЙ ПОЛОЖИТЕЛЬНЫЙ,8,slovo_dictionary,synth_1014,synthetic
РАЗДРАЖАТЬ РУБЛЬ ТЫ УПАСТЬ,4,slovo_dictionary,synth_1015,synthetic
ЭТО НЕСЧАСТЬЕ ВОЛ ОТТЕНОК ПОЧКИ ЖАДНЫЙ ОБЕСПОКОЕН ПОКАЗАТЬ ОШИБКА,9,slovo_dictionary,synth_1016,synthetic
ДЯТЕЛ ГОРЬКИЙ НАКОНЕЦ СВЕРХУ ВЫРУЧИТЬ НАС РАННИЙ ГОРДОСТЬ,8,slovo_dictionary,synth_1017,synthetic
СТОЯТЬ ПОЛОЖИТЕЛЬНЫЙ ОБЕДАТЬ КРОКОДИЛ НОЯБРЬ РЫЧАТЬ ГОРЬКИЙ КОРОТКИЙ Р СМЕХ,10,slovo_dictionary,synth_1018,synthetic
ПРЕКРАСНЫЙ ГЕНИЙ ДОБРО ПОЖАЛОВАТЬ! ВОСЕМЬ,4,slovo_dictionary,synth_1019,synthetic
ОБЕЗЬЯНА ЗАКРЫТЬ КРУЖКА,3,slovo_dictionary,synth_1020,synthetic
СТРАДАТЬ ОТКЛАДЫВАТЬ ГЕНИЙ ДОСТАТОЧНО РУБЛЬ ЧИТАТЬ ГОРЕ,7,slovo_dictionary,synth_1021,synthetic
ТОГДА ИМЕТЬ ДЕЛЬФИН ВЕРБЛЮД ОТЛОЖИТЬ УЖАСНЫЙ ВОСХИЩАТЬСЯ КРАСНОВАТЫЙ НАС,9,slovo_dictionary,synth_1022,synthetic
ЧТО ВСЁ РОГА ВНИЗ ВЫИГРЫШ ПЕРВЫЙ ОТНОШЕНИЕ РУЧКА,8,slovo_dictionary,synth_1023,synthetic
ЗАВАРОЧНЫЙ ЧАЙНИК КНИГА НЕПОСЛУШНЫЙ ВЫСОКОМЕРНЫЙ ОТВАЖИТЬСЯ БЕЗ,6,slovo_dictionary,synth_1024,synthetic
ЗРЕЛИЩНЫЙ КОТОРЫЙ ИМЕТЬ,3,slovo_dictionary,synth_1025,synthetic
СВОБОДНЫЙ ЖЕНА ПУТЕШЕСТВОВАТЬ ОСТАТЬСЯ РАБОТАТЬ ВЕЖЛИВЫЙ ВОЗБУЖДАТЬ,7,slovo_dictionary,synth_1026,synthetic
ОТВЕТИТЬ БЛАГОДАРНОСТЬ СЕВЕР ВЕЛИКИЙ,4,slovo_dictionary,synth_1027,synthetic
ВОЗРАДОВАТЬСЯ ДЛИННЫЙ ЕДА ПОКАЯНИЕ ЛЮБОПЫТНЫЙ ВРЕМЯ 11 ЧАСОВ,6,slovo_dictionary,synth_1028,synthetic
СТРАСТЬ ПОСЛУШНЫЙ ВОСЕМНАДЦАТЬ ЗРЕЛИЩНЫЙ КОНЕЧНО,5,slovo_dictionary,synth_1029,synthetic
СПАТЬ ЗАБРАТЬ ПЯТЬСОТ 6 ЧАСОВ ДЕСЯТЬ БЫТЬ П МАГАЗИН РЫБА ПРАВША,10,slovo_dictionary,synth_1030,synthetic
ЛЕВЫЙ СЕРДИТЫЙ ЗАЯЦ ВОСЬМОЙ ПЕРЕД ПОЗВОНИТЬ НА СЕРВИС БЕЗ ПРИЙТИ ПОКАЯНИЕ,9,slovo_dictionary,synth_1031,synthetic
ВОСЕМЬ МИНИМУМ МУЖЕСТВЕННОСТЬ ВЕЧНОСТЬ ЛОГИЧНЫЙ СТРАШНЫЙ ОТВЕТСТВЕННЫЙ,7,slovo_dictionary,synth_1032,synthetic
ПОСЫЛАТЬ Е ДНЕМ ВЕЧНЫЙ ТАЛАНТ НАСЛАЖДАЙСЯ,6,slovo_dictionary,synth_1033,synthetic
ВНИЗ АГРЕССИВНЫЙ МИГРАЦИЯ МНЕ ГРУБЫЙ ВЕЩЬ ЧЕЛОВЕК ПРЕНЕБРЕЖЕНИЕ ВЕСНА,9,slovo_dictionary,synth_1034,synthetic
ВСПОМНИТЬ ИНТЕРЕСНЫЙ ТЕРПЕТЬ ИДТИ КАФЕ,5,slovo_dictionary,synth_1035,synthetic
ПОКА РАЗГНЕВАННЫЙ НАЧАТЬ ЛЕННОСТЬ ПОМЕСЬ ДЕВЯНОСТО ВОСЬМОЙ БОЛЬШОЙ,8,slovo_dictionary,synth_1036,synthetic
ШЕСТНАДЦАТЬ НИКТО ПРИЙТИ НАСЛАЖДАЙСЯ МЕСЯЦ НАХАЛЬНЫЙ ДВЕНАДЦАТЫЙ ЛЯГУШКА Ф БЫСТРО,10,slovo_dictionary,synth_1037,synthetic
НАСЕЛЯТЬ ВИЛЯТЬ ОТВРАТИТЕЛЬНЫЙ МУРАШКИ РАССЕРДИТЬСЯ,5,slovo_dictionary,synth_1038,synthetic
ДАТЬ ЧАШКА ПЛОХО УЖЕ,4,slovo_dictionary,synth_1039,synthetic
В ВОСЕМЬ ПЯТНАДЦАТЬ НАПРЯЖЕНИЕ ВЕСЕЛЫЙ ЗАПАД,4,slovo_dictionary,synth_1040,synthetic
ЖИТЬ ВОЗБУЖДАТЬ СЕМЬ К ДЕВЯТЬСОТ РАНО ВКУСНЫЙ КУБОК,8,slovo_dictionary,synth_1041,synthetic
6 ЧАСОВ ПЯТНИЦА ЖЕЛТЫЙ ВЧЕРА РАННИЙ ВЛЮБИТЬСЯ КОРОНА УРОНИТЬ СИНИЙ,9,slovo_dictionary,synth_1042,synthetic
РАССЛАБЛЕНИЕ П МГНОВЕНИЕ ВОПРОС ОТВЕТСТВЕННЫЙ БЫ ПОКА ИНИЦИАТИВА,8,slovo_dictionary,synth_1043,synthetic
РЫЧАТЬ СКОЛЬКО ПЕЧАЛЬ ПЛАВНИК КОРОНА СЕРЫЙ ЧАШКА ПРОДОЛЖИТЕЛЬНОСТЬ,8,slovo_dictionary,synth_1044,synthetic
ПОКАЗАТЬ ОПЫТНЫЙ НАКРЫВАТЬ НА СТОЛ ОКУНАТЬ ЗАБРАТЬ ЖИВОТНОЕ Е ЗАПОЗДАЛЫЙ СВЕТ ТВЕРДЫЙ,10,slovo_dictionary,synth_1045,synthetic
ДОМ КАРАНДАШ РЫЧАТЬ ТРИ ТЫСЯЧИ ДВЕСТИ ТЕРПЕТЬ ПЕТУХ,7,slovo_dictionary,synth_1046,synthetic
ОБЕСПОКОЕННЫЙ ОЗАБОЧЕННЫЙ БЕСПОКОЙНЫЙ ВЕСЬ НАЧИНАТЬ СЗАДИ ЗАЯЦ,7,slovo_dictionary,synth_1047,synthetic
ТЕРЯТЬ УДИВЛЁН ВЫИГРЫШ СОЖАЛЕТЬ НОВОСТИ ВОЗБУЖДЕНИЕ РАССТРОЕННЫЙ СЗАДИ РЕВНИВЫЙ,9,slovo_dictionary,synth_1048,synthetic
ГРУБЫЙ ЮГ ЗВУК ПРЕДЛОЖИТЬ ЭТИ РАНЕЕ РЫБА,7,slovo_dictionary,synth_1049,synthetic
БЕСПОКОИТЬСЯ БЕЗУМНО ДОВОЛЕН ПРАГМАТИЧНЫЙ ТРИСТА ДВА,6,slovo_dictionary,synth_1050,synthetic
ЖЁСТКИЙ ТЕ КОМНАТА МОДНЫЙ КОЗЕЛ ЛЕВЫЙ ЗАВИСТЬ КУСОК ОБЕЗЬЯНА В ЭТОМ ГОДУ,10,slovo_dictionary,synth_1051,synthetic
ГНЕВ ВЕСЕННЯЯ АВГУСТ ЖЁЛТЫЙ ДОВОЛЬСТВО ДРУГ СМЕЯТЬСЯ СЕСТРА,8,slovo_dictionary,synth_1052,synthetic
ВОЛ ОТЧАЯННЫЙ ПОЗДНО БЕСПОКОЙНЫЙ ДОБРОТА ЛЯГУШКА ОБЪЯТИЕ ПОКА ЧТО-НИБУДЬ,9,slovo_dictionary,synth_1053,synthetic
ЖАДНОСТЬ ПАВЛИН 7:45 ПРЕЗИРАТЬ ДВЕНАДЦАТЬ ВДОХНОВЛЯТЬ ИСПУГ,7,slovo_dictionary,synth_1054,synthetic
ТАЛАНТ ИМПУЛЬС НРАВИТЬСЯ РАСПРЕДЕЛЯТЬ СОЛЬ САМОВОСПРИЯТИЕ ДАТЬ ДЕЛЬФИН АМБИЦИОЗНЫЙ ТЯЖЁЛЫЙ,10,slovo_dictionary,synth_1055,synthetic
НЕВОЗМОЖНЫЙ Т ЖАЖДУЩИЙ,3,slovo_dictionary,synth_1056,synthetic
ДЕНЬГИ ВЫРУЧИТЬ МИЛОСЕРДНЫЙ БЛЕДНЫЙ КОПЫТО ЛИСА,6,slovo_dictionary,synth_1057,synthetic
ПАВЛИН ВОЗМОЖНЫЙ ТЕРПЕНИЕ,3,slovo_dictionary,synth_1058,synthetic
ТЕПЕРЬ МИЛЕНЬКИЙ БОЛЬ ИНАЧЕ СУМАТОХА ПРОДУМАННЫЙ АДАПТИВНОЕ ПОВЕДЕНИЕ ПОДРОБНО МУЖЧИНА,9,slovo_dictionary,synth_1059,synthetic
ОДИННАДЦАТЫЙ ПЕРВЫЙ ЗНАЧИТ ОСТАВИТЬ,4,slovo_dictionary,synth_1060,synthetic
СВЕРХУ КРАСНЫЙ КОРМИТЬ,3,slovo_dictionary,synth_1061,synthetic
СЕДЬМОЙ НАРОД СТО,3,slovo_dictionary,synth_1062,synthetic
ГОРОД АККУРАТНЫЙ НАРУЖУ,3,slovo_dictionary,synth_1063,synthetic
СЕРДИТЫЙ ВЕСНА ПОКРАСНЕТЬ НЕСКОЛЬКО ЖЕНЩИНА ИСПУГАННЫЙ ДА,7,slovo_dictionary,synth_1064,synthetic
ЧУВСТВОВАТЬ СОТЫ БРЮЗЖАТЬ ОЧЕНЬ БЕСПОКОЙСТВО ДЯТЕЛ,6,slovo_dictionary,synth_1065,synthetic
ЗАСТЕНЧИВЫЙ ЛЕТО ВЕРИТЬ ПОТОМ,4,slovo_dictionary,synth_1066,synthetic
"ЧЕТЫРЕ ТЫСЯЧИ ИСТЕРИК Ж У ВОСЕМЬСОТ НЕЖНЫЙ, МЯГКИЙ",6,slovo_dictionary,synth_1067,synthetic
НИКТО БЕЗУМНО ДЕШЁВЫЙ МОЛОДОЙ СУХОЙ ВНУТРЕННЕЕ СКРОМНЫЙ,7,slovo_dictionary,synth_1068,synthetic
ПЕРО ПИСЬМО ЕЙ СТО КАРТИНА ПЛАТА ЗА ВХОД ФУТБОЛ МУЖ СОБАКА ПИР,10,slovo_dictionary,synth_1069,synthetic
ПЛАКАТЬ ЗЕЛЁНЫЙ ВСПОМНИТЬ ГЕНИЙ ОСТАНОВИТЬСЯ ИСПУГ,6,slovo_dictionary,synth_1070,synthetic
ПЕРВЫЙ НЕНАВИДЕТЬ НАВСЕГДА БЕСПОКОЙСТВО ОДНОВРЕМЕННОСТЬ ОСОБЕННЫЙ ЕХАТЬ ВЗЯТЬ МИЛОСЕРДНЫЙ РЕСТОРАН,10,slovo_dictionary,synth_1071,synthetic
ДОЛЖЕН СРЕДА ДЛИННЫЙ ИНИЦИАТИВА БЫСТРЫЙ СЮРПРИЗ,6,slovo_dictionary,synth_1072,synthetic
СМЕЛОСТЬ ПОЧЕМУ ЧАСТО МИНУТА,4,slovo_dictionary,synth_1073,synthetic
СМЕХ СТРАННЫЙ ОТЛОЖЕННЫЙ СКРОМНЫЙ НЕВЕРИЕ ОФИЦИАНТ ПОСЛУШНЫЙ В ДОВОЛЬНО,9,slovo_dictionary,synth_1074,synthetic
РУБЛЬ ЖДАТЬ НОВОСТИ БУТЫЛКА ПИР СКУЧНЫЙ НЕНАВИДЕТЬ ЖЕНАТ МУДРЫЙ ВОСТОК,10,slovo_dictionary,synth_1075,synthetic
ВНИЗУ ПОКРАСНЕТЬ ДЕЛАТЬ МЕЛКИЙ ГЛОТОК БЛАГОДАРНОСТЬ ЧЕТЫРЕ ЗАБЫТЬ ПЛОХОЙ,7,slovo_dictionary,synth_1076,synthetic
ДЕРЖАТЬ НЕ ВЫНОСИТЬ ПРИРУЧЕННЫЙ ЗАКОНЧИТЬ,4,slovo_dictionary,synth_1077,synthetic
МУЖСКОЙ ТУАЛЕТ АРОМАТНЫЙ ОВЦА Ч ДЕЛАТЬ ВЫВОДЫ ИНОГДА ОДИНОКИЙ ВОСХИЩАТЬСЯ,8,slovo_dictionary,synth_1078,synthetic
РЕСТОРАН ЖЕЛАНИЕ НАПРАВЛЕНИЕ ГОЛОС ДЕСЯТЬ МЕДЛЕННЫЙ ВЕСЁЛЫЙ,7,slovo_dictionary,synth_1079,synthetic
ТРЕТИЙ ВЕРБЛЮД ВЕСЁЛЫЙ,3,slovo_dictionary,synth_1080,synthetic
СЕМЬ ЖЕЛАНИЕ КРОЛИК ДУМАТЬ ДА МИР ДЕСЯТЫЙ ОТЧАЯТЬСЯ ЛЕВЫЙ,9,slovo_dictionary,synth_1081,synthetic
БОЯТЬСЯ ПЕТУХ В ТО ВРЕМЯ КАК ЧЕТЫРЕ ОБЪЯТИЕ ИЗВЕСТНЫЙ ОТРИЦАТЕЛЬНЫЙ ЖАРИТЬ ОРЕЛ,9,slovo_dictionary,synth_1082,synthetic
ИНТЕРЕСНЫЙ ТОЧНО УЖЕ ПОДАВЛЕННЫЙ ВЗЯТЬ РАСПРЕДЕЛЯТЬ НЕСЧАСТЬЕ Ф ТЕБЕ ЛОСЬ,10,slovo_dictionary,synth_1083,synthetic
СУХОЙ РЕДКО Ц,3,slovo_dictionary,synth_1084,synthetic
ПОНЕДЕЛЬНИК БУДУЩЕЕ ТЕРПЕНИЕ,3,slovo_dictionary,synth_1085,synthetic
НАЗАД ПОЛОЖИТЬ ПЯТЬ ТЫСЯЧ СВОБОДНЫЙ СЕГОДНЯ МИЛОСЕРДНЫЙ ХОРОШИЙ В СЕРДЦЕ ЗНАТЬ,10,slovo_dictionary,synth_1086,synthetic
ВОСХОД СОЛНЦА ОТВРАЩЕНИЕ ЗМЕЯ НАДОЕЛО ИСПОРЧЕННЫЙ ПОЗВОЛИТЬ УТРО СЮРПРИЗ БУМАГА,9,slovo_dictionary,synth_1087,synthetic
ОДИННАДЦАТЫЙ ВОЗДУХ СОБАЧИЙ ДОМИК ГОРДОСТЬ,4,slovo_dictionary,synth_1088,synthetic
СОМНЕВАТЬСЯ ВЫРУЧИТЬ ВЛЮБИТЬСЯ,3,slovo_dictionary,synth_1089,synthetic
ГЛОТАТЬ ДРУЖЕЛЮБНЫЙ ЧЕТЫРЕ ТЫСЯЧИ ВОДОПЛАВАЮЩЕЕ МНЕ,5,slovo_dictionary,synth_1090,synthetic
КОРМИТЬ МИЛОСЕРДНЫЙ РЕСТОРАН СРАЗУ Д ДОМАШНЕЕ ЖИВОТНОЕ ПОКАЗАТЬ ПОСТЕПЕННО СТЫДНО,9,slovo_dictionary,synth_1091,synthetic
В ЭТОМ ГОДУ ДОМ ДЕСЯТЬ,3,slovo_dictionary,synth_1092,synthetic
ПЧЕЛА СПРОСИТЬ ОБУЧАТЬ СКУЧНЫЙ СЕРЕБРО ШКОЛА ГОРЮЮЩИЙ,7,slovo_dictionary,synth_1093,synthetic
ОШИБКА СЛИШКОМ ЖАЖДУЩИЙ ЖЕЛТЫЙ САМОКОНТРОЛЬ ЛАНЧ ВЗЯТЬ ДОРОГОЙ ЭТОТ ДЕНЬ,10,slovo_dictionary,synth_1094,synthetic
МЕРТВЫЙ ЖАЖДА САМОАНАЛИЗ КОГОТЬ СЧАСТЬЕ НАВЕРХУ ВЫРУЧИТЬ СЕМЬЯ,8,slovo_dictionary,synth_1095,synthetic
ВСКРУЖИТЬ ГОЛОС НЕРВНЫЙ,3,slovo_dictionary,synth_1096,synthetic
ПЫЛЕСОС ОБЕСПОКОЕН ЗАТЯГИВАТЬ ЗАБРАТЬ Ч,5,slovo_dictionary,synth_1097,synthetic
ЛАНЧ БАШЕННЫЕ ЧАСЫ ВЕЗДЕ,3,slovo_dictionary,synth_1098,synthetic
КОШКА Э ХОТЕТЬ Б ОБА ПЕРО ТОЧНО СЕМНАДЦАТЬ,8,slovo_dictionary,synth_1099,synthetic
ПИТЬ ПОДРОБНО ПРИЙТИ ДНЕМ СТАРЫЙ БЕЗОПАСНЫЙ МГНОВЕНИЕ НАРУЖУ,8,slovo_dictionary,synth_1100,synthetic
НАКОНЕЦ ОБЛЕГЧЕНИЕ ФУТБОЛ ИМЯ ТРИ МЕДЛЕННЫЙ,6,slovo_dictionary,synth_1101,synthetic
ВОЗБУЖДЕНИЕ Е ВЗДРАГИВАТЬ БИЛЕТ ПЕТЬ СЛЫШАТЬ ЖЕНСКИЙ ТУАЛЕТ ЖИРАФ ТЕРПЕНИЕ НЕЛОВКИЙ; НЕУКЛЮЖИЙ,10,slovo_dictionary,synth_1102,synthetic
ЛЮБОВЬ ХУДШИЙ ПОЧКИ РЕБЁНОК ДВЕ НЕДЕЛИ ИНТЕЛЛЕКТУАЛЬНЫЙ ВРЕМЯ,7,slovo_dictionary,synth_1103,synthetic
УВЕРЕН БЕЗУМНО ТАЛАНТ ЗАТЯГИВАТЬ,4,slovo_dictionary,synth_1104,synthetic
ДЕВЯТЫЙ ИНАЧЕ СУББОТА ПИНГВИН,4,slovo_dictionary,synth_1105,synthetic
ОТВЕТСТВЕННЫЙ ОБЪЕКТИВНЫЙ ОТ ПОД СКОРО АМБИЦИОЗНЫЙ СОЛЬ СКОЛЬКО БОЛИТ ПРЕЗРЕНИЕ,10,slovo_dictionary,synth_1106,synthetic
ТВОЙ РЕБЁНОК ВОСХОД СОЛНЦА ЖАДНО ЕСТЬ,4,slovo_dictionary,synth_1107,synthetic
С МЫТЬ МЯТЕЖНЫЙ ОТНОШЕНИЕ СЕМЬСОТ ЗМЕЯ ЛЕННОСТЬ КАРТИНА,8,slovo_dictionary,synth_1108,synthetic
ВСТРЕТИТЬ ЗАКАЗЫВАТЬ СЕРЫЙ СЗАДИ,4,slovo_dictionary,synth_1109,synthetic
ИСКРЕННИЙ ВАС НАДЕЯТЬСЯ КРЕВЕТКА,4,slovo_dictionary,synth_1110,synthetic
ЖЕНА ДА РАССТРОЙСТВО ЧИТАТЬ МИЛОСЕРДНЫЙ ГЛОТАТЬ ЖАДНО ЖИВОТНОЕ ЧАСТО,8,slovo_dictionary,synth_1111,synthetic
БОЛЬ ЗАЯЦ ОСОБЕННО ДОМАШНЕЕ ЖИВОТНОЕ ДОРОГОЙ,5,slovo_dictionary,synth_1112,synthetic
ПОКА ДЕВЯТЫЙ Щ ИСКРЕННИЙ МИЛЛИОН СЕДЬМОЙ ГРУБЫЙ БЕЖЕВЫЙ ДОМИНИРУЮЩИЙ ДРУГОЙ,10,slovo_dictionary,synth_1113,synthetic
ГРЯЗНЫЙ СНАЧАЛА ЧЕТЫРЕСТА ЖЕВАТЬ СЛЕДУЮЩИЙ ДЕВЯТЬСОТ ПРИЯТНЫЙ,7,slovo_dictionary,synth_1114,synthetic
Б ВСЁ МОЧЬ ИЗМЕНИТЬ СЕРДИТЫЙ СКРОМНЫЙ ЖАДНОСТЬ,7,slovo_dictionary,synth_1115,synthetic
БУДУ ЖИТЬ КОРОТКИЙ СТОЙКОСТЬ ПРОТИВ ПОСЫЛАТЬ СМОТРЕТЬ УГРЮМЫЙ ЖИРАФ ИСПОЛЬЗОВАТЬ,10,slovo_dictionary,synth_1116,synthetic
ПЯТНАДЦАТЬ МАЛЕНЬКИЙ ПЛОХО ОДАРЕННЫЙ АКУЛА БАБОЧКА ДЕЛАТЬ МЕЛКИЙ ГЛОТОК ВЛЮБЛЕННЫЙ,8,slovo_dictionary,synth_1117,synthetic
ТИГР ОЖИДАТЬ Я ИЗВЕСТНЫЙ Ю,5,slovo_dictionary,synth_1118,synthetic
УДИВЛЁН ГРУСТНЫЙ ПРИЯТНЫЙ НЕПРЕКЛОННЫЙ МЕНЯ КОЗА СЕРЕБРО ВАМ МЫ ХОРОШИЙ,10,slovo_dictionary,synth_1119,synthetic
ТРЕТИЙ ЧИТАТЬ Ч БЕЗОПАСНЫЙ ОСТРОУМИЕ СТРАДАТЬ ЗАСТЕНЧИВЫЙ ЛЮБИТЬ,8,slovo_dictionary,synth_1120,synthetic
Ш НЕ ИЗВЕСТНЫЙ МУРАШКИ ОТКУПОРИВАТЬ СКОЛЬКО ЗАКУСКА ПЕРЕД ЕДОЙ ИСКРЕННИЙ ТЕПЕРЬ СЕМЬДЕСЯТ,10,slovo_dictionary,synth_1121,synthetic
ДОСТАТОЧНО РОЗОВЫЙ ДЕВЯТНАДЦАТЬ Ы ЛОСЬ БЫТЬ ПОЛНЫЙ ПО ЧАСАМ ПОМОЧЬ СМЕШНОЙ,10,slovo_dictionary,synth_1122,synthetic
ОБЪЯТИЕ Щ БЫТЬ ВЕРОЯТНО ХОРОШИЙ ЗАВИСТЬ ВЕСЕЛЫЙ,7,slovo_dictionary,synth_1123,synthetic
СПРОСИТЬ ФУТБОЛ В ТО ВРЕМЯ КАК ВЕЧНОСТЬ БУТЫЛКА ВОЗБУЖДАТЬ,6,slovo_dictionary,synth_1124,synthetic
САМОВОСПРИЯТИЕ ВОСХИЩЕНИЕ БЫТЬ ПОКАЯНИЕ ДРУГ ВЕЧЕР САРКАЗМ,7,slovo_dictionary,synth_1125,synthetic
БЕГЕМОТ НИЗКИЙ ЗИМА У ПОДЛИННЫЙ НАВСЕГДА ПРИЧИНА ДОМАШНЕЕ ЖИВОТНОЕ ПОТОМ,9,slovo_dictionary,synth_1126,synthetic
ЧАСЫ СЕВЕР ЛЕВЫЙ,3,slovo_dictionary,synth_1127,synthetic
ВЕЖЛИВЫЙ ПОЛОЖИТЕЛЬНЫЙ НАСЛАЖДАЙСЯ,3,slovo_dictionary,synth_1128,synthetic
ОЖИДАТЬ ДНЕМ ПАВЛИН ПОНЕДЕЛЬНИК ДО ВОСЕМНАДЦАТЬ ВОЙ АЛЛИГАТОР 7:45 СТРАХ,10,slovo_dictionary,synth_1129,synthetic
ЗАПАД ОСТОРОЖНЫЙ ПРЕДЛОЖИТЬ ЗАВИСТЬ НЕ САМОПРОВЕРКА НАШ,7,slovo_dictionary,synth_1130,synthetic
Л КЛЮЧ СОЖАЛЕНИЕ МЯТЕЖНЫЙ ПОЛОЖИТЕЛЬНЫЙ,5,slovo_dictionary,synth_1131,synthetic
АДАПТИВНОЕ ПОВЕДЕНИЕ ОСТОРОЖНЫЙ СЕРЕБРО Ц РАЗГНЕВАННЫЙ БЕСПОКОЯЩИЙ ВРЕДНЫЙ; ОЗОРНОЙ РУЧКА,8,slovo_dictionary,synth_1132,synthetic
РАССЛАБЛЕНИЕ ЭТО КОРИЧНЕВЫЙ ГОРОД,4,slovo_dictionary,synth_1133,synthetic
МАГАЗИН СКОЛЬКО ТЩЕСЛАВНЫЙ НОСОРОГ МИНУТА ПОМЕСЬ ОДЕЖДА ТРУС,8,slovo_dictionary,synth_1134,synthetic
АДАПТИВНОСТЬ НЕМЕДЛЕННЫЙ ТРУС ТИГР,4,slovo_dictionary,synth_1135,synthetic
2 ЧАСА МАТЬ ВЫСОКОМЕРНЫЙ 7:45 ПИСАТЬ НАПРАВЛЕНИЕ СЕГОДНЯ,7,slovo_dictionary,synth_1136,synthetic
НАЛОГ ПОСЛЕ ОТВРАЩЕНИЕ ОТЛОЖИТЬ ЖАРИТЬ КУПИТЬ МЫТЬ САМОМНЕНИЕ НЕРВНЫЙ,9,slovo_dictionary,synth_1137,synthetic
ДЕВЯТЬ ПРОЗРАЧНЫЙ НЕЛОВКИЙ; НЕУКЛЮЖИЙ ВЕРХ КОШКА,5,slovo_dictionary,synth_1138,synthetic
ПРИВЕЗТИ СТРАСТЬ ОДИН ВТОРНИК ЛИЦО ПРОНЫРА ОЖИВЛЕННЫЙ ВОСЕМНАДЦАТЬ НЕЛОВКИЙ; НЕУКЛЮЖИЙ,9,slovo_dictionary,synth_1139,synthetic
СОБАЧИЙ ДОМИК ЗРЕЛИЩНЫЙ ВЗДРАГИВАТЬ,3,slovo_dictionary,synth_1140,synthetic
НОСОРОГ ЖАЖДУЩИЙ ЧИТАТЬ АККУРАТНЫЙ РОГА,5,slovo_dictionary,synth_1141,synthetic
Ё РАБОТАТЬ ПРЕНЕБРЕЖЕНИЕ ИСПЫТЫВАТЬ,4,slovo_dictionary,synth_1142,synthetic
СКРОМНЫЙ НЕЛОВКИЙ; НЕУКЛЮЖИЙ СОБАКА МИНИМУМ ПЛАТА ЗА ВХОД ПРАВЫЙ,6,slovo_dictionary,synth_1143,synthetic
СОБАКА СЛЕДУЮЩИЙ СОЖАЛЕТЬ ГЛОТАТЬ ЖАДНО НЕПРЕКЛОННЫЙ,5,slovo_dictionary,synth_1144,synthetic
К НЕУДОБСТВО СЫН,3,slovo_dictionary,synth_1145,synthetic
ТРУС КТО? ПОД,3,slovo_dictionary,synth_1146,synthetic
Б ЖЕЛАТЬ АДАПТИВНОСТЬ ПОДНОС ЛЯГУШКА ВОПРОС НЕПРОЗРАЧНОСТЬ НЕРАДИВЫЙ,8,slovo_dictionary,synth_1147,synthetic
НУЖДАТЬСЯ ТЫ СЕРЕБРО ЗАНЯТЫЙ УДИВЛЁН ПРОДЛЕНИЕ КЛЕТКА ПЫЛЕСОС НЕОЖИДАННЫЙ,9,slovo_dictionary,synth_1148,synthetic
ДОВОЛЬНЫЙ ДОЧЬ ЕХАТЬ БУМАГА НОГА ПРИНЕСТИ ЖЕЛАТЬ ВОЗРАДОВАТЬСЯ ГОЛОВА,9,slovo_dictionary,synth_1149,synthetic
ПОКРАСНЕТЬ РЫЧАНИЕ ОШИБКА ВНИЗ МОЛОДОЙ БОЛЬ ПЯТНИЦА ВЫХОДНЫЕ ЕСТЬ,9,slovo_dictionary,synth_1150,synthetic
МОТИВАЦИЯ СЕМЬДЕСЯТ БОЮСЬ ЛИСА,4,slovo_dictionary,synth_1151,synthetic
МУЖЕСТВЕННОСТЬ Е СТО СТОРОНА ВОСТОК Ь КНИГА ВОСХИЩАТЬСЯ РАССТРОЕННЫЙ ОВЦА,10,slovo_dictionary,synth_1152,synthetic
РАССЕРДИТЬСЯ АНИМАТОР СОГЛАСНО ТОЧНО,4,slovo_dictionary,synth_1153,synthetic
ДВЕ НЕДЕЛИ ДА САМОАНАЛИЗ ШЕСТНАДЦАТЬ СТОРОНА ЧАС ЗАПОЗДАЛЫЙ ЧЕМОДАН,8,slovo_dictionary,synth_1154,synthetic
ВЕРОЯТНО ДЕНЬ И НОЧЬ РАБ ПРОНЫРА НОСОРОГ ВЕЖЛИВЫЙ ПАМЯТЬ ЦЕНА ВЕРНЫЙ ОПАСНЫЙ,10,slovo_dictionary,synth_1155,synthetic
РЫДАТЬ ОБЕЗЬЯНА ВИНА ВИТАМИН,4,slovo_dictionary,synth_1156,synthetic
НЕМНОГО ЗАКОНЧИТЬ ОСТРОУМИЕ,3,slovo_dictionary,synth_1157,synthetic
НРАВИТЬСЯ ДОВЕРЯТЬ ЛУЧШИЙ ОБЕСПОКОЕННЫЙ УВЕРЕННЫЙ,5,slovo_dictionary,synth_1158,synthetic
СКУЧНЫЙ ПОСТЕПЕННО ЧИСТЫЙ НЕЛОВКИЙ; НЕУКЛЮЖИЙ ИСПЫТЫВАТЬ НАКОНЕЦ,6,slovo_dictionary,synth_1159,synthetic
СОТЫ УЛИЦА НАКОНЕЦ КРАСНОВАТЫЙ,4,slovo_dictionary,synth_1160,synthetic
НАГЛОСТЬ ЦЕЛЫЙ РАЗУМНЫЙ ПЯТЬ ТЫСЯЧ ПЕРВЫЙ ОТЛОЖЕННЫЙ ПЯТНИЦА ЛЕНИВЫЙ УЖАСНЫЙ,9,slovo_dictionary,synth_1161,synthetic
АДАПТИВНЫЙ Ц ГОРДОСТЬ ЖЕНЩИНА РЫЧАНИЕ,5,slovo_dictionary,synth_1162,synthetic
ЗАСТЕНЧИВЫЙ ТВЕРДЫЙ ВДОХНОВЛЯТЬ КОМАР ВОЗМОЖНО ОРАНЖЕВЫЙ СЕВЕР ВОСЕМЬДЕСЯТ ОТЧАЯТЬСЯ ЧУЖОЙ,10,slovo_dictionary,synth_1163,synthetic
ПРЕНЕБРЕЖЕНИЕ ПРОЗРАЧНЫЙ МИЛОСЕРДНЫЙ ДЕЛАТЬ,4,slovo_dictionary,synth_1164,synthetic
СЕДЬМОЙ ВРАЖДЕБНЫЙ УЖЕ ПРИБЫВАТЬ ЛЕБЕДЬ СТРАШНЫЙ ЧАСТО ВСЕГДА КТО? ДОЧЬ,10,slovo_dictionary,synth_1165,synthetic
ПРЕЗРЕНИЕ ПОЛЗАНЬЕ АНИМАТОР ЕЩЕ НЕТ Ц ОЖИВЛЕННЫЙ,6,slovo_dictionary,synth_1166,synthetic
БУТЫЛКА ЛЮБОПЫТНЫЙ СЛОН ПЯТЬСОТ НЕРВНЫЙ ПО ЧАСАМ,6,slovo_dictionary,synth_1167,synthetic
ХУДШИЙ СИНИЙ ПОМОЧЬ БЕЛЫЙ АРОМАТНЫЙ ДАТЬ Е,7,slovo_dictionary,synth_1168,synthetic
ВОЙ ТРУСЛИВО РАНО СЛЫШАТЬ КРЫСА СОМНЕНИЕ ОЖИДАТЬ МУЖЧИНА ВЕРИТЬ НЕЛОВКИЙ; НЕУКЛЮЖИЙ,10,slovo_dictionary,synth_1169,synthetic
ВРЕМЯ 11 ЧАСОВ ПЕРЕВАРИВАНИЕ Ч,3,slovo_dictionary,synth_1170,synthetic
БОЛЬ НАПРАВЛЕНИЕ НОГА РАССЕРДИТЬСЯ,4,slovo_dictionary,synth_1171,synthetic
СЛЫШАТЬ СЕРДЦЕ ЛЕГКИЙ В ЭТОМ ГОДУ ЗАБОТА,5,slovo_dictionary,synth_1172,synthetic
ПРЕДАННЫЙ РАССЛАБЛЕНИЕ Т ПОМОЧЬ ЖЕНСКИЙ ТУАЛЕТ ДВЕ НЕДЕЛИ ДРУГОЙ,7,slovo_dictionary,synth_1173,synthetic
ВОЗБУЖДЕННЫЙ ДОМИНИРУЮЩИЙ ТОЛЬКО ВРЕД НЕРАДИВЫЙ МЕДВЕДЬ КЛЕВАТЬ ЧАСТО СТАРЫЙ,9,slovo_dictionary,synth_1174,synthetic
РАБОТАТЬ ОСТАНОВИТЬ СИНИЙ НАЙТИ ИСПУГАННЫЙ ЧЕТЫРЕ ТЫСЯЧИ СТРАДАНИЕ ДОСТАТОЧНО КОМНАТА ЗАМУЖЕМ,10,slovo_dictionary,synth_1175,synthetic
Н САРКАЗМ КРОТОСТЬ ИМЯ ЗОЛОТОЙ У ВОДА ТЯЖЁЛЫЙ,8,slovo_dictionary,synth_1176,synthetic
ПЯТЬДЕСЯТ СЮРПРИЗ КУПИТЬ СТРАСТЬ СЛОН ТЫ ИЗМОЖДЕННЫЙ Й ДАЖЕ,9,slovo_dictionary,synth_1177,synthetic
ТОЛЬКО НЕУВАЖЕНИЕ ПЛОХО,3,slovo_dictionary,synth_1178,synthetic
ПРИЯТНЫЙ ДОРОГА ОТТЕНОК ВОСЬМОЙ,4,slovo_dictionary,synth_1179,synthetic
ПАУЧЬЯ СЕТЬ КРАСИВЫЙ ТЫ ВЕЩЬ ЧАС ВАМ ПРИЧИНА КРАСНОВАТЫЙ ЧЕТЫРЕ,9,slovo_dictionary,synth_1180,synthetic
МНОГО ЕЖЕДНЕВНЫЙ ПРОДОЛЖИТЕЛЬНОСТЬ ВЕСЕЛЫЙ ЗНАТЬ ДВЕСТИ Ю ДЕЛЬФИН ВДОХНОВЛЯТЬ,9,slovo_dictionary,synth_1181,synthetic
ДИНОЗАВР ИНОГДА ЖАРКИЙ ВЛЮБЛЕННЫЙ УЖАСНЫЙ СЕРДИТЫЙ,6,slovo_dictionary,synth_1182,synthetic
ВЕРХ ЧТО СЗАДИ СТРАДАТЬ БАНКЕТ ПОДРОБНО ПИР СИЛЬНЫЙ,8,slovo_dictionary,synth_1183,synthetic
ВЫРУЧИТЬ У МОТИВАЦИЯ ДЕСЯТЬ ПТИЦА ЖДАТЬ,6,slovo_dictionary,synth_1184,synthetic
ДОМОГАТЬСЯ ПОНЯТЬ ПОЗДНИЙ ЧАСТО ВОСЕМЬСОТ СЧАСТЬЕ РЫБА ВОСХИЩАТЬСЯ АККУРАТНЫЙ,9,slovo_dictionary,synth_1185,synthetic
ЗАКРЫТЬ ХОРОШИЙ РАДОСТНЫЙ ИНТЕЛЛЕКТУАЛЬНЫЙ ТРИ ТЫСЯЧИ МЕЖДУ КРАСИВЫЙ,7,slovo_dictionary,synth_1186,synthetic
ЧАШКА ИДТИ РАД РЕБЁНОК СЕГОДНЯ МУЖЧИНА ДОМАШНЕЕ ЖИВОТНОЕ,7,slovo_dictionary,synth_1187,synthetic
ОДИНОКИЙ МЕНЯ ВИЛКА,3,slovo_dictionary,synth_1188,synthetic
ОКУНАТЬ З ТРИСТА ТЕБЯ НОЧЬ ЛОШАДЬ ПРОДЛЕНИЕ ЖАРИТЬ СТОРОНА ТВОЙ,10,slovo_dictionary,synth_1189,synthetic
ДЕВЯТЬСОТ БЛАГОПОЛУЧИЕ ЛЕТУЧАЯ МЫШЬ ЛИЧНЫЕ КАЧЕСТВА БУМАГА ВЕЗДЕ ОДАРЕННЫЙ ЖАДНО ЕСТЬ ТРИНАДЦАТЬ,9,slovo_dictionary,synth_1190,synthetic
ДИНОЗАВР ОТВАЖИТЬСЯ ВЕРБЛЮД ТОТ СОЖАЛЕТЬ ЛЕНИВЫЙ,6,slovo_dictionary,synth_1191,synthetic
ВКУС ЖЕНЩИНА ПОСТОЯННЫЙ НЕНАВИДЕТЬ СИНИЙ ОТВЕТСТВЕННЫЙ ВЕЧНЫЙ СТОЙКОСТЬ,8,slovo_dictionary,synth_1192,synthetic
БЕГЕМОТ ГОРДЫЙ ЗЛОСТЬ ПОДНОС ШУМ,5,slovo_dictionary,synth_1193,synthetic
МОТИВИРОВАТЬ КНИГА Я ОПЫТНЫЙ,4,slovo_dictionary,synth_1194,synthetic
ВОЛ В ЭТОМ ГОДУ ПО ЧАСАМ БАБОЧКА ВЕРНЫЙ ЧАСТО МНОГО МЫШЬ АКУЛА,9,slovo_dictionary,synth_1195,synthetic
НЕВИНОВНЫЙ ОДИН ЖЕЛТЫЙ БЕЖЕВЫЙ СТРАШНЫЙ ЗАМУЖЕМ,6,slovo_dictionary,synth_1196,synthetic
ПОДОЗРЕВАТЬ СМУЩЕННЫЙ МАЛЕНЬКИЙ Ж ЧУДЕСНЫЙ ЗАКУСКА ПЕРЕД ЕДОЙ ПРОДУМАННЫЙ ЕЖЕДНЕВНЫЙ СКУЧНЫЙ,9,slovo_dictionary,synth_1197,synthetic
ВСЁ ТЕРПЕНИЕ КОЗА ИНТЕРЕСНЫЙ ТАКОЙ ДРУГОЙ ДЕРЖАТЬ КАЛЕНДАРЬ,8,slovo_dictionary,synth_1198,synthetic
ОБЕЗЬЯНА РАНО КРЕСТ,3,slovo_dictionary,synth_1199,synthetic
ЖИТЬ ЛУЧШИЙ ПРОДОЛЖИТЕЛЬНОСТЬ ПРИВЕТ! СТРАДАНИЕ ЛЕГКИЙ ЯЗЫК ДЕЛЬФИН НЕНАВИДЕТЬ ПЯТНАДЦАТЬ,10,slovo_dictionary,synth_1200,synthetic
СОМНЕНИЕ МУРАШКИ МИЛЕНЬКИЙ ДЕВЯТЬ,4,slovo_dictionary,synth_1201,synthetic
ВЫХОДНЫЕ БРАТ ГОВОРИТЬ ИГРАТЬ НЕДЕЛЯ ТВОЙ СОЖАЛЕНИЕ,7,slovo_dictionary,synth_1202,synthetic
ПИР ОБЕСПОКОЕН ДЕНЬ ДВАЖДЫ ЗЛОБНЫЙ СЧАСТЬЕ ДЕВЯТЬ НОЧЬ ОБЛАДАТЬ ОТЕЦ,10,slovo_dictionary,synth_1203,synthetic
ДИСТРЕСС МЫШЬ ТОРЖЕСТВЕННЫЙ,3,slovo_dictionary,synth_1204,synthetic
НЕДЕЛЯ СЕМЬ ВЕРБЛЮД НОСОРОГ ЗУБЫ ПРЕДПОЧИТАТЬ ОДИННАДЦАТЫЙ ДИЕТА,8,slovo_dictionary,synth_1205,synthetic
ШУТИТЬ СКУЧНЫЙ БЛАГОГОВЕНИЕ ДРОЖАТЬ ЛУЧШИЙ СКВОЗЬ,6,slovo_dictionary,synth_1206,synthetic
ПОМОЩНИК ПОВАРА РЕДКО БОЛЬШЕ,3,slovo_dictionary,synth_1207,synthetic
ДЕВОЧКА СКВОЗЬ ОКОЛО РАССЛАБИТЬСЯ,4,slovo_dictionary,synth_1208,synthetic
МИР ПЧЕЛА ПРЕДПОЧИТАТЬ РАННИЙ АНИМАТОР ЗЛОСТЬ ИНОГДА ВСЕГДА,8,slovo_dictionary,synth_1209,synthetic
БЕЗОПАСНЫЙ ДОМОГАТЬСЯ СЫН НАШ БУДУ УТРО ПОДОЗРЕВАТЬ КАЛЕНДАРЬ ЖАДНЫЙ,9,slovo_dictionary,synth_1210,synthetic
ПРИЧИНА ОСОБЕННО ДАЖЕ ИМЕТЬ ДОМ ВАМ КОТОРЫЙ,7,slovo_dictionary,synth_1211,synthetic
ПРИБЫВАТЬ ВЕРХ ПОСЫЛАТЬ,3,slovo_dictionary,synth_1212,synthetic
СЕМЬСОТ РАССТРОЙСТВО НАВСЕГДА ТРЕТИЙ БАШЕННЫЕ ЧАСЫ ОБЛЕГЧЕНИЕ,6,slovo_dictionary,synth_1213,synthetic
ОДАРЕННЫЙ ПОТОМ ТВЕРДЫЙ ВОСХИЩЕНИЕ СРОЧНЫЙ ОШИБКА,6,slovo_dictionary,synth_1214,synthetic
ВЕСЕЛЫЙ НАКОНЕЦ-ТО СЛОН ДО ДВЕСТИ ОШИБКА,6,slovo_dictionary,synth_1215,synthetic
НАДЕЯТЬСЯ С ДНЕМ РОЖДЕНИЯ ВСТРЕТИТЬ ПРОДОЛЖИТЬ ИХ ВОСХИЩАТЬСЯ,6,slovo_dictionary,synth_1216,synthetic
РАЗЛИЧНЫЙ ЖАДНО ЕСТЬ КОЗЕЛ ЦВЕТ АППЕТИТ ПОЛУЧИТЬ,6,slovo_dictionary,synth_1217,synthetic
ГЕНИЙ 7:45 АККУРАТНЫЙ,3,slovo_dictionary,synth_1218,synthetic
МАЛЬЧИК ПАВЛИН КАРАНДАШ ПОСТЕПЕННО МЕСТО ДЛЯ ПИКНИКА ХУДШИЙ ЦВЕТОВОЙ ОТТЕНОК ШЕСТЬ ПОДРОБНО,9,slovo_dictionary,synth_1219,synthetic
ВЕЧНОСТЬ СКУЧАЮЩИЙ ДВАДЦАТЬ НЕПОСЛУШНЫЙ НАСЕЛЯТЬ ЖАРИТЬ КУВШИН УЖАСНЫЙ,8,slovo_dictionary,synth_1220,synthetic
НАПРАВЛЕНИЕ ИЗНОШЕННЫЙ ПЯТНИЦА ДОВОЛЬНО ЧАСТЬ СРЕДА НЕСЧАСТЬЕ ИХ,8,slovo_dictionary,synth_1221,synthetic
КОПЫТО ЛЮДИ ЗЛОБНЫЙ РАССЕЯННЫЙ СЛЫШАТЬ ПОСТЕПЕННО ПРЕДЫДУЩИЙ СОМНЕНИЕ,8,slovo_dictionary,synth_1222,synthetic
ТЩЕСЛАВНЫЙ ВСПОМНИТЬ КОТОРЫЙ ИМЯ РУБЛЬ ЗЛОЙ,6,slovo_dictionary,synth_1223,synthetic
ДИСТРЕСС КОГОТЬ ЧЕТЫРЕСТА ДВАДЦАТЬ ВИНА ЗАКРЫТЬ МИЛОСЕРДНЫЙ ПУСТОЙ ОБНИМАТЬ,9,slovo_dictionary,synth_1224,synthetic
ПРЕДАННЫЙ ЧУВСТВОВАТЬ ПАМЯТЬ ОДЕРЖИМЫЙ МОЙ ГНЕВ,6,slovo_dictionary,synth_1225,synthetic
ЖИВОТНОЕ БУТЫЛКА ПРОДАТЬ КЛЕТКА,4,slovo_dictionary,synth_1226,synthetic
ПТИЦА ПЕТУХ РАБОТАТЬ,3,slovo_dictionary,synth_1227,synthetic
КУПИТЬ КРОТОСТЬ НРАВСТВЕННОСТЬ,3,slovo_dictionary,synth_1228,synthetic
ДИНОЗАВР СМЕЯТЬСЯ ПРОНЫРА ДЕШЁВЫЙ ГОВОРИТЬ САМОКОНТРОЛЬ ДЕСЯТЬ ДЕВЯТЫЙ ПОЛНЫЙ ДЕТСКИЙ,10,slovo_dictionary,synth_1229,synthetic
ОШИБКА ТРЕТИЙ ОДАРЕННЫЙ ДУМАТЬ ТЕРПЕТЬ ДОБРЫЙ,6,slovo_dictionary,synth_1230,synthetic
БИЛЕТ МУЖ КРОЛИК АКУЛА ЛИЦЕМЕРНЫЙ Д НАДЕЖДА ОБУЧАТЬ,8,slovo_dictionary,synth_1231,synthetic
ЧАСТО ОБЫЧНЫЙ ШЕСТЬДЕСЯТ СОЛЬ КОПЫТО ЗВЕРЬ ЛУЧШИЙ СЕРДЦЕ КУРИЦА АЛЛИГАТОР,10,slovo_dictionary,synth_1232,synthetic
ТОЛЬКО Н ХОРОШО КРАСИВЫЙ ТВОЙ СМИРИТЬСЯ,6,slovo_dictionary,synth_1233,synthetic
ИЗ-ЗА ДАЖЕ УРОНИТЬ РЕДКО ПЕЧАЛЬ ИНТЕЛЛЕКТУАЛЬНЫЙ С ДНЕМ РОЖДЕНИЯ ГОТОВЫЙ НАВСЕГДА ВСТРЕТИТЬ,10,slovo_dictionary,synth_1234,synthetic
ОШАРАШЕННЫЙ СОЖАЛЕТЬ ПРАВЫЙ ВЕЧНОСТЬ,4,slovo_dictionary,synth_1235,synthetic
ДВАЖДЫ ВСПОМНИТЬ В ПОЗДНО ОСТРЫЙ ТЕБЕ ПРИЙТИ ОДИНОКИЙ У ИЗНОШЕННЫЙ,10,slovo_dictionary,synth_1236,synthetic
НЕПРОЗРАЧНОСТЬ ВСЕГДА НОЯБРЬ НАШ ДОБРЫЙ НЕДАВНИЙ ЮГ ТОЛЬКО,8,slovo_dictionary,synth_1237,synthetic
ДЕСЯТЬ ИЗУЧИТЬ ПАУЧЬЯ СЕТЬ,3,slovo_dictionary,synth_1238,synthetic
ПОСТОЯННЫЙ ВОЗБУЖДЕНИЕ РЕЛИГИЯ ПЛОХО ЦВЕТ,5,slovo_dictionary,synth_1239,synthetic
БЕЛКА СМОТРЕТЬ ВОЗДУХ РЫЧАТЬ,4,slovo_dictionary,synth_1240,synthetic
СЕРЫЙ ТЫ ВКУСНЫЙ ОБЕСПОКОЕННЫЙ ПОСТЕПЕННО СЮРПРИЗ ЖАЖДУЩИЙ ОБЕСПОКОЕН КОПЫТО,9,slovo_dictionary,synth_1241,synthetic
МЫШЬ БЕСПОКОИТЬСЯ ПЯТЬ ТЫСЯЧ БЕЛКА,4,slovo_dictionary,synth_1242,synthetic
НАПРАВЛЕНИЕ САМОАНАЛИЗ СРОЧНЫЙ ГНЕВ ПРЕКРАСНЫЙ,5,slovo_dictionary,synth_1243,synthetic
ОШАРАШЕННЫЙ Ж СМЕЛОСТЬ БЫВШИЙ БЛАГОГОВЕНИЕ РУКА ДРУГ ПРИВЕТ!,8,slovo_dictionary,synth_1244,synthetic
ИНОГДА ЗВУК ОВЦА СТО ЗЛОБНЫЙ ЗАПАСЛИВЫЙ,6,slovo_dictionary,synth_1245,synthetic
ДЕЛАТЬ ПОД ОДЕЖДА ПОКА (ЧТО) ИСКАТЬ ЖАРИТЬ БОЛЬШЕ,7,slovo_dictionary,synth_1246,synthetic
ЗЛОСТЬ ПАНДА ПЛАВНИК В ТО ВРЕМЯ КАК ЛЮБОВЬ,5,slovo_dictionary,synth_1247,synthetic
НИЧЕГО НЕМЕДЛЕННО ХЛЕБ БАШЕННЫЕ ЧАСЫ ТВЕРДЫЙ,5,slovo_dictionary,synth_1248,synthetic
ЛЕБЕДЬ ПТИЦА ЗАБОТА СВИСТОК,4,slovo_dictionary,synth_1249,synthetic
ВЕЧНОСТЬ ВРЕД ПО ЧАСАМ ВОСЕМЬДЕСЯТ ШУМ ПЕРЕД ЗООПАРК УЖАСНЫЙ,8,slovo_dictionary,synth_1250,synthetic
ВОСХОД СОЛНЦА ПРИВЫК ПРОВЕРИТЬ ПРОТИВ СРОЧНЫЙ ПОСЛЕ ПРИБЫВАТЬ ПИТЬ,8,slovo_dictionary,synth_1251,synthetic
РАБОТАТЬ КОГДА НАКОНЕЦ-ТО СЛОН ОБЫЧНО РОЗОВАТО-ЛИЛОВЫЙ ВДОХНОВЕНИЕ ПЕРО,8,slovo_dictionary,synth_1252,synthetic
НАЙТИ ЧУЖОЙ ДРУЖЕЛЮБНЫЙ ИНТЕРЕСНЫЙ ВЕЖЛИВЫЙ ЖЁЛТЫЙ НАСЕЛЯТЬ,7,slovo_dictionary,synth_1253,synthetic
АГРЕССИВНЫЙ ЛЮБОВНЫЙ МУЖСКОЙ ТУАЛЕТ,3,slovo_dictionary,synth_1254,synthetic
ГОРЕВАТЬ ФУТБОЛ ОТНОШЕНИЕ ГОД КОЗА ДЯТЕЛ СТО ВЕСЕЛИТЬСЯ ПЕТУХ,9,slovo_dictionary,synth_1255,synthetic
РУКА НАИВНЫЙ ПУСТОЙ ПОКАЯНИЕ МОЙ НЕЖНЫЙ,6,slovo_dictionary,synth_1256,synthetic
КАФЕТЕРИЙ ОЖИДАЮЩИЙ ОДИННАДЦАТЫЙ МЕДЛЕННЫЙ ОБРАЗОВАННЫЙ БАНКЕТ ОПЯТЬ Ь,8,slovo_dictionary,synth_1257,synthetic
ТРИСТА ВЕЧНОСТЬ МАТЬ ВОРОТНИК Ш СКУЧАЮЩИЙ ПОНЕДЕЛЬНИК ЗООПАРК КРОКОДИЛ,9,slovo_dictionary,synth_1258,synthetic
ЦЕНА ЖАРИТЬ ТЫ ЖАДНО ЕСТЬ ОТТЕНОК МЕЖДУ,6,slovo_dictionary,synth_1259,synthetic
ВВЕРХ ЛИЧНЫЕ КАЧЕСТВА Г Я ЧУЖОЙ,5,slovo_dictionary,synth_1260,synthetic
СПРОСИТЬ РОТ ОШИБКА,3,slovo_dictionary,synth_1261,synthetic
НАПУГАННЫЙ ВНУТРЕННЕЕ В ТО ВРЕМЯ КАК,3,slovo_dictionary,synth_1262,synthetic
ИЗУЧИТЬ ПОЛОЖИТЕЛЬНЫЙ 7:45,3,slovo_dictionary,synth_1263,synthetic
КРЫСА БАБОЧКА НЕЛОВКИЙ; НЕУКЛЮЖИЙ НОЯБРЬ СЛАБОСТЬ БУТЫЛКА СЗАДИ ДЕШЁВЫЙ,8,slovo_dictionary,synth_1264,synthetic
МИЛОСЕРДНЫЙ НЕСЧАСТЬЕ СМОТРЕТЬ П Х БЕСПОКОИТЬСЯ ТОЖЕ ИНТЕЛЛЕКТУАЛЬНЫЙ,8,slovo_dictionary,synth_1265,synthetic
ЖЕНАТ СТАРЫЙ КОГОТЬ ЗУБЫ СЛЫШАТЬ СОТЫ ПРЕДУСМОТРИТЕЛЬНЫЙ,7,slovo_dictionary,synth_1266,synthetic
СНАЧАЛА ВОРОТНИК ТОЛЬКО,3,slovo_dictionary,synth_1267,synthetic
ТОЖЕ КОТОРЫЙ КЛЕТКА,3,slovo_dictionary,synth_1268,synthetic
2 ЧАСА ЧЕТЫРЕ ТЫСЯЧИ ОТКУСЫВАНИЕ КУСОК СЛАБЫЙ,5,slovo_dictionary,synth_1269,synthetic
Ш ЗАТЕМ; ПОТОМ Щ НЕРВНЫЙ,4,slovo_dictionary,synth_1270,synthetic
ПРЕЗРЕНИЕ КРУЖКА ЕЖЕДНЕВНЫЙ ПОВАР ВСЕ ПЛАТА ЗА ВХОД САМОВОСПРИЯТИЕ ТЕБЯ,8,slovo_dictionary,synth_1271,synthetic
ПЕРЕД ГОРДОСТЬ ОТВРАЩЕНИЕ АМБИЦИОЗНЫЙ,4,slovo_dictionary,synth_1272,synthetic
БУМАГА ЖЕНА УРОНИТЬ СНАЧАЛА СРАЗУ А ВРЕМЯ ДЛЯ ИЗМЕРЕНИЙ ИДТИ НРАВИТЬСЯ ИСПУГ,10,slovo_dictionary,synth_1273,synthetic
БОЛЬ ДЕСЯТЬ ЖАДНЫЙ НЕСЧАСТЬЕ ЗЛО ЗАВАРОЧНЫЙ ЧАЙНИК ВЕСЬ Ч НЕМЕДЛЕННО,9,slovo_dictionary,synth_1274,synthetic
Я ДЕВЯТЫЙ БУДУ,3,slovo_dictionary,synth_1275,synthetic
ИМЯ ДОВОЛЬСТВО НАБЛЮДАТЕЛЬНОСТЬ ОБЕСПОКОЕН МЫШЬ ПОЧВА ЗЛО,7,slovo_dictionary,synth_1276,synthetic
ДОМИНАНТНЫЙ МАГАЗИН МОТИВАЦИЯ ВРЕМЯ 11 ЧАСОВ,4,slovo_dictionary,synth_1277,synthetic
НЕПРОЗРАЧНОСТЬ БЫСТРЫЙ ПРИВЫК КАЛЕНДАРЬ ЗАВТРА ПЯТЫЙ ЖДАТЬ БЕГЕМОТ,8,slovo_dictionary,synth_1278,synthetic
НЕЖНЫЙ УПАСТЬ ДЕШЁВЫЙ ПЕЧАЛЬ ПУСТОЙ,5,slovo_dictionary,synth_1279,synthetic
СТО НАЧИНАТЬ ЛЮБИТЬ УГРЮМЫЙ ПЛОХО,5,slovo_dictionary,synth_1280,synthetic
ОПЯТЬ ВЕЛИКИЙ С ТЕХ ПОР КАК,3,slovo_dictionary,synth_1281,synthetic
МОДНЫЙ КУСОК МИЛЛИОН ПРОДЛЕВАТЬ СТРАДАНИЕ,5,slovo_dictionary,synth_1282,synthetic
РОГА НАЧИНАТЬ БЫТЬ ПРЕКРАСНЫЙ ЖЕЛАНИЕ,5,slovo_dictionary,synth_1283,synthetic
СТОРОНА МОТИВИРОВАТЬ ЗАВАРОЧНЫЙ ЧАЙНИК ПОМОЩНИК ПОВАРА ДЕРЖАТЬ,5,slovo_dictionary,synth_1284,synthetic
КРЫЛО ТЕМНОТА ЖАДНЫЙ ОТКРЫТЬ РАЗРЫДАТЬСЯ ВЧЕРА АГРЕССИВНЫЙ В СПЕШКЕ,8,slovo_dictionary,synth_1285,synthetic
СМЕХ КРЕВЕТКА ИНТЕРЕСНЫЙ ЛЮБОВЬ ПОЧЕМУ ПЕТУХ,6,slovo_dictionary,synth_1286,synthetic
ВЫСОКОМЕРНЫЙ ВОСХОД СОЛНЦА БЕСПОКОЯЩИЙ ДЕВЯТНАДЦАТЬ ВЫИГРЫШ ДОБРОПОРЯДОЧНОСТЬ ЯЗЫК ЗВЕРЬ,8,slovo_dictionary,synth_1287,synthetic
ПУТЕШЕСТВИЕ ЛЮБОВНЫЙ НЕДАВНИЙ БЕСПОКОЯЩИЙ,4,slovo_dictionary,synth_1288,synthetic
ЖАРИТЬ ЧТО-НИБУДЬ КАНУН ВЕСЬ ГОРЕ ВЫСОКИЙ НАХАЛЬНЫЙ,7,slovo_dictionary,synth_1289,synthetic
ДЕТСКИЙ ОСОБЕННО ИЗ-ЗА АГРЕССИВНЫЙ,4,slovo_dictionary,synth_1290,synthetic
ЗАБРАТЬ ДВЕНАДЦАТЬ ВЛЮБИТЬСЯ С ТЕХ ПОР КАК ТОГДА НАКРЫВАТЬ НА СТОЛ О ДОБРЫЙ ГРЯЗНЫЙ СКРОМНЫЙ,10,slovo_dictionary,synth_1291,synthetic
ВЗДРАГИВАТЬ ГРУБЫЙ СЛОВО,3,slovo_dictionary,synth_1292,synthetic
ТЁМНЫЙ ОДИНОКИЙ РАССЛАБИТЬСЯ,3,slovo_dictionary,synth_1293,synthetic
ДОВОЛЬНО ПРЕДЛОЖИТЬ ТОСТ СТОРОНА ПРИРУЧЕННЫЙ СЛИШКОМ АЛЛЕРГИЯ НА ЕДУ,6,slovo_dictionary,synth_1294,synthetic
ЗМЕЯ САРКАЗМ ДОЛЖЕН НЕМЕДЛЕННО,4,slovo_dictionary,synth_1295,synthetic
ЛОПАТА НЕУВАЖЕНИЕ МИЛОСЕРДНЫЙ ЗДЕСЬ ДЕВЯТНАДЦАТЬ ОТЛОЖЕННЫЙ ЗАКРЫТЬ ДИСТРЕСС,8,slovo_dictionary,synth_1296,synthetic
СКВОЗЬ КОШКА ЗМЕЯ ПОЗДНО ВНУТРЕННЕЕ ЖАДНОСТЬ ИСПОЛЬЗОВАТЬ ПРОДОЛЖИТЕЛЬНОСТЬ МЫШЬ,9,slovo_dictionary,synth_1297,synthetic
ИСПУГАННЫЙ ТАКОЙ ВОЛК НЕУДОБНО ТРИ ТЫСЯЧИ ВРЕМЯ ДЛЯ ИЗМЕРЕНИЙ ЧИТАТЬ,7,slovo_dictionary,synth_1298,synthetic
ВОЗРАДОВАТЬСЯ АВГУСТ ПЯТЬ ЖЕЛТЫЙ ГОРОД БОЛЬ ТРИСТА,7,slovo_dictionary,synth_1299,synthetic
ЧИСТЫЙ РАНЕЕ Е ВТОРНИК ЛЮБОПЫТНЫЙ ПОСТЕПЕННО УЛИЦА,7,slovo_dictionary,synth_1300,synthetic
А ПЛОХО ПЯТЬ ТЫСЯЧ ОПАСНЫЙ МЕДЛЕННЫЙ ОСОБЕННО,6,slovo_dictionary,synth_1301,synthetic
ЗМЕЯ ПРИНЕСТИ НЕЛОВКИЙ; НЕУКЛЮЖИЙ ОКУНАТЬ НЕДОВОЛЬНЫЙ,5,slovo_dictionary,synth_1302,synthetic
БРАТ ОДИННАДЦАТЫЙ СОЧУВСТВИЕ ПИСЬМО ХОЛОДНЫЙ ТЁПЛЫЙ ОСТАНОВИТЬ ОБА,8,slovo_dictionary,synth_1303,synthetic
КОГОТЬ ОСТАВИТЬ У ИСТЕРИК ОДЕРЖИМЫЙ ВТОРНИК,6,slovo_dictionary,synth_1304,synthetic
Я ПРЕДЫДУЩИЙ В ЭТОМ ГОДУ МЕСЯЦ ПЕТЬ,5,slovo_dictionary,synth_1305,synthetic
ДОМИНАНТНЫЙ ГРУБЫЙ КОГДА ВЫРУЧИТЬ В ТО ВРЕМЯ КАК НЕЖНЫЙ ОФИЦИАНТ НЕПРОЗРАЧНОСТЬ,8,slovo_dictionary,synth_1306,synthetic
МАТЬ ПРЕЗИРАТЬ СЛОН ОБЪЯТИЕ ЛЕВЫЙ ВСЁ РОЗОВАТО-ЛИЛОВЫЙ,7,slovo_dictionary,synth_1307,synthetic
УГРЮМЫЙ ПОГОДА НАПРЯЖЕНИЕ ГОД АКТИВНЫЙ,5,slovo_dictionary,synth_1308,synthetic
ПРАВША МЫШЬ ДАТЬ МЕРТВЫЙ СВЕТ ОБЕСПОКОЕННЫЙ ЧЕМОДАН ДО,8,slovo_dictionary,synth_1309,synthetic
ШУТИТЬ ОТЧАЯННЫЙ ВЕРОЯТНО,3,slovo_dictionary,synth_1310,synthetic
Г ЗНАЧИТ РАССТРОЙСТВО,3,slovo_dictionary,synth_1311,synthetic
ПРЕЗИРАТЬ АКУЛА СТРОГИЙ,3,slovo_dictionary,synth_1312,synthetic
ДВА КУВШИН КРОКОДИЛ БЫК ЖАРКИЙ ОТРИЦАТЕЛЬНЫЙ ЧЕТВЕРГ ДОВОЛЕН,8,slovo_dictionary,synth_1313,synthetic
Р СОРОК КУПИТЬ УГРЮМЫЙ ОДАРЕННЫЙ,5,slovo_dictionary,synth_1314,synthetic
БУДУЩЕЕ ЗНАЧИТ ОБЛАДАТЬ РАД УЛИЦА ОТЕЦ ИМПУЛЬС СЧАСТЬЕ ЛЮБОПЫТНЫЙ ПОЗВОЛИТЬ,10,slovo_dictionary,synth_1315,synthetic
СУМКА НЕПРИЯТНЫЙ ПИТЬ НЕПРЕКЛОННЫЙ ПОКА,5,slovo_dictionary,synth_1316,synthetic
УРОНИТЬ СОГЛАСНО ВЕЛИКИЙ Ш,4,slovo_dictionary,synth_1317,synthetic
ФИОЛЕТОВЫЙ АГРЕССИЯ ИСПЫТЫВАТЬ МИЛЫЙ НАХАЛЬНЫЙ САМОПРОВЕРКА С ТЕХ ПОР КАК НАЗАД ЖДАТЬ МУЖЧИНА,10,slovo_dictionary,synth_1318,synthetic
ВЗЯТЬ СТРАСТЬ КРОКОДИЛ,3,slovo_dictionary,synth_1319,synthetic
ВРАЖДЕБНЫЙ ЖИРАФ ТЕБЯ ДВЕ ТЫСЯЧИ ПОСТОЯННЫЙ,5,slovo_dictionary,synth_1320,synthetic
ТОЛЬКО ДВАЖДЫ БЛЕДНЫЙ ОТ ПАМЯТЬ СЧАСТЛИВЫЙ ЗАБОТА СОРОК СКУЧНЫЙ В ПРОШЛОМ ГОДУ,10,slovo_dictionary,synth_1321,synthetic
ЗАВИСТЬ АВГУСТ ЗАЯЦ ДОВОЛЬСТВО ГОВОРИТЬ НЕПОСЛУШНЫЙ ЮГ НАЧАЛО КРОТОСТЬ БЫСТРЫЙ,10,slovo_dictionary,synth_1322,synthetic
БЕЖЕВЫЙ ОДНОВРЕМЕННОСТЬ ОСТАВИТЬ,3,slovo_dictionary,synth_1323,synthetic
ХОРОШИЙ ОБА НОЛЬ,3,slovo_dictionary,synth_1324,synthetic
ВОСЕМНАДЦАТЬ ЖАРИТЬ ИНТЕЛЛЕКТУАЛЬНЫЙ СЧАСТЬЕ УЖЕ НУЖДАТЬСЯ,6,slovo_dictionary,synth_1325,synthetic
ЛИЧНЫЕ КАЧЕСТВА ПОЗДНО КРОМЕ ВРАЖДЕБНЫЙ ВНИЗУ ИМЯ МАЛЬЧИК ВЕСЁЛЫЙ ЛЯГУШКА ДОВОЛЬСТВО,10,slovo_dictionary,synth_1326,synthetic
М СКУЧАЮЩИЙ НЕВИНОВНЫЙ ИМЯ ГЛОТАТЬ ЖАДНО Ь,6,slovo_dictionary,synth_1327,synthetic
Ё ПОПУГАЙ БЕСПОКОЯЩИЙ БЕСПОКОИТЬСЯ ПРЕДЛОЖИТЬ,5,slovo_dictionary,synth_1328,synthetic
ЯСНЫЙ РУБЛЬ Т ВОСЕМЬДЕСЯТ МГНОВЕНИЕ СМЕЛОСТЬ,6,slovo_dictionary,synth_1329,synthetic
КОГДА РЫДАТЬ ИХ ЕДА СМИРИТЬСЯ,5,slovo_dictionary,synth_1330,synthetic
РАСПРЕДЕЛЯТЬ КУБОК СЮРПРИЗ ГОРДОСТЬ ЧАСТЬ,5,slovo_dictionary,synth_1331,synthetic
ОТЕЦ ХОРОШО НЕПРЕКЛОННЫЙ ТОЧНО СМИРИТЬСЯ М МНОГО ЛИЧНЫЕ КАЧЕСТВА,8,slovo_dictionary,synth_1332,synthetic
СМЕХ КЛЕВАТЬ ОБА ГОРДЫЙ,4,slovo_dictionary,synth_1333,synthetic
ГОРЕВАТЬ БЕСПОКОЙНЫЙ ПРОДОЛЖИТЕЛЬНОСТЬ НАЛОГ ИЗНОШЕННЫЙ ДОРОГОЙ ПОГОДА НАЧАЛО,8,slovo_dictionary,synth_1334,synthetic
ЗАБРАТЬ НАЙТИ ДИНОЗАВР ПУСТОЙ ВОЗМОЖНЫЙ НАПРАВЛЕНИЕ МУЖ ИСПУГ КРУЖКА ПРИРУЧЕННЫЙ,10,slovo_dictionary,synth_1335,synthetic
ПОПУГАЙ ВРЕМЕННЫЙ БЫТЬ БЫ ОТТЕНОК ИМ,6,slovo_dictionary,synth_1336,synthetic
КОЗЕЛ РАЗУМНЫЙ ОКУНАТЬ,3,slovo_dictionary,synth_1337,synthetic
РАЗЛИЧНЫЙ ВЕРБЛЮД НАИВНЫЙ ГОЛОДНЫЙ,4,slovo_dictionary,synth_1338,synthetic
СОБИРАТЬ ШЕСТЬ С ТЕХ ПОР КАК,3,slovo_dictionary,synth_1339,synthetic
ПОПУГАЙ ТРУС СМОТРЕТЬ МОТИВИРОВАТЬ РОТ ДЕВОЧКА С ТЕХ ПОР КАК,7,slovo_dictionary,synth_1340,synthetic
АГРЕССИВНЫЙ ДРОЖАТЬ БЫВШИЙ МАТЬ СПРОСИТЬ ГОТОВЫЙ СИНИЙ СКОРБЕТЬ,8,slovo_dictionary,synth_1341,synthetic
ВКУС ПРИЯТНЫЙ ДИЕТА ИЗНОШЕННЫЙ,4,slovo_dictionary,synth_1342,synthetic
ИЗВЕСТНЫЙ УВЕРЕН НЕЖНЫЙ ЗЛО ОТВАЖИТЬСЯ,5,slovo_dictionary,synth_1343,synthetic
НАЧАТЬ СУМАТОХА ОБЕЩАТЬ ПОТРЯСАЮЩИЙ НЕДАВНИЙ КРАСНОВАТЫЙ ПИСЬМО ВДОХНОВЛЯТЬ ЖЕНА Я,10,slovo_dictionary,synth_1344,synthetic
СОЖАЛЕТЬ ВЕРХ 7:45 НЕРВНЫЙ ПРИВЕЗТИ ОБЕСПОКОЕННЫЙ ЭТОТ ИНАЧЕ НЕОБХОДИМЫЙ,9,slovo_dictionary,synth_1345,synthetic
НЕЛОВКИЙ; НЕУКЛЮЖИЙ ИДТИ ПРЕДПОЧИТАТЬ КЛЕТКА ТЕБЕ,5,slovo_dictionary,synth_1346,synthetic
ГОЛОВА ЛЯГУШКА ЧУВСТВОВАТЬ ВЫСОКОМЕРНЫЙ ПРАВША АЛЛИГАТОР УТРО ВОЗБУЖДЕННЫЙ,8,slovo_dictionary,synth_1347,synthetic
КЛЕВАТЬ ЗАБРАТЬ ПОЗДНО ОДЕЖДА,4,slovo_dictionary,synth_1348,synthetic
ВЫСОКИЙ ВНИЗУ ВОСЕМЬ,3,slovo_dictionary,synth_1349,synthetic
ТОЧНО В НАСТОЯЩЕЕ ВРЕМЯ ВДОХНОВЕНИЕ ДЕЛАТЬ,4,slovo_dictionary,synth_1350,synthetic
ЗАКОНЧИТЬ ПОЛОЖИТЬ НЕВЕРИЕ ПОКА (ЧТО) ИЛИ ВСКРУЖИТЬ ТЫ ГОРДЫЙ,8,slovo_dictionary,synth_1351,synthetic
БЫТЬ ПОТРЯСЕННЫМ ОТВРАЩЕНИЕ ГЛАЗ БЛАГОДАРНОСТЬ,4,slovo_dictionary,synth_1352,synthetic
СТОЙКОСТЬ ДЕВОЧКА ЗАСТЕНЧИВЫЙ НАПУГАННЫЙ ПРЕДЛОЖИТЬ ТОСТ ЛЕЖАТЬ,6,slovo_dictionary,synth_1353,synthetic
КЛЮВ БЫСТРО БЕСПОКОЯЩИЙ ВРЕМЯ ДЛЯ ИЗМЕРЕНИЙ ТЕБЕ ЕЙ ЗВЕРЬ,7,slovo_dictionary,synth_1354,synthetic
РАССТРОЕННЫЙ ЯСНЫЙ ИСПОРЧЕННЫЙ ПИТЬЕВАЯ ВОДА ПОМОЩНИК ПОВАРА НЕНАВИДЕТЬ СКОРО НРАВСТВЕННОСТЬ ТРУС Ф,10,slovo_dictionary,synth_1355,synthetic
БЕСПОКОЙСТВО ДОМАШНЕЕ ЖИВОТНОЕ ОБЛАДАТЬ ДЕЛАТЬ ЛЮБОПЫТНЫЙ ДОБРОТА,6,slovo_dictionary,synth_1356,synthetic
ПЯТЬ ТЫСЯЧ РОЗОВАТО-ЛИЛОВЫЙ ПЕРЕВАРИВАНИЕ БАНКЕТ НАЧИНАТЬ,5,slovo_dictionary,synth_1357,synthetic
ПРЕДАННЫЙ ЖЕНАТ ТРИ ТЫСЯЧИ ТОЛЬКО ДЕЛАТЬ НАСЕЛЯТЬ П ВОСЕМЬДЕСЯТ ДОВЕРЯТЬ,9,slovo_dictionary,synth_1358,synthetic
ОПАСНЫЙ ВТОРОЙ КУРИЦА ГОЛОВА СТРАХ ИСПОЛЬЗОВАТЬ ИЗМЕНИТЬ,7,slovo_dictionary,synth_1359,synthetic
СКРОМНЫЙ ВРАЖДЕБНЫЙ СТОЙКОСТЬ НАГЛОСТЬ КРЕСТ Ъ ЖЕСТОКИЙ ДАЖЕ,8,slovo_dictionary,synth_1360,synthetic
ЛЕБЕДЬ РАЗЛИЧНЫЙ МУЖ МИЛЛИОН ПОСЛУШНЫЙ БОЛЬ ПРЕДПОЧИТАТЬ РЕДКО ТЫСЯЧА ОТНОШЕНИЕ,10,slovo_dictionary,synth_1361,synthetic
ОБЕСПОКОЕННЫЙ ЛИЦО ГОЛОВА ОПЯТЬ ОТЧАЯТЬСЯ ЧАС ГОД ЧЕЛОВЕК НАКОНЕЦ,9,slovo_dictionary,synth_1362,synthetic
НАМ ГОЛОДНЫЙ ОСНОВНОЙ ЦВЕТ ГОРЮЮЩИЙ ДЕВЯТЫЙ СПРОСИТЬ,6,slovo_dictionary,synth_1363,synthetic
ЖАЛОСТЬ Ш ЗАКАЗЫВАТЬ ЛУЧШИЙ ИЗМЕНИТЬ СУББОТА ОБА ЖАЖДА ЗАКРЫТЬ БЕСПОКОЯЩИЙ,10,slovo_dictionary,synth_1364,synthetic
РАЗРЫДАТЬСЯ ПЯТЬ РОГА РЕЛИГИЯ ЧТО-НИБУДЬ ГЕНИЙ,6,slovo_dictionary,synth_1365,synthetic
СМУЩЕННЫЙ ДВЕ ТЫСЯЧИ ТЯЖЁЛЫЙ ТРУС ЦВЕТОВОЙ ОТТЕНОК ИМПУЛЬС ОТКЛАДЫВАТЬ ЛИЦЕМЕРНЫЙ ШЕСТОЙ,9,slovo_dictionary,synth_1366,synthetic
СТРАДАНИЕ ЗАВИСТЬ ОБЫЧНЫЙ ПРОДОЛЖИТЬ ЧАШКА ЛЕННОСТЬ ЛЕВЫЙ,7,slovo_dictionary,synth_1367,synthetic
МИНИМУМ ОБЪЯТИЕ ЛУЧШЕ САМОАНАЛИЗ ЗАЯЦ ТРУСЛИВО ПОКАЯНИЕ ПОКА КОЗЕЛ МУЖСКОЙ ТУАЛЕТ,10,slovo_dictionary,synth_1368,synthetic
АГРЕССИЯ ГНЕВ ВИДЕТЬ ЖЕНЩИНА РУЧКА ПОСЛЕ,6,slovo_dictionary,synth_1369,synthetic
ОБЛАДАТЬ СЧАСТЬЕ ЯСНЫЙ ТОГДА АККУРАТНЫЙ ОБРАЗОВАННЫЙ САМОМНЕНИЕ,7,slovo_dictionary,synth_1370,synthetic
ЧУЖОЙ КРАСНЫЙ ГРЯЗНЫЙ КОРИЧНЕВЫЙ,4,slovo_dictionary,synth_1371,synthetic
НАС ВОЗБУЖДЕНИЕ НЕПРОЗРАЧНОСТЬ ВЕРИТЬ ПИСАТЬ РАНО,6,slovo_dictionary,synth_1372,synthetic
ЛАНЧ ВСПОМНИТЬ МУЖЕСТВЕННОСТЬ ПОТРЯСАЮЩИЙ СЕГОДНЯ ГОВОРИТЬ ВРЕД КУСАТЬ С,9,slovo_dictionary,synth_1373,synthetic
ГОВОРИТЬ ГОЛОС ПОСЛЕ ОТКУСЫВАНИЕ ПОЧЕМУ ЧЕРНЫЙ,6,slovo_dictionary,synth_1374,synthetic
ЧАС НРАВСТВЕННОСТЬ ЛЕЖАТЬ ОБМАНЧИВОСТЬ ОДИННАДЦАТЫЙ АКТИВНЫЙ ВЛЮБЛЕННЫЙ,7,slovo_dictionary,synth_1375,synthetic
ЖАДНЫЙ НРАВСТВЕННОСТЬ В ПРОШЛОМ ГОДУ ОСНОВНОЙ ЦВЕТ Т НАПРАВЛЕНИЕ АППЕТИТ,7,slovo_dictionary,synth_1376,synthetic
ИНТЕЛЛЕКТУАЛЬНЫЙ СУМКА ПРОЩАНИЕ МОТИВИРОВАТЬ ЛЕБЕДЬ РАБ ПЧЕЛА,7,slovo_dictionary,synth_1377,synthetic
СОРОК ВОСХОД СОЛНЦА СКУЧНЫЙ ИГРАТЬ ИМПУЛЬС ТИГР ОБРАЗОВАННЫЙ,7,slovo_dictionary,synth_1378,synthetic
ДЕШЁВЫЙ ЧИСТЫЙ НЕПРЕКЛОННЫЙ СЕРЕБРО МЫШЬ ПОВАР,6,slovo_dictionary,synth_1379,synthetic
ЗАНЯТЫЙ ПЕРЕВАРИВАНИЕ КРЫЛО,3,slovo_dictionary,synth_1380,synthetic
СНАЧАЛА РОЗОВЫЙ ДАТЬ ДЕШЁВЫЙ ЗАЯЦ СТОРОНА ОБЕЗЬЯНА ЧЕТВЕРГ,8,slovo_dictionary,synth_1381,synthetic
САМОВОСПРИЯТИЕ ЛИСА Р НЕПОСЛУШНЫЙ ЖАЖДУЩИЙ ПОВАР НАДОЕЛО СЕРДИТЫЙ,8,slovo_dictionary,synth_1382,synthetic
ПЛАТА ЗА ВХОД КРОМЕ ГАЗЕТА РЫЧАТЬ МОЛОДОЙ ВЫСОКОМЕРНЫЙ,6,slovo_dictionary,synth_1383,synthetic
НАКРЫВАТЬ НА СТОЛ Н РАЗУМНЫЙ,3,slovo_dictionary,synth_1384,synthetic
ДЕСЯТЬ ЧЕТВЕРТЫЙ ВОРОТНИК МАТЬ ОСТРОУМИЕ НАШЕСТВИЕ,6,slovo_dictionary,synth_1385,synthetic
ТРУДНЫЙ ПЯТЬДЕСЯТ СЛАБОСТЬ МУЖЧИНА,4,slovo_dictionary,synth_1386,synthetic
ВАМ НОВОСТИ ГЕНИЙ,3,slovo_dictionary,synth_1387,synthetic
СИНИЙ ПЯТНАДЦАТЬ ИЗМОЖДЕННЫЙ ЗАЯЦ СУМАТОХА ПОЛОЖИТЬ СНАЧАЛА ДВЕНАДЦАТЬ,8,slovo_dictionary,synth_1388,synthetic
НОСОРОГ ДВЕНАДЦАТЬ ВЛЮБЛЕННЫЙ КРАСНЫЙ СПОСОБ ЕСЛИ,6,slovo_dictionary,synth_1389,synthetic
ПОЧКИ РАБОТАТЬ ПРИЕМ ПИЩИ ПУСТОЙ НЕСЧАСТЬЕ Э ОДОЛЖИТЬ СМЕШНОЙ,8,slovo_dictionary,synth_1390,synthetic
БИЛЕТ НАИВНЫЙ ЛЕННОСТЬ ЧЕРНЫЙ ВЕЗДЕ ВНУТРЕННЕЕ,6,slovo_dictionary,synth_1391,synthetic
ХУДШИЙ ПЛАКАТЬ НОЧЬ,3,slovo_dictionary,synth_1392,synthetic
ЖАДНОСТЬ РЫБА БАБОЧКА ВЫХОДНЫЕ САМООБМАН НАС ЗРЕЛИЩНЫЙ,7,slovo_dictionary,synth_1393,synthetic
ЖИРАФ КУПИТЬ ДОМОГАТЬСЯ ДОБРЫЙ НАЗАД ПОСЛЕДНИЙ ВОЗМОЖНЫЙ,7,slovo_dictionary,synth_1394,synthetic
ВАС САМООБМАН ЖЕЛАНИЕ Ш ПОТОМ ЖИЗНЬ МИНУТА О НАД,9,slovo_dictionary,synth_1395,synthetic
ПЯТНАДЦАТЬ НЕМНОГО ОТЛОЖИТЬ ВЗЯТЬ НЕДОБРЫЙ,5,slovo_dictionary,synth_1396,synthetic
ПОЧЕМУ ВРЕМЯ ОТ ПОЧКИ ДОВОЛЕН ВРАЖДЕБНЫЙ,6,slovo_dictionary,synth_1397,synthetic
ВЕРХ БЕСПОКОЙСТВО ПРИВЫК НАКОНЕЦ 7:45,5,slovo_dictionary,synth_1398,synthetic
ОФИЦИАНТ ПУТЕШЕСТВОВАТЬ ЧЕТВЕРГ ТЕРЯТЬ,4,slovo_dictionary,synth_1399,synthetic
ТРУС ДЕЛАТЬ СЛОВО ВЕСЕЛЫЙ БЕГЕМОТ РОЗОВАТО-ЛИЛОВЫЙ,6,slovo_dictionary,synth_1400,synthetic
СМИРИТЬСЯ МИЛЕНЬКИЙ БАШЕННЫЕ ЧАСЫ СУМКА ВНИЗ В ТВЕРДЫЙ КАНУН ВЕРХ ВАС,10,slovo_dictionary,synth_1401,synthetic
ТРИ ТЫСЯЧИ ЧАС Я,3,slovo_dictionary,synth_1402,synthetic
ЦВЕТА ЕЩЕ НЕТ ПИТЬ ПОДОЗРЕВАТЬ САМОПРОВЕРКА АНИМАТОР ЛИТЬ,7,slovo_dictionary,synth_1403,synthetic
ОТЕЦ О ПРАГМАТИЧНЫЙ КОШКА МИЛЛИОН ВЕЧЕР ПУТЕШЕСТВОВАТЬ,7,slovo_dictionary,synth_1404,synthetic
ДОМИНАНТНЫЙ ТРУСЛИВО НЕ ВЕЖЛИВЫЙ РАДОСТЬ ДОМ ПОСТЕПЕННО МИЛОСЕРДНЫЙ ИСПОЛЬЗОВАТЬ Ь,10,slovo_dictionary,synth_1405,synthetic
ДЕШЁВЫЙ КРОКОДИЛ К ПАУЧЬЯ СЕТЬ НЕРАДИВЫЙ,5,slovo_dictionary,synth_1406,synthetic
"ВОЗМОЖНО ВЕРНЫЙ НЕЖНЫЙ, МЯГКИЙ СЕМЬ",4,slovo_dictionary,synth_1407,synthetic
ПОДОЗРЕВАТЬ СЕВЕР СЛАБОСТЬ ОТЧАЯННЫЙ РАЗУМНЫЙ ТОЖЕ РАЗЪЯРЕННЫЙ НЕВОЗМОЖНЫЙ НЕРАДИВЫЙ,9,slovo_dictionary,synth_1408,synthetic
ГЕНИЙ ВОСЕМНАДЦАТЬ РАДОСТЬ НЕПРОЗРАЧНОСТЬ,4,slovo_dictionary,synth_1409,synthetic
ГЕНИЙ ЛОСЬ НАРУЖУ ЗАТЯГИВАТЬ ЗАПАСЛИВЫЙ НАЧАЛО НЕОЖИДАННЫЙ ГОТОВЫЙ ТЁМНЫЙ,9,slovo_dictionary,synth_1410,synthetic
КАНУН ЖАРКИЙ ТОЖЕ МАЛЕНЬКИЙ СКАЗАТЬ РАЗЛИЧНЫЙ ТАМ КОМНАТА В ВОСЕМЬ ПЯТНАДЦАТЬ,9,slovo_dictionary,synth_1411,synthetic
ГНЕВ ПРИЕМ ПИЩИ КРАСНЫЙ ХОТЕТЬ,4,slovo_dictionary,synth_1412,synthetic
ПЛАКАТЬ ПЛОХОЙ СЕСТРА,3,slovo_dictionary,synth_1413,synthetic
ШЕСТНАДЦАТЬ ЗОЛОТО В ЭТОМ ГОДУ ГОТОВЫЙ ЗАКРЫТЬ,5,slovo_dictionary,synth_1414,synthetic
РАССЕЯННЫЙ ЛЮДИ КОГОТЬ ИМЯ ВОСЕМЬ ТАК СЕБЕ,6,slovo_dictionary,synth_1415,synthetic
ЧЕЛОВЕК ПЕТУХ ПОНЯТЬ,3,slovo_dictionary,synth_1416,synthetic
ГЛОТАТЬ ДВЕСТИ Е СТРАХ ПИНГВИН ПРИВЫК СУХОЙ КРЫЛО МЕСЯЦ,9,slovo_dictionary,synth_1417,synthetic
НАДОЕЛО ДЕЛАТЬ ВЫВОДЫ ДОВОЛЬСТВО,3,slovo_dictionary,synth_1418,synthetic
РЫЧАНИЕ СТЫДНО ИНТЕРЕСНЫЙ ПРЕДЛОЖИТЬ ОБЕСПОКОЕННЫЙ НЕМЕДЛЕННЫЙ МУДРЫЙ СМЕЯТЬСЯ СЛЫШАТЬ,9,slovo_dictionary,synth_1419,synthetic
ЗМЕЯ ОБРАЗОВАННЫЙ ИСПУГ КУПИТЬ ОСТАТЬСЯ САРКАЗМ ЧУЖОЙ ЧЕТЫРНАДЦАТЬ ЧУВСТВОВАТЬ ПИТЬ,10,slovo_dictionary,synth_1420,synthetic
ТЁПЛЫЙ ЗАБРАТЬ ДЕШЁВЫЙ,3,slovo_dictionary,synth_1421,synthetic
ПОДРОБНО НРАВСТВЕННОСТЬ ПОДАВЛЕННЫЙ МУЖЧИНА ВЕРНЫЙ ДОМОГАТЬСЯ ВЕРИТЬ ПРЕДПОЧИТАТЬ,8,slovo_dictionary,synth_1422,synthetic
Щ ОБЛЕГЧЕНИЕ ВОЛК,3,slovo_dictionary,synth_1423,synthetic
ВИДЕТЬ КОТОРЫЙ ВТОРНИК,3,slovo_dictionary,synth_1424,synthetic
КНИГА ТРУС СТАРЫЙ ДРУГ ПОМЕСЬ МОЛОДОЙ ЛЕЖАТЬ СОЧУВСТВИЕ,8,slovo_dictionary,synth_1425,synthetic
МЕДУЗА НАПРАВЛЕНИЕ НАКОНЕЦ,3,slovo_dictionary,synth_1426,synthetic
РАННИЙ ДЕЛАТЬ МЕЛКИЙ ГЛОТОК ПОСЛУШНЫЙ НАМ,4,slovo_dictionary,synth_1427,synthetic
ОФИЦИАНТ СЛУШАТЬ НАПРАВЛЕНИЕ ВДОХНОВЛЯТЬ КОРИЧНЕВЫЙ МАЛЕНЬКИЙ ЗАБРАТЬ НАЗНАЧЕННОЕ ВРЕМЯ НАВСЕГДА ОБЫЧНЫЙ,10,slovo_dictionary,synth_1428,synthetic
РАЗЪЯРЕННЫЙ ДНЕМ И МИЛЕНЬКИЙ СЧАСТЛИВЫЙ,5,slovo_dictionary,synth_1429,synthetic
ИСКАТЬ НАМ РАЗДРАЖАТЬ ГОРЬКИЙ СЛИШКОМ ЗЕЛЁНЫЙ НАЛОГ,7,slovo_dictionary,synth_1430,synthetic
НЕ Ё ДЕНЬ И НОЧЬ ЧЕТЫРЕ ПОДАВЛЕННЫЙ КОНЕЧНО НЕСЧАСТЬЕ Ю СЕРЫЙ РАНЕЕ,10,slovo_dictionary,synth_1431,synthetic
ЛЕЖАТЬ ЕЙ ИМПУЛЬС,3,slovo_dictionary,synth_1432,synthetic
ДОВОЛЬСТВО ПЛОХО ЗАКРЫТЬ Й,4,slovo_dictionary,synth_1433,synthetic
КРАСИВЫЙ ЭТОТ БЕЛЫЙ,3,slovo_dictionary,synth_1434,synthetic
ЖЁСТКИЙ ПЕЧАЛЬ Я,3,slovo_dictionary,synth_1435,synthetic
ТОРЖЕСТВЕННЫЙ ВИНА РАННИЙ ОБЛЕГЧЕНИЕ ПОНЯТЬ ДЕКАБРЬ ОБЕДАТЬ НАДЕЯТЬСЯ ПОКАЯНИЕ КУБОК,10,slovo_dictionary,synth_1436,synthetic
ВЕЧЕР НЕУДОБНО ПИТЬ ВЫСОКИЙ УВЕРЕН,5,slovo_dictionary,synth_1437,synthetic
ПОНЕДЕЛЬНИК ТЕ ВАМ ГОЛОВА,4,slovo_dictionary,synth_1438,synthetic
ЗАБРАТЬ АРОМАТНЫЙ ТЕ ГОТОВЫЙ СЗАДИ,5,slovo_dictionary,synth_1439,synthetic
ПРОНЫРА НАКОНЕЦ-ТО ОТКУПОРИВАТЬ,3,slovo_dictionary,synth_1440,synthetic
ПТИЦА ИСПОЛЬЗОВАТЬ ЧЕТЫРЕ ЛИТЬ ОТВАЖИТЬСЯ,5,slovo_dictionary,synth_1441,synthetic
ОБНИМАТЬ ДЕЛАТЬ МЕЛКИЙ ГЛОТОК ВЗЯТЬ НАЙТИ АЛЛИГАТОР,5,slovo_dictionary,synth_1442,synthetic
МЕСТО ТЫ ОШИБКА ДОМИНАНТНЫЙ БЫВШИЙ Ё ОБЕДАТЬ,7,slovo_dictionary,synth_1443,synthetic
КЛЮЧ ЗЛОСТЬ СМЕЛОСТЬ ТЯЖЁЛЫЙ КУСОК ЗАМУЖЕМ ПЕРЕВОДИТЬ ЛЮДИ ЧЕЛОВЕК,9,slovo_dictionary,synth_1444,synthetic
СРЕДА ЧЕЛОВЕК НЕПОСЛУШНЫЙ АЛЛЕРГИЯ НА ЕДУ НЕЖНЫЙ ВЫХОДНЫЕ ТРИ ТЫСЯЧИ,7,slovo_dictionary,synth_1445,synthetic
ПРЕДЛОЖИТЬ ПИР ЗАМУЖЕМ МАЛЬЧИК ПИТЬЕВАЯ ВОДА ЖАДНО ЕСТЬ ДВАДЦАТЬ ВТОРНИК ВДОХНОВЕНИЕ,9,slovo_dictionary,synth_1446,synthetic
ДЕЛАТЬ СТОРОНА ЖАРИТЬ ВНУТРЕННЕЕ ТРЕТИЙ РУКА ЛЮДИ ЧИСТЫЙ КЛЮЧ ПУТЕШЕСТВИЕ,10,slovo_dictionary,synth_1447,synthetic
ТОГДА ВАШ ДЯТЕЛ ВОСЕМЬСОТ СОМНЕНИЕ РВЕНОСТЬ АККУРАТНЫЙ,7,slovo_dictionary,synth_1448,synthetic
ПРЕДПОЧИТАТЬ ОСЕЛ РЫЧАТЬ ВЕРИТЬ НАЧИНАТЬ ТРИ,6,slovo_dictionary,synth_1449,synthetic
ИНОГДА ПОДАВЛЕННЫЙ НЕОБХОДИМЫЙ ДОВОЛЬНЫЙ ТРИ,5,slovo_dictionary,synth_1450,synthetic
КАФЕ НИКОГДА ДОВОЛЬСТВО УРОНИТЬ ЖДАТЬ ВДОХНОВЕНИЕ,6,slovo_dictionary,synth_1451,synthetic
СЕСТРА РАССЕРДИТЬСЯ МЕСТО ДЛЯ ПИКНИКА ТОГДА ПРИЧИНА ЗЛОЙ ОВЦА,7,slovo_dictionary,synth_1452,synthetic
НАЧАЛО ВРАЖДЕБНЫЙ ЖЕЛТЫЙ ТРУС ЛЕНИВЫЙ ВОЗБУЖДЕННЫЙ ПОПУГАЙ,7,slovo_dictionary,synth_1453,synthetic
ЗАДЕРЖИВАТЬ КАРАНДАШ СОЖАЛЕТЬ Ч,4,slovo_dictionary,synth_1454,synthetic
АГРЕССИЯ РЕБЯЧЕСКИЙ ШЕСТНАДЦАТЬ ГРУСТНЫЙ СТРАННЫЙ,5,slovo_dictionary,synth_1455,synthetic
БЕЛКА ТЁПЛЫЙ НЕВОЗМОЖНЫЙ СКОРО ПРОВЕРИТЬ СТРАСТЬ ПИТЬЕВАЯ ВОДА,7,slovo_dictionary,synth_1456,synthetic
БЕЛЫЙ МИЛЫЙ ЖИЗНЬ ЖДАТЬ ЦЕНА ДЕКАБРЬ,6,slovo_dictionary,synth_1457,synthetic
ЗЛОЙ ОРАНЖЕВЫЙ НОВОСТИ ЧАШКА НАМ СОБАЧИЙ ДОМИК ТРИ ТЫСЯЧИ,7,slovo_dictionary,synth_1458,synthetic
РЕБЯЧЕСКИЙ НОВЫЙ МОЧЬ ДОВОЛЬНЫЙ МИНУТА ЖАДНО ЕСТЬ КРОЛИК СВИНЬЯ,8,slovo_dictionary,synth_1459,synthetic
ПРОДАТЬ ОТКУПОРИВАТЬ ДОБРЫЙ ЗДЕСЬ Б,5,slovo_dictionary,synth_1460,synthetic
МЫТЬ НОЧЬ ПРОДОЛЖИТЕЛЬНОСТЬ ЖАЖДА КАНУН СЕРДИТЫЙ,6,slovo_dictionary,synth_1461,synthetic
МЕЖДУ БУДУ КОГОТЬ НЕНАВИДЕТЬ БОЛЬШОЙ ЕСЛИ ГОЛОДНЫЙ РАЗЪЯРЕННЫЙ,8,slovo_dictionary,synth_1462,synthetic
ЗЛОЙ ИЗУЧИТЬ НЕДЕЛЯ,3,slovo_dictionary,synth_1463,synthetic
Ю СОЛЬ ЦВЕТОВОЙ ОТТЕНОК НЕДОВОЛЬНЫЙ ГЕНИЙ СОЛНЦЕ НЕДОБРЫЙ,7,slovo_dictionary,synth_1464,synthetic
ВТОРНИК МЕСТО ЯЗЫК УЖЕ РАССЛАБИТЬСЯ ПИР,6,slovo_dictionary,synth_1465,synthetic
РЕДКО И СОЖАЛЕТЬ,3,slovo_dictionary,synth_1466,synthetic
ТВОЙ ЛУЧШЕ ОЖИВЛЕННЫЙ,3,slovo_dictionary,synth_1467,synthetic
ЯСНЫЙ МАЛЬЧИК ОТ БЕГЕМОТ НРАВСТВЕННОСТЬ ИЗВЕСТНЫЙ ЗУБЫ ОБНИМАТЬ МИЛЫЙ ЗНАЧИТЬ,10,slovo_dictionary,synth_1468,synthetic
ОТВРАТИТЕЛЬНЫЙ ВРЕМЯ ДЕЛЬФИН М СОЧУВСТВИЕ ОСТАВИТЬ ОДИННАДЦАТЬ ПОМЕСЬ,8,slovo_dictionary,synth_1469,synthetic
ПИР ВЫСОКОМЕРНЫЙ ТВЕРДЫЙ,3,slovo_dictionary,synth_1470,synthetic
КУРИЦА ДОБРО ПОЖАЛОВАТЬ! НАШ БУМАГА ОБЫЧНЫЙ БЕЗОПАСНЫЙ В ПРОШЛОМ ГОДУ МЫТЬ ГЛУПЫЙ СЛЕДОВАЛО,10,slovo_dictionary,synth_1471,synthetic
ШЕСТЬ НАПУГАННЫЙ РАССЛАБЛЕНИЕ,3,slovo_dictionary,synth_1472,synthetic
ПРЕДЫДУЩИЙ УЛИЦА ПОДАВЛЕННЫЙ ЗАЯЦ АГРЕССИВНЫЙ ВЧЕРА ВОПРОС,7,slovo_dictionary,synth_1473,synthetic
КРАСНЫЙ УГРЮМЫЙ СМЕШНОЙ ЮГ ПЕРО ОСТОРОЖНЫЙ,6,slovo_dictionary,synth_1474,synthetic
В СПЕШКЕ РАД ЗМЕЯ,3,slovo_dictionary,synth_1475,synthetic
СОМНЕНИЕ ВЕЖЛИВЫЙ ЗАТЯГИВАТЬ ПРИВЕТ! ЖАРИТЬ СРЕДА ОБЕДАТЬ,7,slovo_dictionary,synth_1476,synthetic
СМУЩЕННЫЙ ДОРОГА СОГЛАСНО КРЫЛО ЛИЧНЫЕ КАЧЕСТВА СТОЯТЬ ХОЛОДНЫЙ ПАВЛИН,8,slovo_dictionary,synth_1477,synthetic
ОСТРОУМИЕ ЖИЗНЬ СЕМЬ БИЛЕТ ЛЕТО ЗАСТЕНЧИВЫЙ БЫВШИЙ,7,slovo_dictionary,synth_1478,synthetic
БЕЛКА ИСПОЛЬЗОВАТЬ ДЕВЯТЬ ЛЕБЕДЬ МУЖСКОЙ ТУАЛЕТ,5,slovo_dictionary,synth_1479,synthetic
ЧЕМОДАН РАССТРОЙСТВО ВЕРИТЬ МУЖЧИНА РЕВНИВЫЙ ИМЯ КЛЮВ ПОСЫЛАТЬ ВРЕД БЛАГОПОЛУЧИЕ,10,slovo_dictionary,synth_1480,synthetic
ТЕПЕРЬ СТРАДАТЬ СЕРДИТЫЙ ОБМАНЧИВОСТЬ АГРЕССИЯ ДОВОЛЕН ОФИЦИАНТ СТЫДНО,8,slovo_dictionary,synth_1481,synthetic
ЧАС НЕРВНЫЙ НАЗАД СРАЗУ ТИГР СЮРПРИЗ ОТ,7,slovo_dictionary,synth_1482,synthetic
БАШЕННЫЕ ЧАСЫ НЕДЕЛЯ БЕСПОКОИТЬСЯ СКУЧАЮЩИЙ,4,slovo_dictionary,synth_1483,synthetic
ШЕСТЬДЕСЯТ БЫВШИЙ ДЕВЯНОСТО ЛИЦЕМЕРНЫЙ ОШЕЛОМИТЬ,5,slovo_dictionary,synth_1484,synthetic
БАШЕННЫЕ ЧАСЫ СТРАШНЫЙ ШЕСТНАДЦАТЬ ИГРАТЬ ЗАБЫТЬ АНИМАТОР БЕЛКА,7,slovo_dictionary,synth_1485,synthetic
МИЛЫЙ ДЕКАБРЬ ЛЮБОВЬ ОБНИМАТЬ БУДУЩЕЕ,5,slovo_dictionary,synth_1486,synthetic
ПРИЕМ ПИЩИ ВОЛК УРОНИТЬ ИМЕТЬ ДУМАТЬ СЫН ВЫСОКОМЕРНЫЙ,7,slovo_dictionary,synth_1487,synthetic
ТЕРПЕТЬ ФУТБОЛ ВАМ ОСТРЫЙ ПТИЦА ПИТЬЕВАЯ ВОДА ЗАТЕМ; ПОТОМ СРОЧНЫЙ,8,slovo_dictionary,synth_1488,synthetic
ПРИЕМ ПИЩИ АНИМАТОР МЯТЕЖНЫЙ БАНКЕТ БОЯТЬСЯ ПЧЕЛА,6,slovo_dictionary,synth_1489,synthetic
ВЕСЕЛЫЙ ЗВУК КАРТИНА ОЖИВЛЕННЫЙ Я СРЕДА ДОБРЫЙ ДЕЛАТЬ,8,slovo_dictionary,synth_1490,synthetic
НАВСЕГДА БЕЗРАЗЛИЧИЕ ШЕСТОЙ ВОСЕМНАДЦАТЬ ОДИННАДЦАТЬ ЖЕНАТ НОЛЬ ПОСТОЯННЫЙ,8,slovo_dictionary,synth_1491,synthetic
НАДЕЯТЬСЯ КАФЕТЕРИЙ ВОЙ ВРЕМЯ 11 ЧАСОВ,4,slovo_dictionary,synth_1492,synthetic
ТОГДА СТЫДНО ПОДРОБНО НЕВЕРИЕ КАРАНДАШ Я ШЕСТЬДЕСЯТ КАФЕТЕРИЙ,8,slovo_dictionary,synth_1493,synthetic
ОБЛЕГЧЕНИЕ ЛЕННОСТЬ ДРОЖАТЬ ЛИЦО ВТОРОЙ КАЛЕНДАРЬ МЫТЬ ВРЕМЕННЫЙ МЕДУЗА ВЫРУЧИТЬ,10,slovo_dictionary,synth_1494,synthetic
ОТЕЦ АНИМАТОР ПЯТЬ РАНЕЕ ЖАРИТЬ ПОДРУГА Й БЛИЗКО,8,slovo_dictionary,synth_1495,synthetic
СЕВЕР СМЕЛОСТЬ КОМНАТА НЕПРИЯТНЫЙ ТЁМНЫЙ РЕВНИВЫЙ ВСЁ БРАТ СЛОН,9,slovo_dictionary,synth_1496,synthetic
ВЕСЕННЯЯ ПРАГМАТИЧНЫЙ ВСПОМНИТЬ ОТТЕНОК ГЛОТАТЬ ЖАДНО,5,slovo_dictionary,synth_1497,synthetic
ЖЕЛАНИЕ ПУТЕШЕСТВИЕ ВКУС ВИНА ВОДОПЛАВАЮЩЕЕ,5,slovo_dictionary,synth_1498,synthetic
КТО? СВЕРХУ ПЕРЕВАРИВАНИЕ ЖАДНЫЙ КОМАР ЗЛОЙ ПРОТИВ ВАЖНЫЙ ПРИБЫВАТЬ ВРЕД,10,slovo_dictionary,synth_1499,synthetic
ЗОЛОТОЙ Р ОВЦА ЧЕТЫРНАДЦАТЬ ГОРДОСТЬ РАССЕЯННЫЙ А ПРЕДПОЧИТАТЬ ДЕЛАТЬ,9,slovo_dictionary,synth_1500,synthetic
Г ДИЕТА ЗАКРЫТЬ ВКУСНЫЙ ОБЛАДАТЬ НУЖДАТЬСЯ С РАННИЙ ОВЦА,9,slovo_dictionary,synth_1501,synthetic
ЭТИ ОБРАЗОВАННЫЙ ПИТЬ ПОЗДНИЙ,4,slovo_dictionary,synth_1502,synthetic
ОТЛОЖЕННЫЙ ОСТАНОВИТЬ УЖЕ В ТО ВРЕМЯ КАК,4,slovo_dictionary,synth_1503,synthetic
ВРАЖДЕБНЫЙ ЛОШАДЬ ОТТЕНОК ТЁПЛЫЙ ДЕВЯТНАДЦАТЬ РАБ ОПАСНЫЙ ПОСТОЯННЫЙ НЕЖНЫЙ ГОЛОДНЫЙ,10,slovo_dictionary,synth_1504,synthetic
ПОКАЗАТЬ ЕДА НАПРАВЛЕНИЕ МЕРТВЫЙ НЕ РАДОСТЬ КОНЕЧНО ЛЕЖАТЬ,8,slovo_dictionary,synth_1505,synthetic
МОЧЬ ПОМОЩНИК ПОВАРА КРОЛИК,3,slovo_dictionary,synth_1506,synthetic
СОТЫ ИСКРЕННИЙ РОТ ВЕЧЕР ПРИВЕЗТИ КОРОТКИЙ СОМНЕВАТЬСЯ ВЕСЕЛИТЬСЯ ПЕРЕВАРИВАТЬ РАНО,10,slovo_dictionary,synth_1507,synthetic
ОТВРАТИТЕЛЬНЫЙ ОБЕЩАТЬ РАССТРОЙСТВО БРАТ ХОРОШО ОПЯТЬ ГРУБЫЙ СЫН СПАТЬ,9,slovo_dictionary,synth_1508,synthetic
РАЗЪЯРЕННЫЙ СТАРЫЙ КОМАР ЗАСТЕНЧИВЫЙ НАРУЖУ СТОЯТЬ ВРЕМЯ ДЛЯ ИЗМЕРЕНИЙ ВСЁ СЧАСТЛИВЫЙ ОДИНОКИЙ,10,slovo_dictionary,synth_1509,synthetic
ОТЛОЖИТЬ ФИОЛЕТОВЫЙ ИНИЦИАТИВА ПРОВЕРИТЬ СИЛЬНЫЙ,5,slovo_dictionary,synth_1510,synthetic
ПРОДОЛЖИТЕЛЬНОСТЬ МАЛЬЧИК Я УГРЮМЫЙ ОБЪЕКТИВНЫЙ СОТЫ АКТИВНЫЙ МИР,8,slovo_dictionary,synth_1511,synthetic
ВОДА СЧАСТЛИВЫЙ НАВЕРХУ ПРОДАТЬ ГОРОД НЕВОЗМОЖНЫЙ ЗВУК ПРОНЫРА ПЯТЫЙ ОШЕЛОМИТЬ,10,slovo_dictionary,synth_1512,synthetic
ДЕЛЬФИН ХОРОШИЙ ОПАСНЫЙ КУСАТЬ СОБАКА АКТИВНЫЙ ЖИЗНЬ ПЛАТА ЗА ВХОД,8,slovo_dictionary,synth_1513,synthetic
РЕБЁНОК ОСТРЫЙ ДЕВЯТЫЙ ПОСЛУШНЫЙ ОСТРОУМИЕ ВЕСЁЛЫЙ ДА БЛИЗКО,8,slovo_dictionary,synth_1514,synthetic
ПОЗВОЛИТЬ КРУЖКА ОЖИДАЮЩИЙ ПОЧЕМУ ЛЕЧЬ ДОВЕРЯТЬ КРОКОДИЛ ИЗМОЖДЕННЫЙ,8,slovo_dictionary,synth_1515,synthetic
ИЛИ КРОКОДИЛ БУМАГА СКОЛЬКО,4,slovo_dictionary,synth_1516,synthetic
КРОЛИК ВИДЕТЬ ПРЕЗИРАТЬ СНАЧАЛА ЛУЧШИЙ,5,slovo_dictionary,synth_1517,synthetic
ШУТИТЬ ИЗВЕСТНЫЙ ТОЧНО,3,slovo_dictionary,synth_1518,synthetic
ПИТЬ ЖЁСТКИЙ ОТЛОЖЕННЫЙ СТОЯТЬ СПАТЬ АКТИВНЫЙ,6,slovo_dictionary,synth_1519,synthetic
ПЛАКАТЬ МЕНЯ ВДОХНОВЛЯТЬ ДЕСЯТЫЙ,4,slovo_dictionary,synth_1520,synthetic
СПРОСИТЬ ПОТРЯСАЮЩИЙ ЛИЦЕМЕРНЫЙ НАЧИНАТЬ ДЕТСКИЙ Ъ ПОНЕДЕЛЬНИК,7,slovo_dictionary,synth_1521,synthetic
ПАВЛИН Е КРОЛИК БЕЛКА БЕЗРАЗЛИЧИЕ ВЫИГРЫШ РАСПРЕДЕЛЯТЬ ДИНОЗАВР ОТЧАЯННЫЙ ВЕРОЯТНО,10,slovo_dictionary,synth_1522,synthetic
СКУЧАЮЩИЙ МЕДВЕДЬ МУЖСКОЙ ТУАЛЕТ ЯСНЫЙ ПАУК БЕСПОКОИТЬСЯ ГНЕВ РАДОСТНЫЙ ВЫ,9,slovo_dictionary,synth_1523,synthetic
ТЕРПЕНИЕ МУЖЧИНА ПАУК ПРИЧИНА ЖЕНАТ ПОЛУЧИТЬ МУЖЕСТВЕННОСТЬ ШЕСТНАДЦАТЬ Е ЕХАТЬ,10,slovo_dictionary,synth_1524,synthetic
БЕСПОКОЯЩИЙ ДОБРОПОРЯДОЧНОСТЬ ГЛУПЫЙ СВИНЬЯ,4,slovo_dictionary,synth_1525,synthetic
ШУТИТЬ НАГЛОСТЬ КУСОК РАЗДРАЖАТЬ ПОЧВА З ЗАТЯГИВАТЬ ФУТБОЛ,8,slovo_dictionary,synth_1526,synthetic
ПОЧЕМУ ДИКОЕ ЖИВОТНОЕ ЧЕТЫРНАДЦАТЬ МГНОВЕНИЕ ЖЕЛАНИЕ ДВЕ ТЫСЯЧИ БИЛЕТ,7,slovo_dictionary,synth_1527,synthetic
РАСПРЕДЕЛЯТЬ ВОСТОК СЛИШКОМ Б ГОД РАССЛАБИТЬСЯ ГОРЮЮЩИЙ МИР ГЛАЗ,9,slovo_dictionary,synth_1528,synthetic
ОТЧАЯТЬСЯ ЖИЗНЬ СЕРЕБРО ВОЗБУЖДЕНИЕ ПОМОЩНИК ПОВАРА НЕНАВИДЕТЬ ОТРИЦАТЕЛЬНЫЙ 7:45 ПОТОМ,9,slovo_dictionary,synth_1529,synthetic
ЗАВИСТЬ ТОРЖЕСТВЕННЫЙ СМЕЛОСТЬ ВРЕМЯ 11 ЧАСОВ ПОСЛЕДНИЙ НЕОБХОДИМЫЙ БАНКЕТ СЛОВО НАЧАЛО ВЕРХ,10,slovo_dictionary,synth_1530,synthetic
РУБЛЬ НАРУЖУ ЖЕЛАНИЕ,3,slovo_dictionary,synth_1531,synthetic
ИМ ЖУТКИЙ ВОСЕМЬ АККУРАТНЫЙ,4,slovo_dictionary,synth_1532,synthetic
ЛОГИЧНЫЙ ПРИЯТНЫЙ ЗАТЕМ; ПОТОМ БАШЕННЫЕ ЧАСЫ АНИМАТОР,5,slovo_dictionary,synth_1533,synthetic
СМЕШНОЙ ОБМАНЧИВОСТЬ НЕПРЕКЛОННЫЙ ГЛОТАТЬ КРУЖКА ПОМОЧЬ СЕРДЦЕ КОРОНА ОПАСНЫЙ КОРОТКИЙ,10,slovo_dictionary,synth_1534,synthetic
ЖАДНО ЕСТЬ ТАКОЙ ЗАДЕРЖИВАТЬ НЕОЖИДАННЫЙ СКВОЗЬ,5,slovo_dictionary,synth_1535,synthetic
НАРОД ПОТОМ ПРИВЕЗТИ ПОКА (ЧТО) БЕГЕМОТ ТРУСЛИВО ЕЖИК НАЙТИ ОСЕНЬ СРОЧНЫЙ,10,slovo_dictionary,synth_1536,synthetic
ТЁПЛЫЙ ОБНИМАТЬ МЫ НОВЫЙ ОЖИДАЮЩИЙ ДАЖЕ ВСЁ РОГА ВНИЗ,9,slovo_dictionary,synth_1537,synthetic
ТЕБЕ СТЫДНО РАЗДРАЖАТЬ ПЛАТИТЬ ПОЛОЖИТЕЛЬНЫЙ ПРАВЫЙ ОТЛОЖЕННЫЙ ГЛУПЫЙ ОЛЕНЬ,9,slovo_dictionary,synth_1538,synthetic
ПРЕКРАСНЫЙ ТАК СЕБЕ ЧАСТО ЗРЕЛИЩНЫЙ ПРОЩАНИЕ ЗАПАД ОТЕЦ ОКУНАТЬ ЕСЛИ,9,slovo_dictionary,synth_1539,synthetic
РЕВНИВЫЙ ИХ ДРУГОЙ ПРИНЕСТИ МИР,5,slovo_dictionary,synth_1540,synthetic
ПРОДАТЬ ЗАДЕРЖИВАТЬ ЕЖИК ВАЖНЫЙ ЧЕТВЕРГ ПРИВЫК,6,slovo_dictionary,synth_1541,synthetic
ОБА БОЛЬ АКУЛА ДЕВЯТЫЙ НЕМЕДЛЕННЫЙ ВЕЧЕР ЗЛО НЕДОВОЛЬНЫЙ ПРОДЛЕВАТЬ ПОСЫЛАТЬ,10,slovo_dictionary,synth_1542,synthetic
ОЧЕНЬ ИНОСТРАННЫЙ ПОДНОС С ДНЕМ РОЖДЕНИЯ ЗАБОТА БЕСПОКОЯЩИЙ МОЙ УГРЮМЫЙ,8,slovo_dictionary,synth_1543,synthetic
В ВОСЕМЬ ПЯТНАДЦАТЬ АГРЕССИЯ 2 ЧАСА КРАСНОВАТЫЙ ВРЕМЕННЫЙ САРКАЗМ ЗАКАЗЫВАТЬ ОТТЕНОК БАШЕННЫЕ ЧАСЫ,9,slovo_dictionary,synth_1544,synthetic
ОХОТНО АППЕТИТ ВСЁ СОЛНЦЕ ОКУНАТЬ ВЧЕРА БОЛЬ,7,slovo_dictionary,synth_1545,synthetic
ОДАРЕННЫЙ С ДНЕМ РОЖДЕНИЯ АМБИЦИОЗНЫЙ ХОЛОДНЫЙ КОНЕЧНО ШУМ КОМАР НАКОНЕЦ ПЕРЕВАРИВАТЬ КОРИЧНЕВЫЙ,10,slovo_dictionary,synth_1546,synthetic
ВИНА ЭТО РАССЕРДИТЬСЯ ЧАШКА,4,slovo_dictionary,synth_1547,synthetic
ДОВЕРЯТЬ ГОЛОД ВАМ ДОРОГА ПОЗДНИЙ ЖАДНО ЕСТЬ ИНТЕРЕСНЫЙ ПОДНОС,8,slovo_dictionary,synth_1548,synthetic
ПЯТЬДЕСЯТ ВЕЖЛИВЫЙ СКОРБЕТЬ ПРИЕМ ПИЩИ ЕСТЬ ВРЕДНЫЙ; ОЗОРНОЙ,6,slovo_dictionary,synth_1549,synthetic
Ч ПОНЯТЬ СИНИЙ И КРОКОДИЛ НАПРЯЖЕНИЕ ПРОДЛЕВАТЬ,7,slovo_dictionary,synth_1550,synthetic
ЛОГИЧНЫЙ ВАЖНЫЙ НАСЕЛЯТЬ ИСКАТЬ ВЕЧНОСТЬ,5,slovo_dictionary,synth_1551,synthetic
ВОСЕМНАДЦАТЬ СРОЧНЫЙ АККУРАТНЫЙ БЫК МНОГО ДЕРЖАТЬ ИМПУЛЬС,7,slovo_dictionary,synth_1552,synthetic
ДЕЛАТЬ МЕЛКИЙ ГЛОТОК ПОЛОЖИТЬ ПЕРЕВАРИВАНИЕ КРЫЛО,4,slovo_dictionary,synth_1553,synthetic
ЖЕНА ЛЮБИТЬ ШУМ ЗАПОЗДАЛЫЙ ЗВЕРЬ ОСТАНОВИТЬ ТЕРПЕНИЕ,7,slovo_dictionary,synth_1554,synthetic
ДОМАШНЕЕ ЖИВОТНОЕ ИНТЕЛЛЕКТУАЛЬНЫЙ ДУМАТЬ,3,slovo_dictionary,synth_1555,synthetic
НАПРЯЖЕНИЕ ЗАТЯГИВАТЬ БЫК НРАВСТВЕННОСТЬ,4,slovo_dictionary,synth_1556,synthetic
КОМАР ИСТЕРИК ВИНА ПО ЧАСАМ СЛАБЫЙ,5,slovo_dictionary,synth_1557,synthetic
ПЕРЕВАРИВАТЬ ДЕНЬГИ НЕПОСЛУШНЫЙ,3,slovo_dictionary,synth_1558,synthetic
АГРЕССИВНЫЙ БЕСПОКОИТЬСЯ НАПРАВЛЕНИЕ,3,slovo_dictionary,synth_1559,synthetic
УДИВЛЁН БЕЗРАЗЛИЧИЕ ИНТЕРЕСНЫЙ ТРУСЛИВО,4,slovo_dictionary,synth_1560,synthetic
ВНУТРЕННЕЕ КРОКОДИЛ ГОРЮЮЩИЙ НАЗНАЧЕННОЕ ВРЕМЯ ЛИЦЕМЕРНЫЙ,5,slovo_dictionary,synth_1561,synthetic
БАШЕННЫЕ ЧАСЫ ЛЕВЫЙ БУДУ ДЕВЯТЬ ЦВЕТА СОЛНЦЕ ТРУСЛИВО Ё СТОРОНА ПРОДУМАННЫЙ,10,slovo_dictionary,synth_1562,synthetic
ЦВЕТА БЫТЬ ПРОДОЛЖИТЕЛЬНОСТЬ НАЧАТЬ УВЕРЕННЫЙ Ь НАШ БУМАГА ПРИЛИЧНЫЙ ВЧЕРА,10,slovo_dictionary,synth_1563,synthetic
НЕРАДИВЫЙ ОХОТНО ЕСЛИ НЕУДОБСТВО,4,slovo_dictionary,synth_1564,synthetic
ВОРОТНИК ГОЛОД ГНЕЗДО ПОЛУЧИТЬ РАБ ПОДОЗРЕВАТЬ БЕЖЕВЫЙ 6 ЧАСОВ,8,slovo_dictionary,synth_1565,synthetic
ПЛАКАТЬ Л КУБОК СОБИРАТЬ ОТЛИЧНЫЙ РАСПРЕДЕЛЯТЬ ПРИЯТНЫЙ,7,slovo_dictionary,synth_1566,synthetic
ЧУЖОЙ НЕДАВНИЙ КАЛЕНДАРЬ СКРОМНЫЙ КРЫСА ПОКА (ЧТО) РАССЕРДИТЬСЯ СТРАХ,8,slovo_dictionary,synth_1567,synthetic
ГОЛОД ОСТАНОВИТЬ У ЗАБЫТЬ,4,slovo_dictionary,synth_1568,synthetic
ПИТЬ Р ПОЧВА ЧАС ПОЧКИ ГОЛОДНЫЙ АППЕТИТ МИГРАЦИЯ,8,slovo_dictionary,synth_1569,synthetic
СТОРОНА СОБАЧИЙ ДОМИК СТЫДНО ВИТАМИН ПРЕНЕБРЕЖЕНИЕ ЦВЕТОВОЙ ОТТЕНОК ЧАСТО ОСТАНОВИТЬСЯ ИЗМОЖДЕННЫЙ,9,slovo_dictionary,synth_1570,synthetic
Ё РАССЛАБЛЕНИЕ ПРАВША ДОВОЛЬНЫЙ РОГА КАРТИНА,6,slovo_dictionary,synth_1571,synthetic
НАШ БЛАГОПОЛУЧИЕ РАБОТАТЬ СОМНЕНИЕ НАПРАВЛЕНИЕ МОДНЫЙ КРАСНОВАТЫЙ КРОТОСТЬ ВОЗРАДОВАТЬСЯ ВЕСНА,10,slovo_dictionary,synth_1572,synthetic
АГРЕССИЯ ОБЪЕКТИВНЫЙ ВРЕДНЫЙ; ОЗОРНОЙ Ъ,4,slovo_dictionary,synth_1573,synthetic
ЗАБЫТЬ ГЛАЗ ЗЛОСТЬ ЗАВАРОЧНЫЙ ЧАЙНИК,4,slovo_dictionary,synth_1574,synthetic
ПОДРУГА БЛЕДНЫЙ ПЯТЬ ТЫСЯЧ НЕОЖИДАННЫЙ ЗАПАСЛИВЫЙ ВСЕ ВОЗРАДОВАТЬСЯ ЧАСТЬ АДАПТИВНОСТЬ,9,slovo_dictionary,synth_1575,synthetic
ГЛОТАТЬ СТРАСТЬ НЕРАДИВЫЙ МЕСТО ДЛЯ ПИКНИКА ОХОТНО,5,slovo_dictionary,synth_1576,synthetic
ГАВКАНЬЕ ПРЕДЛОЖИТЬ ТОСТ ЧУДЕСНЫЙ,3,slovo_dictionary,synth_1577,synthetic
ОТВЕТСТВЕННЫЙ ПРЕДЛОЖИТЬ ДЕСЯТЬ СЛУШАТЬ ТЫСЯЧА УДИВЛЁН ЗАПАСЛИВЫЙ КОГДА НЕВЕРИЕ,9,slovo_dictionary,synth_1578,synthetic
МИЛЫЙ ГОРОД ЦВЕТА ЛИЦО ЧЕТВЕРГ ОБНИМАТЬ КТО? СТО,8,slovo_dictionary,synth_1579,synthetic
ДВЕНАДЦАТЬ МУЖСКОЙ ТУАЛЕТ ТОЧНО ПОСЫЛАТЬ БЫСТРЫЙ ПРИРУЧЕННЫЙ ТЕРЯТЬ СЛЕДОВАЛО ЦВЕТ НАЛОГ,10,slovo_dictionary,synth_1580,synthetic
ВОСКРЕСЕНЬЕ НАЧАТЬ ВЕСЕЛИТЬСЯ ВКУС ЕЖЕДНЕВНЫЙ ПРИЛИЧНЫЙ ДОВЕРЯТЬ САМОВОСПРИЯТИЕ РАНО РЕБЁНОК,10,slovo_dictionary,synth_1581,synthetic
У ОШЕЛОМИТЬ ТРИНАДЦАТЬ ЧИСТЫЙ ЗАТЯГИВАТЬ ВАС,6,slovo_dictionary,synth_1582,synthetic
ОСТАНОВИТЬ ДОВОЛЕН ЗОЛОТО ДОМ ГОЛОДНЫЙ ЧЕТЫРНАДЦАТЬ В НАСТОЯЩЕЕ ВРЕМЯ ВСЁ ЦВЕТА АППЕТИТ,10,slovo_dictionary,synth_1583,synthetic
СТОРОНА АНИМАТОР ГОД ЗАВАРОЧНЫЙ ЧАЙНИК ВТОРОЙ ТАК СЕБЕ РАЗРЫДАТЬСЯ ЛОГИЧНЫЙ ЧЕТЫРЕ ТЫСЯЧИ,9,slovo_dictionary,synth_1584,synthetic
ВОЗБУЖДЕННЫЙ ЕЩЕ ПАУК АГРЕССИВНЫЙ КОМАР СТРАСТЬ ЦЕМЕНТ,7,slovo_dictionary,synth_1585,synthetic
СМУЩЕННЫЙ ТЕМНОТА АВГУСТ ПРИВЕЗТИ ИДТИ,5,slovo_dictionary,synth_1586,synthetic
ВОЗМОЖНО СОБАЧИЙ ДОМИК НАД ЖАЛОСТЬ,4,slovo_dictionary,synth_1587,synthetic
СОМНЕНИЕ ПОКАЗАТЬ ДОВОЛЕН СОЛНЦЕ СЛЕДУЮЩИЙ,5,slovo_dictionary,synth_1588,synthetic
ЗАКУСКА ПЕРЕД ЕДОЙ ЛОГИЧНЫЙ ГАЗЕТА БРЮЗЖАТЬ,4,slovo_dictionary,synth_1589,synthetic
ДУМАТЬ ГОЛОС Ю ОТЕЦ ИГРАТЬ ПРЕДУСМОТРИТЕЛЬНЫЙ ЗАПАСЛИВЫЙ СЛИШКОМ,8,slovo_dictionary,synth_1590,synthetic
ДОСТАТОЧНО НЕВИНОВНЫЙ Й ОЖИВЛЕННЫЙ ВЕСЕЛИТЬСЯ ОПАСНЫЙ ВРЕМЯ ЖЕСТОКИЙ,8,slovo_dictionary,synth_1591,synthetic
ЗЕЛЁНЫЙ РАССТРОЕННЫЙ НАСЕЛЯТЬ ГЛОТАТЬ СЕРЫЙ Ж ВТОРОЙ ЗАМУЖЕМ,8,slovo_dictionary,synth_1592,synthetic
СОБАКА МАГАЗИН РАСПРЕДЕЛЯТЬ СМЕЯТЬСЯ Ъ ВЧЕРА СРАЗУ МНОГО НУЖДАТЬСЯ ЖЕЛАТЬ,10,slovo_dictionary,synth_1593,synthetic
РАНО ТЁМНЫЙ ХУДШИЙ ТЫСЯЧА ВЕСЕННЯЯ ДЕВОЧКА,6,slovo_dictionary,synth_1594,synthetic
СЕРЕБРО СТРАННЫЙ ЧЕТЫРНАДЦАТЬ ВАШ ЗООПАРК МИЛЕНЬКИЙ,6,slovo_dictionary,synth_1595,synthetic
ЗАВИСТЬ ФУТБОЛ ПИСАТЬ ЧТО ВВЕРХ ВРЕМЯ ДЛИННЫЙ ПАМЯТЬ,8,slovo_dictionary,synth_1596,synthetic
ИМПУЛЬС СРЕДА ТРИНАДЦАТЬ ПРОДУМАННЫЙ 7:45 С ТЕХ ПОР КАК ВЕРОЯТНО ИСПУГ ПРОЩАНИЕ ПОДЛИННЫЙ,10,slovo_dictionary,synth_1597,synthetic
САМОМНЕНИЕ ПАУЧЬЯ СЕТЬ ВОПРОС,3,slovo_dictionary,synth_1598,synthetic
ОСОБЕННЫЙ КУСАТЬ ПЯТЬСОТ ДЕЛАТЬ ЕДА Ф ДЕВОЧКА Э ХОРОШО,9,slovo_dictionary,synth_1599,synthetic
ТРИНАДЦАТЬ ОДНОВРЕМЕННОСТЬ ВЕРИТЬ ПРАГМАТИЧНЫЙ ДЕРЖАТЬ ДЕНЬГИ ДОВЕРЯТЬ ОБЛЕГЧЕНИЕ,8,slovo_dictionary,synth_1600,synthetic
ПОЛНЫЙ ЖАДНОСТЬ КАНУН СМЕШНОЙ ВЕСЕЛИТЬСЯ С ДНЕМ РОЖДЕНИЯ,6,slovo_dictionary,synth_1601,synthetic
СЛИШКОМ ХОТЕТЬ ПРОДОЛЖИТЬ,3,slovo_dictionary,synth_1602,synthetic
ЛЮБОВНЫЙ ОДИН СИЛЬНЫЙ МИГРАЦИЯ ГОД ТЩЕСЛАВНЫЙ ПЕРО,7,slovo_dictionary,synth_1603,synthetic
ИСПУГ ОСТАНОВИТЬ РАССЛАБИТЬСЯ ПОЛОЖИТЕЛЬНЫЙ ПРОТИВ,5,slovo_dictionary,synth_1604,synthetic
Ё ПАНДА НЕМНОГО ГОЛОДНЫЙ РЕСТОРАН ОТКРЫТЬ НАМ КОЗА СПАТЬ,9,slovo_dictionary,synth_1605,synthetic
КЛЮЧ БАБОЧКА ДРУГОЙ,3,slovo_dictionary,synth_1606,synthetic
НЕВОЗМОЖНЫЙ У ПОЛОЖИТЕЛЬНЫЙ,3,slovo_dictionary,synth_1607,synthetic
СЧАСТЛИВЫЙ ЖЁЛТЫЙ ВКУСНЫЙ НАПУГАННЫЙ ВОЗМОЖНО НЕМЕДЛЕННО ДЕРЖАТЬ ЧАСТЬ,8,slovo_dictionary,synth_1608,synthetic
ДЕВЯТЬ НЕУДОБНО ВОСЕМНАДЦАТЬ МЕСЯЦ ЗЛО ЖИТЬ,6,slovo_dictionary,synth_1609,synthetic
КРЕСТ ВРЕД ТЕРПЕНИЕ РАДОСТНЫЙ,4,slovo_dictionary,synth_1610,synthetic
ВРЕДНЫЙ; ОЗОРНОЙ ПОЛУЧИТЬ ДВЕСТИ,3,slovo_dictionary,synth_1611,synthetic
ОКОЛО УВЕРЕННЫЙ БОЯТЬСЯ ЛЮБИТЬ СПРОСИТЬ ТРУСЛИВО ЛУЧШИЙ РЕВНИВЫЙ ВОСХИЩЕНИЕ,9,slovo_dictionary,synth_1612,synthetic
РАССТРОЙСТВО М Н ГОРЕ ИНОГДА СПОКОЙНЫЙ ИМЕТЬ,7,slovo_dictionary,synth_1613,synthetic
КАФЕТЕРИЙ ВЫСОКОМЕРНЫЙ СУББОТА И НЕПРОЗРАЧНОСТЬ ИНОГДА ОЖИВЛЕННЫЙ,7,slovo_dictionary,synth_1614,synthetic
ЖАРКИЙ СНАЧАЛА БЫВШИЙ ЧАСТО РЕБЁНОК ЗМЕЯ,6,slovo_dictionary,synth_1615,synthetic
ДЛИННЫЙ РОГА ИЗУЧИТЬ ПЯТЬ ДЕВЯТНАДЦАТЬ ПОДОЗРЕВАТЬ ЧЕЛОВЕК ДЕНЬГИ,8,slovo_dictionary,synth_1616,synthetic
ПРИЧИНА РАНЕЕ НЕРВНЫЙ ВРЕДНЫЙ; ОЗОРНОЙ БЫТЬ САМОАНАЛИЗ ЭТО ФУТБОЛ,8,slovo_dictionary,synth_1617,synthetic
КОРОВА СУХОЙ ОДНОВРЕМЕННОСТЬ ПОДОЗРЕВАТЬ НЕДЕЛЯ ПИТЬ БАШЕННЫЕ ЧАСЫ,7,slovo_dictionary,synth_1618,synthetic
ВОЗМОЖНЫЙ ОСТАНОВИТЬ ДОРОГОЙ ПРЕЗРЕНИЕ ВОЗРАДОВАТЬСЯ Э МЫТЬ СЧАСТЬЕ,8,slovo_dictionary,synth_1619,synthetic
ЕСТЬ РАССЕРДИТЬСЯ НЕЛОВКИЙ; НЕУКЛЮЖИЙ СТОЙКОСТЬ ДЕКАБРЬ ПОЧЕМУ НЕМЕДЛЕННЫЙ,7,slovo_dictionary,synth_1620,synthetic
Ь РАНО БОЯТЬСЯ ВЕЧЕР ЮГ,5,slovo_dictionary,synth_1621,synthetic
КОТОРЫЙ РЫБА ОБЪЯТИЕ ЛАНЧ ПОЗВОНИТЬ НА СЕРВИС МИР ТЕ,7,slovo_dictionary,synth_1622,synthetic
ЕСТЬ ИЗНОШЕННЫЙ РЕБЁНОК НАКРЫВАТЬ НА СТОЛ БЕЗ ДОРОГА,6,slovo_dictionary,synth_1623,synthetic
ПЫЛЕСОС РАСПИСАНИЕ БЕЗОПАСНЫЙ,3,slovo_dictionary,synth_1624,synthetic
ПОЗВОЛИТЬ КРОЛИК ОБА,3,slovo_dictionary,synth_1625,synthetic
ВЕЩЬ ВОЗДУХ НАДЕЯТЬСЯ БЛИЗКО СЕСТРА СПРОСИТЬ,6,slovo_dictionary,synth_1626,synthetic
ЗОЛОТО ВЛЮБИТЬСЯ ЛЕННОСТЬ ОДИНОКИЙ З ДУМАТЬ ДЕНЬГИ СЛОВО НАВЕРХУ,9,slovo_dictionary,synth_1627,synthetic
НАПУГАННЫЙ ВТОРНИК ЗДЕСЬ,3,slovo_dictionary,synth_1628,synthetic
ПРЕДЫДУЩИЙ СЕГОДНЯ НЕВЕРИЕ ДОВОЛЬСТВО ОТЛОЖЕННЫЙ ДРУГОЙ,6,slovo_dictionary,synth_1629,synthetic
ЦВЕТ СОЛНЦЕ ОТРИЦАТЕЛЬНЫЙ ВНИЗ АМБИЦИОЗНЫЙ ВЕСЬ ДВЕНАДЦАТЬ ДИЕТА,8,slovo_dictionary,synth_1630,synthetic
ПОМЕСЬ ПЛАВНИК ВРЕМЯ 11 ЧАСОВ ЛОПАТА ЗДЕСЬ ДИСТРЕСС ЧЕРНЫЙ,7,slovo_dictionary,synth_1631,synthetic
ПЛОХО КАФЕ МУЖЕСТВЕННОСТЬ ЗВУК ОТВАЖИТЬСЯ,5,slovo_dictionary,synth_1632,synthetic
СЕРЫЙ СТРАСТЬ ПЯТЬ ТЫСЯЧ МГНОВЕНИЕ,4,slovo_dictionary,synth_1633,synthetic
К СОЛЬ БЕЗРАЗЛИЧИЕ ПОЧЕМУ ЗАВТРА РУЧКА,6,slovo_dictionary,synth_1634,synthetic
ВЕСНА СОРОК ПО ЧАСАМ СЧАСТЬЕ ВЕСЁЛЫЙ ОДНОВРЕМЕННОСТЬ ДЯТЕЛ ТОГДА,8,slovo_dictionary,synth_1635,synthetic
БЕСПОКОЙСТВО РАССТРОЕННЫЙ ТРИНАДЦАТЬ ТРУС ЛЕВЫЙ ПОД ОСЕНЬ,7,slovo_dictionary,synth_1636,synthetic
ВСТРЕТИТЬ ГНЕВ В СПЕШКЕ,3,slovo_dictionary,synth_1637,synthetic
ДОБРО ПОЖАЛОВАТЬ! АЛЛИГАТОР С ДНЕМ РОЖДЕНИЯ ДРУГ САМОВОСПРИЯТИЕ ТАЛАНТ ДОВОЛЬСТВО,7,slovo_dictionary,synth_1638,synthetic
ЖАЖДА ХЛЕБ ЗАКОНЧИТЬ,3,slovo_dictionary,synth_1639,synthetic
ТЫСЯЧА ОТ ОБЛЕГЧЕНИЕ ВЫ ДУМАТЬ Н НЕСКОЛЬКО СОБАЧИЙ ДОМИК РЕВНИВЫЙ,9,slovo_dictionary,synth_1640,synthetic
ПРЕНЕБРЕЖЕНИЕ НАСЕЛЯТЬ РАБОТАТЬ КРЕСТ ГОЛОДНЫЙ АККУРАТНЫЙ,6,slovo_dictionary,synth_1641,synthetic
НАШ СЕГОДНЯ ТАЛАНТ МИГРАЦИЯ ВСПОМНИТЬ ОТВРАЩЕНИЕ ВРЕМЕННЫЙ,7,slovo_dictionary,synth_1642,synthetic
ВСТРЕТИТЬ ЗНАЧИТ ЧАСТЬ УВЕРЕН БОРОДА СТОРОНА КОГОТЬ КРАСНЫЙ РАЗРЫДАТЬСЯ,9,slovo_dictionary,synth_1643,synthetic
ПРЕЗИРАТЬ ОТКУПОРИВАТЬ ПРАГМАТИЧНЫЙ НОВЫЙ,4,slovo_dictionary,synth_1644,synthetic
НОГА РАСПИСАНИЕ НИЧЕГО МИЛЫЙ,4,slovo_dictionary,synth_1645,synthetic
ЧЕТВЕРГ ВТОРНИК ВИНА,3,slovo_dictionary,synth_1646,synthetic
НАДЕЖДА ДОВОЛЬНЫЙ ГОРЕВАТЬ ПРЕДЛОЖИТЬ,4,slovo_dictionary,synth_1647,synthetic
ДЛИННЫЙ НОЯБРЬ ОСТРЫЙ ОДАРЕННЫЙ ЕЩЕ НЕТ,5,slovo_dictionary,synth_1648,synthetic
НАДЕЖДА НЕПРОЗРАЧНОСТЬ ДОВОЛЬНЫЙ,3,slovo_dictionary,synth_1649,synthetic
ЧИСТЫЙ МУЖЕСТВЕННОСТЬ ДЕВОЧКА СТРОГИЙ КОГОТЬ МНЕ Й ЗООПАРК П,9,slovo_dictionary,synth_1650,synthetic
ПИТЬЕВАЯ ВОДА НАПРЯЖЕНИЕ ВЕСНА КОНЕЧНО ЧАС ЧЕТЫРНАДЦАТЬ,6,slovo_dictionary,synth_1651,synthetic
СТАРЫЙ СМОТРЕТЬ ДОМОГАТЬСЯ БЛАГОГОВЕНИЕ ЕСТЬ ВЫХОДНЫЕ ВОЗБУЖДЕННЫЙ КРАТКИЙ,8,slovo_dictionary,synth_1652,synthetic
ИХ БЛЕДНЫЙ КОЗА ВИДЕТЬ МЕСТО ДЛЯ ПИКНИКА КУБОК НАМ,7,slovo_dictionary,synth_1653,synthetic
РУКА ПРИЙТИ БЫТЬ,3,slovo_dictionary,synth_1654,synthetic
ЛИЧНЫЕ КАЧЕСТВА ПЕТУХ ТРИНАДЦАТЬ НОЯБРЬ ВЕРИТЬ ПРЕДПОЧИТАТЬ ЖАЖДУЩИЙ КОМАР СТОЯТЬ,9,slovo_dictionary,synth_1655,synthetic
ОБЪЯТИЕ В ПРОШЛОМ ГОДУ АГРЕССИЯ ДРОЖАТЬ ЕЁ Ц КТО? УВЕРЕН ПИР,9,slovo_dictionary,synth_1656,synthetic
БЕСПОКОЯЩИЙ БОЯТЬСЯ ДВАДЦАТЬ,3,slovo_dictionary,synth_1657,synthetic
ЕЩЕ НЕТ НАВСЕГДА ТРИСТА НЕРАДИВЫЙ ОДНОВРЕМЕННОСТЬ ВОСХИЩЕНИЕ НОЯБРЬ,7,slovo_dictionary,synth_1658,synthetic
ВИТАМИН МАЛЬЧИК ОТНОШЕНИЕ,3,slovo_dictionary,synth_1659,synthetic
КОМНАТА ТЁМНЫЙ НЕВОЗМОЖНЫЙ ПОЗОР,4,slovo_dictionary,synth_1660,synthetic
ГОВОРИТЬ ОЖИДАТЬ МЕРТВЫЙ ВОЗБУЖДЕНИЕ ДИНОЗАВР ТЕБЕ СЛЕДОВАЛО ГОРЕВАТЬ КОГДА,9,slovo_dictionary,synth_1661,synthetic
КОРМИТЬ ТРУДНЫЙ НАСЛАЖДАЙСЯ ХЛЕБ УЛИЦА ОДНОВРЕМЕННОСТЬ ПОМЕСЬ,7,slovo_dictionary,synth_1662,synthetic
КАРТИНА БУДУЩЕЕ ГЕНИЙ,3,slovo_dictionary,synth_1663,synthetic
ЭТО Э ОБЕЗЬЯНА ОБУЧАТЬ ЛОПАТА,5,slovo_dictionary,synth_1664,synthetic
НЕЖНЫЙ МЕДУЗА ОКУНАТЬ ПОПУГАЙ КОПЫТО СИЛЬНЫЙ ВЕРИТЬ ЕЩЕ НЕТ ДЕШЁВЫЙ ЕЖИК,10,slovo_dictionary,synth_1665,synthetic
РАСПРЕДЕЛЯТЬ ОЧЕНЬ КОРИЧНЕВЫЙ ЖЁЛТЫЙ ПРИЧИНА РАДОСТЬ ЧТО,7,slovo_dictionary,synth_1666,synthetic
УВЕРЕН ПРАВША ВАШ ПРЕДЫДУЩИЙ ОТРИЦАТЕЛЬНЫЙ УДИВЛЁН МУДРЫЙ ВОСЕМНАДЦАТЬ,8,slovo_dictionary,synth_1667,synthetic
ОТКУСЫВАНИЕ Ш ЭТОТ ОТКРЫТЬ НОГА ИГРАТЬ,6,slovo_dictionary,synth_1668,synthetic
ОСОБЕННЫЙ ЖУТКИЙ НЕЖНЫЙ РАССЕРДИТЬСЯ СУМКА ГАВКАНЬЕ СЕРДИТЫЙ ЖЕЛАНИЕ ИДТИ,9,slovo_dictionary,synth_1669,synthetic
БЕСПОКОЙНЫЙ ИЗНОШЕННЫЙ ВАШ МЫШЬ ШУТИТЬ МУЖЕСТВЕННОСТЬ,6,slovo_dictionary,synth_1670,synthetic
ВСЁ СТРАННЫЙ 7:45 МНОГО,4,slovo_dictionary,synth_1671,synthetic
ФУТБОЛ ОПАСНЫЙ ИНАЧЕ ЛЮБИТЬ НИКТО ЗАКОНЧИТЬ ЗАКУСКА ПЕРЕД ЕДОЙ ТЫСЯЧА,8,slovo_dictionary,synth_1672,synthetic
СЕВЕР ОШИБКА ПРИБЫВАТЬ ЛЕТО ЛЕВЫЙ,5,slovo_dictionary,synth_1673,synthetic
ВДОХНОВЕНИЕ МИЛЛИОН ПАМЯТЬ ТРУДНЫЙ ДВА НАДЕЖДА ГОРДЫЙ,7,slovo_dictionary,synth_1674,synthetic
ЧЕЛОВЕК БЫСТРО ЖАРКИЙ,3,slovo_dictionary,synth_1675,synthetic
ЗВУК МУЖ КОЗЕЛ ПЫЛЕСОС ВОСЬМОЙ ОБЕЗЬЯНА,6,slovo_dictionary,synth_1676,synthetic
РЫЧАТЬ РАЗЪЯРЕННЫЙ ВИЛЯТЬ ЦЕМЕНТ СЛЕДУЮЩИЙ,5,slovo_dictionary,synth_1677,synthetic
"НЕЖНЫЙ, МЯГКИЙ 6 ЧАСОВ ГОРДОСТЬ НАИВНЫЙ ДИЕТА ДЕРЖАТЬ ВСЁ ВОДОПЛАВАЮЩЕЕ",8,slovo_dictionary,synth_1678,synthetic
ВЕСЕННЯЯ ГЛУПЫЙ ЖЕНЩИНА КЛЕТКА ДАТЬ,5,slovo_dictionary,synth_1679,synthetic
МАТЬ СЕМЬСОТ ПОЗДНИЙ,3,slovo_dictionary,synth_1680,synthetic
РАБ НАБЛЮДАТЕЛЬНОСТЬ ПРИРУЧЕННЫЙ ОТКРЫТЬ БЕЗОПАСНЫЙ ИСКАТЬ НОГА,7,slovo_dictionary,synth_1681,synthetic
ОТЕЦ ЖИЗНЬ БЕСПОКОЙНЫЙ НАКРЫВАТЬ НА СТОЛ ШЕСТЬ НЕЖНЫЙ СТЫДНО ОСТРЫЙ КРАСНЫЙ ЗЕЛЁНЫЙ,10,slovo_dictionary,synth_1682,synthetic
СТРАДАНИЕ УЖАСНЫЙ ГЕНИЙ ЭТОТ ПРЕДЫДУЩИЙ ЗООПАРК ШУМ НАД ОЖИДАЮЩИЙ,9,slovo_dictionary,synth_1683,synthetic
ИЗВЕСТНЫЙ МУЖ ОДИННАДЦАТЬ СКРОМНЫЙ ИНТЕРЕСНЫЙ ДОЧЬ СРАЗУ ДВАЖДЫ НАЙТИ ДЕРЖАТЬ,10,slovo_dictionary,synth_1684,synthetic
ПИТЬ МУЖ РОЗОВАТО-ЛИЛОВЫЙ НАВСЕГДА ОБА,5,slovo_dictionary,synth_1685,synthetic
ВСТРЕТИТЬ Й НЕПРЕКЛОННЫЙ ПРЕНЕБРЕЖЕНИЕ ОЖИДАЮЩИЙ РУЧКА ПОЧКИ ЦЕМЕНТ,8,slovo_dictionary,synth_1686,synthetic
ПОМОЩНИК ПОВАРА ДЕВОЧКА НОГА ПЕТУХ КРАСИВЫЙ ВЗЯТЬ ЛИЦО ПОКА РАССЕЯННЫЙ,9,slovo_dictionary,synth_1687,synthetic
ЛУЧШИЙ СВИСТОК БЕЗУМНО СТРАННЫЙ ИЗМОЖДЕННЫЙ,5,slovo_dictionary,synth_1688,synthetic
ЗОЛОТОЙ ДВЕНАДЦАТЬ ГОТОВЫЙ Б РЫЧАНИЕ,5,slovo_dictionary,synth_1689,synthetic
ТАЛАНТ СОБИРАТЬ З МГНОВЕНИЕ ПОСТОЯННЫЙ КНИГА,6,slovo_dictionary,synth_1690,synthetic
НАПУГАННЫЙ ТЕМНОТА ПЛАВНИК ОТРИЦАТЕЛЬНЫЙ СМУЩЕННЫЙ СЕРЫЙ ДЕТСКИЙ ЗВУК ПИСАТЬ,9,slovo_dictionary,synth_1691,synthetic
Ч А ИЗНОШЕННЫЙ ЛЕВ ОДАРЕННЫЙ,5,slovo_dictionary,synth_1692,synthetic
НЕДОВОЛЬНЫЙ НЕРАДИВЫЙ СНАЧАЛА,3,slovo_dictionary,synth_1693,synthetic
СМЕЯТЬСЯ ДИСТРЕСС РАССТРОЙСТВО ЮГ ЗЛОЙ ОДНОВРЕМЕННОСТЬ,6,slovo_dictionary,synth_1694,synthetic
ОПАСНЫЙ МИНИМУМ ОТРИЦАТЕЛЬНЫЙ САМОМНЕНИЕ НЕДАВНИЙ ВОЗБУЖДАТЬ ОХОТНО ЗАБЫТЬ БУМАГА В ЭТОМ ГОДУ,10,slovo_dictionary,synth_1695,synthetic
ВРЕМЯ ИНИЦИАТИВА ЧТО-НИБУДЬ ПОМЕСЬ,4,slovo_dictionary,synth_1696,synthetic
ЧАСЫ ДИЕТА ВЕСЕЛЫЙ ВРЕМЯ ПО ГРИНВИЧУ ПРОНЫРА ЧЕМОДАН,6,slovo_dictionary,synth_1697,synthetic
ПРАВША ИНТЕЛЛЕКТУАЛЬНЫЙ СЕРЫЙ АРОМАТНЫЙ СЫН ПРОДОЛЖИТЬ СЕРЕБРО ДЕРЖАТЬ СЛАБОСТЬ,9,slovo_dictionary,synth_1698,synthetic
ЖЕНАТ СЛЕДУЮЩИЙ ЗЛОСТЬ БЛАГОГОВЕНИЕ ТЕРЯТЬ ЧЕТЫРНАДЦАТЬ КОТОРЫЙ ПОГОДА,8,slovo_dictionary,synth_1699,synthetic
ВЕЧЕР СМЕХ СТРАННЫЙ,3,slovo_dictionary,synth_1700,synthetic
ЧАС МНОГО ВОСХОД СОЛНЦА ЯЗЫК ИСПОРЧЕННЫЙ СЕРДЦЕ МУДРЫЙ,7,slovo_dictionary,synth_1701,synthetic
НАРОД ДЕШЁВЫЙ РУБЛЬ,3,slovo_dictionary,synth_1702,synthetic
ДАЖЕ ДОМ НАШ САМООСОЗНАНИЕ БЕЗОПАСНЫЙ ПЕРВЫЙ КАРТИНА ЛЮБОВЬ ДЕЛАТЬ,9,slovo_dictionary,synth_1703,synthetic
ДОРОГА УГРЮМЫЙ 2 ЧАСА,3,slovo_dictionary,synth_1704,synthetic
АККУРАТНЫЙ ХУДШИЙ ДВЕ ТЫСЯЧИ ОТ КУВШИН ЗАНЯТЫЙ ПТИЦА ОСЕЛ ЧЕТЫРЕ,9,slovo_dictionary,synth_1705,synthetic
ГЕНИЙ ЕЁ ТАМ ПОДНОС СРЕДА ГОЛОВА,6,slovo_dictionary,synth_1706,synthetic
СОГЛАСНО РАССЕЯННЫЙ ВЛЮБИТЬСЯ М ТЕМНОТА ВЫРУЧИТЬ У МИЛЫЙ РАД,9,slovo_dictionary,synth_1707,synthetic
ПРИЕМ ПИЩИ СРОЧНЫЙ ВТОРОЙ ПРОЩАНИЕ ДЕРЖАТЬ ЛИТЬ АРОМАТНЫЙ,7,slovo_dictionary,synth_1708,synthetic
ЗДЕСЬ СОЛЬ ЦЕЛЫЙ ВСКРУЖИТЬ УЛИЦА,5,slovo_dictionary,synth_1709,synthetic
ЕСТЬ ДОМ РАДОСТНЫЙ КРЕСТ ПЯТЬСОТ МАГАЗИН НЕ ВЫНОСИТЬ ТЩЕСЛАВНЫЙ,8,slovo_dictionary,synth_1710,synthetic
ЧТО-НИБУДЬ ТЕБЯ РЫЧАНИЕ ПРИБЫВАТЬ,4,slovo_dictionary,synth_1711,synthetic
РАССТРОЙСТВО РЫЧАНИЕ СНАЧАЛА ЗЛОСТЬ ПАУК КОРОВА ОТЕЦ ЖЕЛАТЬ,8,slovo_dictionary,synth_1712,synthetic
ЧТО-НИБУДЬ СПОСОБ ЛЯГУШКА,3,slovo_dictionary,synth_1713,synthetic
БАБОЧКА РЫЧАТЬ БЛАГОГОВЕНИЕ Ы РАСПРЕДЕЛЯТЬ ШЕСТОЙ ПЯТЬ СКАЗАТЬ ГОЛОВА,9,slovo_dictionary,synth_1714,synthetic
УРОНИТЬ СЕРЫЙ СЛИШКОМ МАЛЬЧИК СКУЧАЮЩИЙ ЦЕЛЫЙ ЗМЕЯ,7,slovo_dictionary,synth_1715,synthetic
ГОРДЫЙ ПРЕЗРЕНИЕ ОКТЯБРЬ ГАВКАНЬЕ ПЕРО,5,slovo_dictionary,synth_1716,synthetic
НАКОНЕЦ ВРЕМЯ ДЛЯ ИЗМЕРЕНИЙ В ВОСЕМЬ ПЯТНАДЦАТЬ КРАСИВЫЙ,4,slovo_dictionary,synth_1717,synthetic
СОТЫ ЗАКОНЧИТЬ ШКОЛА ЗАБРАТЬ ОТВАЖИТЬСЯ,5,slovo_dictionary,synth_1718,synthetic
СКОЛЬКО ВОСХИЩАТЬСЯ У ДЕЛАТЬ,4,slovo_dictionary,synth_1719,synthetic
ОПАСНЫЙ САМОКОНТРОЛЬ ЛАНЧ РОЗОВАТО-ЛИЛОВЫЙ НЕСКОЛЬКО,5,slovo_dictionary,synth_1720,synthetic
ПОТРЯСАЮЩИЙ АДАПТИВНОСТЬ ДЕСЯТЬ МИЛОСЕРДНЫЙ Л ОБЕДАТЬ ПЕРО,7,slovo_dictionary,synth_1721,synthetic
ТАК СЕБЕ ГОД БОЛЬШЕ ЗАКАЗЫВАТЬ,4,slovo_dictionary,synth_1722,synthetic
ШУТИТЬ ДЕНЬ И НОЧЬ Б ОЛЕНЬ,4,slovo_dictionary,synth_1723,synthetic
"ДВА СЧАСТЬЕ ЗАБРАТЬ ОСОБЕННО НЕЖНЫЙ, МЯГКИЙ Ч МОЙ",7,slovo_dictionary,synth_1724,synthetic
СМЕХ ОФИЦИАНТ СЕМНАДЦАТЬ ТЕ АДАПТИВНОЕ ПОВЕДЕНИЕ ОПЯТЬ ГОЛОВА В ТЯЖЁЛЫЙ ПЕРЕВАРИВАТЬ,10,slovo_dictionary,synth_1725,synthetic
ДОСТАТОЧНО ДИНОЗАВР НЕВОЗМОЖНЫЙ НЕМЕДЛЕННО БОЛИТ,5,slovo_dictionary,synth_1726,synthetic
ОТЛИЧНЫЙ НЕДЕЛЯ АППЕТИТ НЕРАСКРАШЕННЫЙ СТЫДНО ВЕСЬ НЕОБХОДИМЫЙ,7,slovo_dictionary,synth_1727,synthetic
ЧАШКА ПОЛУЧИТЬ ЖАРИТЬ,3,slovo_dictionary,synth_1728,synthetic
МОДНЫЙ ЕХАТЬ ЛЕННОСТЬ НЕДОБРЫЙ ПРИЕМ ПИЩИ,5,slovo_dictionary,synth_1729,synthetic
РВЕНОСТЬ ПЕРО ВЕСЁЛЫЙ В ТО ВРЕМЯ КАК,4,slovo_dictionary,synth_1730,synthetic
САМОАНАЛИЗ ГОРЕВАТЬ ПОЛНЫЙ ГОД НАВСЕГДА ПРОДОЛЖИТЬ,6,slovo_dictionary,synth_1731,synthetic
НАМ НАС ДОМОГАТЬСЯ НАИВНЫЙ АГРЕССИЯ ЗАБРАТЬ ЖЕНЩИНА,7,slovo_dictionary,synth_1732,synthetic
НАЛОГ ЖЕВАТЬ ВОДА СМОТРЕТЬ ДОБРО ПОЖАЛОВАТЬ! САМООБМАН РОТ ЗАТЯГИВАТЬ СТРОГИЙ,9,slovo_dictionary,synth_1733,synthetic
КОШКА ПУТЕШЕСТВОВАТЬ КОГДА СТОЙКОСТЬ ВЫ НЕДОБРЫЙ КОРОНА САМОПРОВЕРКА НРАВСТВЕННОСТЬ РВЕНОСТЬ,10,slovo_dictionary,synth_1734,synthetic
АМБИЦИОЗНЫЙ ПОСЛЕ РЕСТОРАН НЕДЕЛЯ ПОНЕДЕЛЬНИК,5,slovo_dictionary,synth_1735,synthetic
ДЕСЯТЬ РАЗУМНЫЙ ПОЗДНИЙ СЧАСТЛИВЫЙ ИЗВЕСТНЫЙ ПУТЕШЕСТВОВАТЬ Л ДЕВЯТНАДЦАТЬ НЕВИНОВНЫЙ ПЕРЕВАРИВАНИЕ,10,slovo_dictionary,synth_1736,synthetic
РАССЛАБЛЕНИЕ БЫК СКОЛЬКО,3,slovo_dictionary,synth_1737,synthetic
ДИКОЕ ЖИВОТНОЕ ВРЕМЕННЫЙ ДВЕНАДЦАТЫЙ ПОДРУГА ХОРОШО,5,slovo_dictionary,synth_1738,synthetic
КОМАР ТРУДНЫЙ ЛОСЬ МУЖСКОЙ ТУАЛЕТ ЖАДНО ЕСТЬ ГЕНИЙ ОТВАЖИТЬСЯ МЕРТВЫЙ,8,slovo_dictionary,synth_1739,synthetic
КУРИЦА ПОДНОС ЮГ НИЧЕГО СМИРИТЬСЯ БУДУ ФИОЛЕТОВЫЙ ШУМ ГОЛОД,9,slovo_dictionary,synth_1740,synthetic
ПОДНОС СЛЫШАТЬ РАД АНИМАТОР ЕЖЕДНЕВНЫЙ СОГЛАСНО ДВА ОБЪЕКТИВНЫЙ НАКРЫВАТЬ НА СТОЛ ИСКРЕННИЙ,10,slovo_dictionary,synth_1741,synthetic
РОЗОВЫЙ НАИВНЫЙ ЗМЕЯ ЛЕГКИЙ ЛЕВЫЙ БЕЗОПАСНЫЙ АППЕТИТ КОРМИТЬ ВЛЮБЛЕННЫЙ,9,slovo_dictionary,synth_1742,synthetic
ЗАКАЗЫВАТЬ ЗЛОСТЬ ЗЛОБНЫЙ СЛЫШАТЬ СРАЗУ НЕДЕЛЯ ГОЛОВА,7,slovo_dictionary,synth_1743,synthetic
УТРО Л ПОНЕДЕЛЬНИК ПЕРЕВОДИТЬ ЗАБРАТЬ ВИТАМИН ПРЕДЫДУЩИЙ ПЛОХОЙ ПОКАЯНИЕ,9,slovo_dictionary,synth_1744,synthetic
ЗООПАРК ОТРИЦАТЕЛЬНЫЙ ИГРАТЬ НАКРЫВАТЬ НА СТОЛ,4,slovo_dictionary,synth_1745,synthetic
АЛЛЕРГИЯ НА ЕДУ ПОСТОЯННЫЙ ПОДРУГА БОЯТЬСЯ ЗИМА ВЕСЁЛЫЙ,6,slovo_dictionary,synth_1746,synthetic
ЛЕТУЧАЯ МЫШЬ ВДОХНОВЛЯТЬ СТОРОНА ЕЙ НАЙТИ СЛЫШАТЬ ЗАКОНЧИТЬ Я,8,slovo_dictionary,synth_1747,synthetic
НАИВНЫЙ ОФИЦИАНТ УЛИЦА ОДИННАДЦАТЬ ВОЛ ДРУГОЙ ТАК СЕБЕ ПРЕДЫДУЩИЙ ПОГОДА,9,slovo_dictionary,synth_1748,synthetic
МЕСЯЦ ПЛАТА ЗА ВХОД СКУЧАЮЩИЙ ВОСХИЩЕНИЕ ИСПУГАННЫЙ КУБОК ИНОСТРАННЫЙ РАССТРОЙСТВО САМООСОЗНАНИЕ ПЯТЫЙ,10,slovo_dictionary,synth_1749,synthetic
ВЗЯТЬ ПОКА (ЧТО) ШЕСТЬ,3,slovo_dictionary,synth_1750,synthetic
ЧЕЛОВЕК ЗВЕРЬ НЕУДОБСТВО ЗООПАРК НАВСЕГДА О ПОЛОЖИТЕЛЬНЫЙ ПИСЬМО ИЛИ ОСТАТЬСЯ,10,slovo_dictionary,synth_1751,synthetic
БЛЕДНЫЙ БЕСПОКОЙСТВО СЛЫШАТЬ ЛЕТО ПОВЕРХНОСТНЫЙ,5,slovo_dictionary,synth_1752,synthetic
КУСАТЬ СЕРДИТЫЙ ГРЯЗНЫЙ,3,slovo_dictionary,synth_1753,synthetic
СТО АДАПТИВНОСТЬ РОГА ТРУСЛИВО МИР В ВОСЕМЬ ПЯТНАДЦАТЬ ГНЕЗДО ТАК СЕБЕ ЮГ,9,slovo_dictionary,synth_1754,synthetic
ЗНАЧИТ ГОРЮЮЩИЙ ГОД ВЕСЕЛИТЬСЯ БЕСПОКОЙСТВО КНИГА,6,slovo_dictionary,synth_1755,synthetic
МОТИВАЦИЯ ПЕТУХ СЛЕДОВАЛО НЕЖНЫЙ РЫЧАТЬ ВСЕ МОДНЫЙ САМОАНАЛИЗ СУМКА,9,slovo_dictionary,synth_1756,synthetic
Н ДВАЖДЫ ВНУТРЕННЕЕ,3,slovo_dictionary,synth_1757,synthetic
ПОДРУГА ДИНОЗАВР КОЗА ЗАПАСЛИВЫЙ ЖЕНСКИЙ ТУАЛЕТ ВОЛК,6,slovo_dictionary,synth_1758,synthetic
БЕСПОКОЯЩИЙ ДИНОЗАВР ТРИСТА МУДРЫЙ КОРОВА НОВОСТИ БЫТЬ ПОТРЯСЕННЫМ ПЛАВНИК БЛИЗКО РОТ,10,slovo_dictionary,synth_1759,synthetic
МАТЬ ОТНОШЕНИЕ ХОТЕТЬ ОЗАБОЧЕННЫЙ,4,slovo_dictionary,synth_1760,synthetic
ПРИВЕТ! ХОЛОДНЫЙ ДИНОЗАВР ТЕРПЕНИЕ ПОСТЕПЕННО ДОМОГАТЬСЯ ВНИЗУ ЖЁЛТЫЙ ЛЕТО,9,slovo_dictionary,synth_1761,synthetic
СВЕТ ЗАВАРОЧНЫЙ ЧАЙНИК СУМКА ЗВЕРЬ,4,slovo_dictionary,synth_1762,synthetic
ЧЕТВЕРТЫЙ ПЯТНИЦА ЗАПАСЛИВЫЙ УЖАСНЫЙ ДЕТСКИЙ,5,slovo_dictionary,synth_1763,synthetic
ТРИНАДЦАТЬ НАМ ГОЛОДНЫЙ ТРЕТИЙ ТОЖЕ ГРУБЫЙ КРЕСТ СПРОСИТЬ,8,slovo_dictionary,synth_1764,synthetic
ОДАРЕННЫЙ МНОГО НАДЕЖДА КОПЫТО,4,slovo_dictionary,synth_1765,synthetic
МИЛОСЕРДНЫЙ НЕУДОБНО НАЛОГ ТОТ ВАЖНЫЙ ВЫСОКОМЕРНЫЙ КОПЫТО ГЛОТАТЬ РЕБЯЧЕСКИЙ ДОМИНАНТНЫЙ,10,slovo_dictionary,synth_1766,synthetic
ЛИЦО ЧИТАТЬ ТАЛАНТ КАЛЕНДАРЬ ЧИСТЫЙ ДЕВЯТНАДЦАТЬ ОБМАНЧИВОСТЬ БАБОЧКА ПИСЬМО,9,slovo_dictionary,synth_1767,synthetic
ГОРДЫЙ ШУТИТЬ ВОСЕМНАДЦАТЬ МАТЬ,4,slovo_dictionary,synth_1768,synthetic
ОДЕЖДА ВОЗМОЖНЫЙ ВОДОПЛАВАЮЩЕЕ ОЧЕНЬ СОЛЬ Р ИСПУГАННЫЙ ЗАПОЗДАЛЫЙ СЛАБОСТЬ,9,slovo_dictionary,synth_1769,synthetic
ЗЛОЙ САМОМНЕНИЕ ПРЕНЕБРЕЖЕНИЕ ВВЕРХ ДВЕСТИ ОБЫЧНО ЭТИ,7,slovo_dictionary,synth_1770,synthetic
РУБЛЬ ВЕРНЫЙ ЕЁ СПОКОЙНЫЙ ЭТИ РАССЛАБЛЕНИЕ ВКУСНЫЙ,7,slovo_dictionary,synth_1771,synthetic
ТИГР ДОВОЛЬСТВО ЦВЕТОВОЙ ОТТЕНОК СОБАЧИЙ ДОМИК ПОГОДА,5,slovo_dictionary,synth_1772,synthetic
ЛИТЬ ИСКАТЬ НЕУВАЖЕНИЕ НЕВЕРИЕ БОЛЬ ВЗЯТЬ СЛЫШАТЬ МОЛОДОЙ,8,slovo_dictionary,synth_1773,synthetic
КАРАНДАШ ЖАДНОСТЬ РАССТРОЕННЫЙ ПЕРО,4,slovo_dictionary,synth_1774,synthetic
РЫЧАНИЕ ВЕСЕЛЫЙ ДОЧЬ ВЕЩЬ,4,slovo_dictionary,synth_1775,synthetic
РЕЛИГИЯ СКОРБЕТЬ БЕСПОКОЯЩИЙ,3,slovo_dictionary,synth_1776,synthetic
ОБЫЧНЫЙ СТРАСТЬ КОРОТКИЙ ЛОШАДЬ,4,slovo_dictionary,synth_1777,synthetic
РУКА ВОЗБУЖДАТЬ ВЕСЕЛЫЙ ЖЕНА ЗАБОТА ИЗВЕСТНЫЙ,6,slovo_dictionary,synth_1778,synthetic
ПОДРОБНО ОПЯТЬ ФИОЛЕТОВЫЙ ДОБРОПОРЯДОЧНОСТЬ ПЯТЬСОТ,5,slovo_dictionary,synth_1779,synthetic
ДЕВЯТНАДЦАТЬ ОБЕСПОКОЕННЫЙ ТЕ ПОВЕРХНОСТНЫЙ РОГА РОЗОВАТО-ЛИЛОВЫЙ,6,slovo_dictionary,synth_1780,synthetic
ЧЕРНЫЙ ЧУЖОЙ ПОСЛУШНЫЙ СОМНЕВАТЬСЯ,4,slovo_dictionary,synth_1781,synthetic
ПО ЧАСАМ ПРИЛИЧНЫЙ ДОМАШНЕЕ ЖИВОТНОЕ,3,slovo_dictionary,synth_1782,synthetic
ЧЕТВЕРГ ОТРИЦАТЕЛЬНЫЙ СЛАБОСТЬ ПОЛОЖИТЬ,4,slovo_dictionary,synth_1783,synthetic
ГОЛОДНЫЙ КУРИЦА ВСКРУЖИТЬ ЧАС ПУТЕШЕСТВОВАТЬ ЖАДНЫЙ СМИРИТЬСЯ,7,slovo_dictionary,synth_1784,synthetic
ТЕБЕ АДАПТИВНОСТЬ ДОВОЛЬНО ПРИЯТНЫЙ,4,slovo_dictionary,synth_1785,synthetic
СЛАБОСТЬ ГОЛОД НИКОГДА ЛУЧШЕ НАМ ПОСЫЛАТЬ ЧЕРНЫЙ ПИТЬЕВАЯ ВОДА,8,slovo_dictionary,synth_1786,synthetic
ВОСЕМЬСОТ ЗУБЫ ДЕВЯТНАДЦАТЬ МЯТЕЖНЫЙ НЕУВАЖЕНИЕ ТЕБЯ ЗАПОЗДАЛЫЙ БЛИЗКО СМОТРЕТЬ,9,slovo_dictionary,synth_1787,synthetic
МИЛЕНЬКИЙ ГЛУПЫЙ ОПЯТЬ МАГАЗИН ИЛИ ПОД ЗАВАРОЧНЫЙ ЧАЙНИК ПРЕКРАСНЫЙ ЗВУК СВИСТОК,10,slovo_dictionary,synth_1788,synthetic
ОТКУПОРИВАТЬ ЗЛО РУЧКА ОСТАВИТЬ ОБА,5,slovo_dictionary,synth_1789,synthetic
ОСТОРОЖНЫЙ ДНЕМ ВВЕРХ МАТЬ СРЕДА ГОД,6,slovo_dictionary,synth_1790,synthetic
ОТРИЦАТЕЛЬНЫЙ ВНУТРЕННЕЕ ГАЗЕТА БЛАГОПОЛУЧИЕ,4,slovo_dictionary,synth_1791,synthetic
ЖЕНАТ К РАЗУМНЫЙ,3,slovo_dictionary,synth_1792,synthetic
ЦВЕТ ВЕРОЯТНО ВКУС ЗАБОТА,4,slovo_dictionary,synth_1793,synthetic
БАНКЕТ КОМАР РАЗЪЯРЕННЫЙ,3,slovo_dictionary,synth_1794,synthetic
ЧАС И ПОКА (ЧТО) ВОЗРАДОВАТЬСЯ ОКУНАТЬ ОШАРАШЕННЫЙ,6,slovo_dictionary,synth_1795,synthetic
БЕЛКА ТЫ ЗАКУСКА ПЕРЕД ЕДОЙ МУЖЧИНА ПЕРО,5,slovo_dictionary,synth_1796,synthetic
БЕСПОКОЙСТВО СТРАСТЬ ЮГ,3,slovo_dictionary,synth_1797,synthetic
ВОЗДУХ ПРЕНЕБРЕЖЕНИЕ АВГУСТ,3,slovo_dictionary,synth_1798,synthetic
ЭТИ ГОВОРИТЬ ВОСКРЕСЕНЬЕ ЕЖИК СЕРДЦЕ ЧЕТЫРЕ КУСАТЬ ПОМЕСЬ ДОБРОТА ХОТЕТЬ,10,slovo_dictionary,synth_1799,synthetic
ЖДАТЬ И ВОСЬМОЙ БОЛЬ ЛУЧШИЙ,5,slovo_dictionary,synth_1800,synthetic
КУСАТЬ ЖИЗНЬ ПИТЬЕВАЯ ВОДА,3,slovo_dictionary,synth_1801,synthetic
СЫН ПЯТЫЙ ТОГДА ПРОТИВ ЗДЕСЬ ВОЗБУЖДАТЬ ВЛЮБИТЬСЯ ВТОРОЙ,8,slovo_dictionary,synth_1802,synthetic
ОБУЧАТЬ ЛЕВЫЙ СОЖАЛЕНИЕ С,4,slovo_dictionary,synth_1803,synthetic
УВЕРЕННЫЙ ГНЕЗДО ГОРЕВАТЬ БЕЗРАЗЛИЧИЕ ПОДОЗРЕВАТЬ,5,slovo_dictionary,synth_1804,synthetic
СВЕТ ДЕРЖАТЬ БЕЗ ЛАНЧ ЛЮБОВЬ ГОЛОДНЫЙ,6,slovo_dictionary,synth_1805,synthetic
ДВЕ ТЫСЯЧИ АКТИВНЫЙ БЫ БАШЕННЫЕ ЧАСЫ И ЖЕНАТ НЕПРОЗРАЧНОСТЬ,7,slovo_dictionary,synth_1806,synthetic
ОБЛАДАТЬ ПЯТЬ ВАС ПИНГВИН ТЕРПЕНИЕ ХОТЕТЬ ТВЕРДЫЙ ЧАСЫ КРЫЛО,9,slovo_dictionary,synth_1807,synthetic
ЖИВОТНОЕ ОДАРЕННЫЙ ДВЕНАДЦАТЫЙ СТО ИНОСТРАННЫЙ РАССЛАБЛЕНИЕ ОТЕЦ,7,slovo_dictionary,synth_1808,synthetic
РАДОСТЬ ПОСЛУШНЫЙ НАВЕРХУ,3,slovo_dictionary,synth_1809,synthetic
КУРИЦА ПОВЕРХНОСТНЫЙ ЕСЛИ СРЕДА ВРЕДНЫЙ; ОЗОРНОЙ 2 ЧАСА ЖЕЛАТЬ ВЫ ВРЕД ШЕСТЬ,10,slovo_dictionary,synth_1810,synthetic
ПРЕКРАСНЫЙ ЗОЛОТО ВОСЕМЬСОТ ЧАС,4,slovo_dictionary,synth_1811,synthetic
ВОЗДУХ МОТИВАЦИЯ РУБЛЬ ПРИВЫК СМОТРЕТЬ ДО ПРОДАТЬ В ВОСЕМЬ ПЯТНАДЦАТЬ,8,slovo_dictionary,synth_1812,synthetic
СЕМЬ СВИСТОК М,3,slovo_dictionary,synth_1813,synthetic
НАС СЛЕДОВАЛО СВОБОДНЫЙ ЧАСЫ РАНО УЖАСНЫЙ СЮРПРИЗ ЗАТЯГИВАТЬ ДОЧЬ,9,slovo_dictionary,synth_1814,synthetic
ВСЕ ЧАС ДВЕНАДЦАТЬ ОБУЧАТЬ ЗАБОТА ОБЕДАТЬ ЛЮБОПЫТНЫЙ ПЯТЬ ТЫСЯЧ ПОДРОБНО МИЛЫЙ,10,slovo_dictionary,synth_1815,synthetic
ВЫСОКОМЕРНЫЙ МОЙ ДОМ ОДНАЖДЫ МГНОВЕНИЕ ОЧЕНЬ МИНИМУМ ЧУВСТВОВАТЬ СЗАДИ САМОКОНТРОЛЬ,10,slovo_dictionary,synth_1816,synthetic
ПРОНЫРА ПОКАЗАТЬ ПОЧЕМУ ДОБРОТА СЕРДИТЫЙ,5,slovo_dictionary,synth_1817,synthetic
РАССЛАБИТЬСЯ ТРИ ТЫСЯЧИ ВКУС КЛЕВАТЬ ДВЕ НЕДЕЛИ ВОСКРЕСЕНЬЕ БЕСПОКОИТЬСЯ СЕГОДНЯ,8,slovo_dictionary,synth_1818,synthetic
БЫТЬ ПОТРЯСЕННЫМ ДАЖЕ УВЕРЕН,3,slovo_dictionary,synth_1819,synthetic
ЗАНЯТЫЙ ОСТРЫЙ РОЗОВЫЙ РЕБЁНОК,4,slovo_dictionary,synth_1820,synthetic
БЛИЗКО РЫБА МЕДВЕДЬ ПРЕДЛОЖИТЬ ОБЫЧНЫЙ МИНУТА НЕУВАЖЕНИЕ ЗАНЯТЫЙ ДНЕМ,9,slovo_dictionary,synth_1821,synthetic
ПРЕДАННЫЙ НЕРВНЫЙ ПРОДУМАННЫЙ СОТЫ СТОЯТЬ ПОВЕРХНОСТНЫЙ,6,slovo_dictionary,synth_1822,synthetic
СУМКА ДАЖЕ НАЧИНАТЬ СМУЩЕННЫЙ ПОЧКИ ОКТЯБРЬ ЗАКУСКА ПЕРЕД ЕДОЙ ЭТОТ С НЕСЧАСТЬЕ,10,slovo_dictionary,synth_1823,synthetic
ЗМЕЯ СЛОВО МИЛЫЙ НЕ ВЫНОСИТЬ ГОВОРИТЬ РАЗДРАЖАТЬ Ц ДЕНЬГИ ВЫИГРЫШ,9,slovo_dictionary,synth_1824,synthetic
ИЗ-ЗА СЛЕДУЮЩИЙ СТРАХ ФУТБОЛ ВОСЬМОЙ АГРЕССИЯ ЗОЛОТОЙ ПОКА (ЧТО) ЦВЕТА,9,slovo_dictionary,synth_1825,synthetic
ДРУГОЙ КУРИЦА СМЕЯТЬСЯ НАДЕЯТЬСЯ Г ПОД РАБОТАТЬ САМОМНЕНИЕ,8,slovo_dictionary,synth_1826,synthetic
ТЫ ВОЗБУЖДЕННЫЙ ИНОГДА МАЛЬЧИК ВЫИГРЫШ ЛЕТО,6,slovo_dictionary,synth_1827,synthetic
НАДОЕЛО РЕДКО КОЗЕЛ ПЕРЕД,4,slovo_dictionary,synth_1828,synthetic
КОЗА ЛЕЖАТЬ ЕХАТЬ ЖДАТЬ НОВЫЙ ЖАРКИЙ П ПЛОХО КОТОРЫЙ КОМНАТА,10,slovo_dictionary,synth_1829,synthetic
ВКУСНЫЙ ЗРЕЛИЩНЫЙ РАЗДРАЖАТЬ ВИЛКА ОБЫЧНО,5,slovo_dictionary,synth_1830,synthetic
МЕЖДУ СТРАСТЬ ДЕВЯТЬ ЭТО У НЕЖНЫЙ,6,slovo_dictionary,synth_1831,synthetic
ЗНАЧИТ ОБЪЕКТИВНЫЙ ТЕРПЕТЬ ЖАДНО ЕСТЬ ВЕСЕЛЫЙ,5,slovo_dictionary,synth_1832,synthetic
НАДЕЖДА ДИСТРЕСС МУЖ ТРИНАДЦАТЬ ДОМ,5,slovo_dictionary,synth_1833,synthetic
СВОБОДНЫЙ СЛЕДОВАЛО РОЗОВАТО-ЛИЛОВЫЙ,3,slovo_dictionary,synth_1834,synthetic
ВКУСНЫЙ НАДЕЖДА СМЕХ ОБЫЧНЫЙ ПРИВЕЗТИ ВЕРХ,6,slovo_dictionary,synth_1835,synthetic
ГЛАЗ ВЧЕРА МОЛОДОЙ СМИРИТЬСЯ,4,slovo_dictionary,synth_1836,synthetic
"ТЫСЯЧА НЕЖНЫЙ, МЯГКИЙ НАЗАД ПОНЯТЬ НЕПРЕКЛОННЫЙ МНЕ НАЧАЛО ДВЕНАДЦАТЬ",8,slovo_dictionary,synth_1837,synthetic
ВОЗМОЖНО РАССЕРДИТЬСЯ ИСКРЕННИЙ ВИЛЯТЬ КРУЖКА ПРИЛИЧНЫЙ ПТИЦА ОРАНЖЕВЫЙ С АКУЛА,10,slovo_dictionary,synth_1838,synthetic
НЕМЕДЛЕННО МУЖ ВЗЯТЬ НЕСКОЛЬКО,4,slovo_dictionary,synth_1839,synthetic
ДВАДЦАТЬ М ПАВЛИН РАНЕЕ СИЛЬНЫЙ СКУЧАЮЩИЙ,6,slovo_dictionary,synth_1840,synthetic
ИСТЕРИК ОСТАНОВИТЬСЯ ОБЕДАТЬ,3,slovo_dictionary,synth_1841,synthetic
ЗИМА ВОРОТНИК ВНУТРЕННЕЕ СНАЧАЛА ТВОЙ ЖАЛОСТЬ ТРИДЦАТЬ ОТЛИЧНЫЙ КРЫЛО СКОРБЕТЬ,10,slovo_dictionary,synth_1842,synthetic
ПРИНЕСТИ ПРОДОЛЖИТЕЛЬНОСТЬ ИЛИ СОЖАЛЕНИЕ ОДНАЖДЫ ГОРДОСТЬ КОЗА,7,slovo_dictionary,synth_1843,synthetic
ИСПЫТЫВАТЬ ТЯЖЁЛЫЙ БЕЗОПАСНЫЙ СТАРЫЙ УДИВЛЁН ИГРАТЬ,6,slovo_dictionary,synth_1844,synthetic
ЛОГИЧНЫЙ ПОЗДНО СЛУШАТЬ ТАМ,4,slovo_dictionary,synth_1845,synthetic
СРОЧНЫЙ ВКУС СТОЙКОСТЬ СКОРО ЖЕВАТЬ ЛЕВ РУБЛЬ ПРЕДЛОЖИТЬ,8,slovo_dictionary,synth_1846,synthetic
6 ЧАСОВ РАССЕРДИТЬСЯ ЕЩЕ НЕТ НАВЕРХУ ВОСТОК ЖИТЬ ПОДРУГА ПЯТЬ РЫДАТЬ,9,slovo_dictionary,synth_1847,synthetic
ОСЕЛ ДНЕМ ОБЕДАТЬ АЛЛИГАТОР ДЕКАБРЬ ИЗ-ЗА,6,slovo_dictionary,synth_1848,synthetic
СОРОК ПОГОДА НАШ ДИСТРЕСС СЧАСТЬЕ БИЛЕТ ЛУЧШЕ ГОРЕВАТЬ АППЕТИТ,9,slovo_dictionary,synth_1849,synthetic
ВНИЗ РВЕНОСТЬ ДОБРОПОРЯДОЧНОСТЬ ДЕЛАТЬ МЕЛКИЙ ГЛОТОК,4,slovo_dictionary,synth_1850,synthetic
С ХОЛОДНЫЙ В ПРОШЛОМ ГОДУ МУЖЕСТВЕННОСТЬ,4,slovo_dictionary,synth_1851,synthetic
СТРАДАНИЕ ПРОЗРАЧНЫЙ ЛИТЬ КАНУН НАЧИНАТЬ ЖАДНЫЙ ЗЛОБНЫЙ,7,slovo_dictionary,synth_1852,synthetic
ЛИЦО СЛУШАТЬ ТАМ НАДОЕЛО НАЗНАЧЕННОЕ ВРЕМЯ Ж РОГА ВЕРНЫЙ ВРЕМЯ 11 ЧАСОВ,9,slovo_dictionary,synth_1853,synthetic
ЖЕЛАТЬ ПИНГВИН БЕЗРАЗЛИЧИЕ ЛИТЬ ИСПОРЧЕННЫЙ СЕРЕБРО,6,slovo_dictionary,synth_1854,synthetic
Щ СМЕЛОСТЬ ЧЕТЫРНАДЦАТЬ ЛЮБОПЫТНЫЙ,4,slovo_dictionary,synth_1855,synthetic
МОДНЫЙ АРОМАТНЫЙ ОБРАЗОВАННЫЙ МАТЬ ВЫРУЧИТЬ НАВСЕГДА ВЛЮБИТЬСЯ ВЕРБЛЮД,8,slovo_dictionary,synth_1856,synthetic
ГОРЬКИЙ ОСЕЛ ВЕЗДЕ СМОТРЕТЬ МЕСЯЦ СТРАННЫЙ,6,slovo_dictionary,synth_1857,synthetic
СЫН СТРАХ ЛЮБОВЬ ПОЗДНО ДВЕНАДЦАТЬ ЗЕЛЁНЫЙ МЕДЛЕННЫЙ,7,slovo_dictionary,synth_1858,synthetic
ДОМИНАНТНЫЙ ДЕВЯТЬСОТ СЕРЫЙ БЕЛЫЙ ТАЛАНТ,5,slovo_dictionary,synth_1859,synthetic
СЕМЬ ВОСХОД СОЛНЦА КУПИТЬ НАЧАЛО СНАЧАЛА ОТВАЖИТЬСЯ ОСТАНОВИТЬ,7,slovo_dictionary,synth_1860,synthetic
УТРО МЕРТВЫЙ ПРИЧИНА ПИТЬЕВАЯ ВОДА МОТИВАЦИЯ РАД СОБАЧИЙ ДОМИК КРУЖКА ВСЕ,9,slovo_dictionary,synth_1861,synthetic
КРАСНЫЙ КОМНАТА ИСКРЕННИЙ ЗАСТЕНЧИВЫЙ,4,slovo_dictionary,synth_1862,synthetic
ДОВОЛЬСТВО ПУТЕШЕСТВИЕ В ТО ВРЕМЯ КАК МИЛЕНЬКИЙ СЛАБЫЙ ПОДНОС РОЗОВАТО-ЛИЛОВЫЙ ВРЕМЯ ДЛЯ ИЗМЕРЕНИЙ,8,slovo_dictionary,synth_1863,synthetic
СМЕХ ЗАВИСТЬ БАНКЕТ ПИТЬЕВАЯ ВОДА ОДИН ПТИЦА УДИВЛЁН ГОРЕВАТЬ,8,slovo_dictionary,synth_1864,synthetic
БЕСПОКОЙСТВО КЛЮЧ НАПРАВЛЕНИЕ ПЫЛЕСОС МЕСЯЦ РАДОСТЬ,6,slovo_dictionary,synth_1865,synthetic
ТВЕРДЫЙ ЛОСЬ АМБИЦИОЗНЫЙ ПЯТЬСОТ ТЕМНОТА ЖЁЛТЫЙ ОФИЦИАНТ ЖЕСТОКИЙ,8,slovo_dictionary,synth_1866,synthetic
ЗАВАРОЧНЫЙ ЧАЙНИК ТЫ ОПЯТЬ НЕРАДИВЫЙ ЖЕНА ВРЕДНЫЙ; ОЗОРНОЙ ГОЛОС ТОТ Л,9,slovo_dictionary,synth_1867,synthetic
ПЕРВЫЙ ДОВОЛЬНЫЙ ПОЧЕМУ,3,slovo_dictionary,synth_1868,synthetic
В ХОРОШО НЕВОЗМОЖНЫЙ А,4,slovo_dictionary,synth_1869,synthetic
СТЫДНО ПУТЕШЕСТВИЕ ВЕСЕЛЫЙ ВДОХНОВЛЯТЬ ДЕКАБРЬ ЧУДЕСНЫЙ ПРЕДПОЧИТАТЬ КРАСИВЫЙ ОТЛИЧНЫЙ КАНУН,10,slovo_dictionary,synth_1870,synthetic
РУЧКА КОРОНА ЭТИ ПРАВЫЙ УПАСТЬ СТЫДНО ПОЛОЖИТЬ РЕЛИГИЯ НЕМЕДЛЕННО ЛЕННОСТЬ,10,slovo_dictionary,synth_1871,synthetic
КУРИЦА БЕЗРАЗЛИЧИЕ ПОВАР СЧАСТЬЕ ДЯТЕЛ ПЕРВЫЙ ВСЕ ВЕРНЫЙ,8,slovo_dictionary,synth_1872,synthetic
АГРЕССИВНЫЙ ЦВЕТА ОБНИМАТЬ ЛУЧШЕ ДОБРОПОРЯДОЧНОСТЬ ПРОДОЛЖИТЬ ПЕРО МОТИВАЦИЯ,8,slovo_dictionary,synth_1873,synthetic
СЫН ЖЕНЩИНА ТАК СЕБЕ СПОСОБ БУДУ НАШЕСТВИЕ ЗАПАСЛИВЫЙ НАСЕЛЯТЬ ЧЕТЫРНАДЦАТЬ ОСЕЛ,10,slovo_dictionary,synth_1874,synthetic
МЕДУЗА ВОЗДУХ ПУСТОЙ ПОМОЩНИК ПОВАРА,4,slovo_dictionary,synth_1875,synthetic
ПЯТЫЙ ПОМЕСЬ ИНОСТРАННЫЙ,3,slovo_dictionary,synth_1876,synthetic
НЕРАДИВЫЙ ПОГОДА ЦВЕТА ТЫСЯЧА ОСТАНОВИТЬ ВОСЕМНАДЦАТЬ ИМ,7,slovo_dictionary,synth_1877,synthetic
НАГЛОСТЬ НЕМЕДЛЕННО СНАЧАЛА З СМЕШНОЙ ОКУНАТЬ ОБЕЗЬЯНА ОБЕСПОКОЕН ЛЮБОПЫТНЫЙ,9,slovo_dictionary,synth_1878,synthetic
ДАТЬ ТОЖЕ ПОЗДНО НЕМНОГО НЕЛОВКИЙ; НЕУКЛЮЖИЙ НОЧЬ ОТКУСЫВАНИЕ МЕДУЗА,8,slovo_dictionary,synth_1879,synthetic
ОСТАТЬСЯ ВОЗРАДОВАТЬСЯ ИЗ-ЗА РАДОСТНЫЙ,4,slovo_dictionary,synth_1880,synthetic
РАССТРОЕННЫЙ НАДЕЯТЬСЯ ПРИЕМ ПИЩИ СОЛНЦЕ ПЕТЬ,5,slovo_dictionary,synth_1881,synthetic
УЖЕ ДВЕНАДЦАТЬ ГАЗЕТА ТЕБЕ ИЗ-ЗА ЛИСА ЖАРКИЙ,7,slovo_dictionary,synth_1882,synthetic
КРЫСА ПОСЛУШНЫЙ Я ПЕЧАЛЬ НАКРЫВАТЬ НА СТОЛ КОРМИТЬ СОМНЕВАТЬСЯ И СВЕТ,9,slovo_dictionary,synth_1883,synthetic
ПРАВЫЙ ИЛИ ВОДОПЛАВАЮЩЕЕ ТРИ ТЫСЯЧИ,4,slovo_dictionary,synth_1884,synthetic
ЖУТКИЙ ПОЛЗАНЬЕ ТЕ,3,slovo_dictionary,synth_1885,synthetic
ДЕЛЬФИН МУЖ Х МОТИВАЦИЯ СУМКА ИСКАТЬ ПОДЛИННЫЙ ФИОЛЕТОВЫЙ СВИНЬЯ ОТЕЦ,10,slovo_dictionary,synth_1886,synthetic
ШУТИТЬ ЗНАЧИТ Ж ОТЛИЧНЫЙ ИЗВЕСТНЫЙ КРОТОСТЬ ОТ НЕПОСЛУШНЫЙ ДЕНЬГИ 6 ЧАСОВ,10,slovo_dictionary,synth_1887,synthetic
ВОСЕМЬСОТ Ч ДЕВЯТНАДЦАТЬ ЛЕНИВЫЙ,4,slovo_dictionary,synth_1888,synthetic
КРЕВЕТКА ДОРОГОЙ УЖАСНЫЙ,3,slovo_dictionary,synth_1889,synthetic
МЯТЕЖНЫЙ ВЕЧНОСТЬ ПИСЬМО,3,slovo_dictionary,synth_1890,synthetic
ОРЕЛ БЫВШИЙ ЕХАТЬ ФИОЛЕТОВЫЙ ВЕРНЫЙ КТО? ВЫСОКОМЕРНЫЙ СВЕРХУ КУВШИН,9,slovo_dictionary,synth_1891,synthetic
ШКОЛА ВЕСЕЛЫЙ ПОМОЩНИК ПОВАРА ПОДРУГА ПОПУГАЙ БЕЛКА ПРИВЕЗТИ НАЗНАЧЕННОЕ ВРЕМЯ ИХ,9,slovo_dictionary,synth_1892,synthetic
ПОМЕСЬ ЗАЯЦ ОШЕЛОМИТЬ СЕРДЦЕ,4,slovo_dictionary,synth_1893,synthetic
БЫТЬ ПОТРЯСЕННЫМ ВЕЧНОСТЬ ЖЕЛАНИЕ СЕГОДНЯ ОБЕСПОКОЕН,5,slovo_dictionary,synth_1894,synthetic
ПРИБЫВАТЬ ЗАВАРОЧНЫЙ ЧАЙНИК ЗАНЯТЫЙ,3,slovo_dictionary,synth_1895,synthetic
КЛЕВАТЬ НЕПРОЗРАЧНОСТЬ БУДУ ПОКАЗАТЬ У МОДНЫЙ ПО ЧАСАМ ЗЛО НАКОНЕЦ-ТО,9,slovo_dictionary,synth_1896,synthetic
НРАВИТЬСЯ ДВЕНАДЦАТЫЙ В ЭТОМ ГОДУ УПАСТЬ ЛЮБОВНЫЙ ГЛОТАТЬ ЖАДНО ТРИДЦАТЬ НЕВИНОВНЫЙ,8,slovo_dictionary,synth_1897,synthetic
ВОЗБУЖДЕННЫЙ УДИВЛЁН ДАТЬ КРОКОДИЛ ДЕШЁВЫЙ ПОКРАСНЕТЬ АНИМАТОР ПРОДУМАННЫЙ ПОЗВОНИТЬ НА СЕРВИС ПЕЧАЛЬ,10,slovo_dictionary,synth_1898,synthetic
ЖАДНОСТЬ ОБА КУПИТЬ ЛИТЬ ТИГР АЛЛЕРГИЯ НА ЕДУ ПОЗВОНИТЬ НА СЕРВИС ЗУБЫ,8,slovo_dictionary,synth_1899,synthetic
ОСТРОУМИЕ ЗАДЕРЖИВАТЬ НАКРЫВАТЬ НА СТОЛ,3,slovo_dictionary,synth_1900,synthetic
СТЫДНО ЧУВСТВОВАТЬ НАРОД ТРУСЛИВО,4,slovo_dictionary,synth_1901,synthetic
НОСОРОГ ВИЛЯТЬ ВСТРЕТИТЬ СУМКА КОРИЧНЕВЫЙ,5,slovo_dictionary,synth_1902,synthetic
ЖАДНО ЕСТЬ ОСЕНЬ НЕДОБРЫЙ,3,slovo_dictionary,synth_1903,synthetic
ОСНОВНОЙ ЦВЕТ КРОТОСТЬ ПОСЫЛАТЬ ОСТАТЬСЯ СЛИШКОМ ОХОТНО ТЫСЯЧА НЕ В НАСТОЯЩЕЕ ВРЕМЯ,9,slovo_dictionary,synth_1904,synthetic
ЛЯГУШКА БЕЗОПАСНЫЙ ВДОХНОВЕНИЕ ИСТЕРИК ЦВЕТА ВВЕРХ ПЕЧАЛЬ,7,slovo_dictionary,synth_1905,synthetic
РЫЧАНИЕ НЕСЧАСТЬЕ СПОКОЙНЫЙ ВЕСЬ ДЕНЬГИ ДЕНЬ ДОРОГОЙ АГРЕССИЯ В ПРОШЛОМ ГОДУ В ВОСЕМЬ ПЯТНАДЦАТЬ,10,slovo_dictionary,synth_1906,synthetic
ЧАСЫ А ОДНОВРЕМЕННОСТЬ ОСТОРОЖНЫЙ СРОЧНЫЙ ЛИТЬ БЕЗРАЗЛИЧИЕ,7,slovo_dictionary,synth_1907,synthetic
ВДОХНОВЕНИЕ ОРАНЖЕВЫЙ ЗМЕЯ ОЖИДАЮЩИЙ ЗНАЧИТ ПОЛЗАНЬЕ,6,slovo_dictionary,synth_1908,synthetic
РОГА ОВЦА ВОЙ РУЧКА БОЛЬ ПРЕДЛОЖИТЬ ЛЮБОВНЫЙ,7,slovo_dictionary,synth_1909,synthetic
РЫБА Е ВИТАМИН ЧЕТЫРЕ ТЫСЯЧИ МЯТЕЖНЫЙ МУЖЕСТВЕННОСТЬ МОТИВАЦИЯ,7,slovo_dictionary,synth_1910,synthetic
ОТНОШЕНИЕ БУТЫЛКА КОМНАТА,3,slovo_dictionary,synth_1911,synthetic
СЛОВО ЭТО ПОМОЩНИК ПОВАРА ПЕРЕВАРИВАНИЕ БЕСПОКОЯЩИЙ ТЯЖЁЛЫЙ МЕДВЕДЬ Д БАНКЕТ,9,slovo_dictionary,synth_1912,synthetic
ПОЛОЖИТЕЛЬНЫЙ КАФЕТЕРИЙ ШЕСТЬДЕСЯТ,3,slovo_dictionary,synth_1913,synthetic
РАССТРОЕННЫЙ ПРЕНЕБРЕЖЕНИЕ ЛЕГКИЙ БЕСПОКОЯЩИЙ БЕЗРАЗЛИЧИЕ УПАСТЬ ДОВОЛЬНЫЙ ДЯТЕЛ ПОВЕРХНОСТНЫЙ ВЕЧНОСТЬ,10,slovo_dictionary,synth_1914,synthetic
О СТРАХ ЧЕРНЫЙ,3,slovo_dictionary,synth_1915,synthetic
МИЛЫЙ СУББОТА ИМПУЛЬС,3,slovo_dictionary,synth_1916,synthetic
ЕХАТЬ ЖАДНЫЙ БОЛЬШЕ ПОДОЗРЕВАТЬ НОЯБРЬ,5,slovo_dictionary,synth_1917,synthetic
В ЭТОМ ГОДУ ВЫХОДНЫЕ ПОЗВОНИТЬ НА СЕРВИС ОБРАЗОВАННЫЙ БОЛЬ НАЧИНАТЬ БЛАГОГОВЕНИЕ В ВОСЕМЬ ПЯТНАДЦАТЬ Ц Г,10,slovo_dictionary,synth_1918,synthetic
АДАПТИВНОСТЬ ЦЕНА У ДОБРОТА БОЛЬШЕ,5,slovo_dictionary,synth_1919,synthetic
ЗАПОЗДАЛЫЙ ОБЛЕГЧЕНИЕ ПЯТНАДЦАТЬ ЧИСТЫЙ ПАУК РЫЧАТЬ СТРАННЫЙ,7,slovo_dictionary,synth_1920,synthetic
ГЛУПЫЙ ЦВЕТ ЛЕЖАТЬ,3,slovo_dictionary,synth_1921,synthetic
ПАУК ЧУДЕСНЫЙ БУМАГА,3,slovo_dictionary,synth_1922,synthetic
ХОРОШИЙ ЭТО НАШ ПРИЙТИ ЗЛО ОБЕЩАТЬ ЛЕГКИЙ,7,slovo_dictionary,synth_1923,synthetic
ПРИНЕСТИ ЖЕНА ДВЕ НЕДЕЛИ Э ВОЗБУЖДЕННЫЙ СЕРДИТЫЙ АДАПТИВНОЕ ПОВЕДЕНИЕ УВЕРЕН,8,slovo_dictionary,synth_1924,synthetic
СОБАКА РАНО ХОТЕТЬ КРОКОДИЛ Б,5,slovo_dictionary,synth_1925,synthetic
ИМЕТЬ ВРЕМЕННЫЙ ВЕЛИКИЙ ПОЗВОНИТЬ НА СЕРВИС САРКАЗМ ЛОПАТА ЦЕНА,7,slovo_dictionary,synth_1926,synthetic
СИНИЙ ТВОЙ НИКТО,3,slovo_dictionary,synth_1927,synthetic
ДРОЖАТЬ ПРОДОЛЖИТЬ ЗАБОТА СУХОЙ Ю ИГРАТЬ ПРОДАТЬ ВЫИГРЫШ Ё,9,slovo_dictionary,synth_1928,synthetic
ОТВРАЩЕНИЕ СВЕТ ФУТБОЛ ШЕСТОЙ ДЕСЯТЫЙ М ЗАКОНЧИТЬ РОГА СТРАХ,9,slovo_dictionary,synth_1929,synthetic
МНЕ ЖЕНСКИЙ ТУАЛЕТ ЖЕЛАНИЕ САМОВОСПРИЯТИЕ РАССЕЯННЫЙ НОВОСТИ ОДИН,7,slovo_dictionary,synth_1930,synthetic
ПРЕЗРЕНИЕ КЛЕТКА КРОТОСТЬ РЕБЯЧЕСКИЙ ИНТЕЛЛЕКТУАЛЬНЫЙ ПИТЬЕВАЯ ВОДА ТОРЖЕСТВЕННЫЙ НАЛОГ ТВОЙ,9,slovo_dictionary,synth_1931,synthetic
НАГЛОСТЬ ТЕБЯ ВСЕ БЕСПОКОЯЩИЙ ВЕЧНЫЙ ЧАСТЬ ТВЕРДЫЙ,7,slovo_dictionary,synth_1932,synthetic
ПИР ГЕНИЙ ДОБРОПОРЯДОЧНОСТЬ ОЧЕНЬ ПРЕДПОЧИТАТЬ КОЗА ЖАРКИЙ,7,slovo_dictionary,synth_1933,synthetic
ДВАДЦАТЬ Д ПОДРОБНО ПОМОЩНИК ПОВАРА ЖАРИТЬ Н,6,slovo_dictionary,synth_1934,synthetic
МОЧЬ ЖАДНЫЙ НЕДАВНИЙ СЧАСТЬЕ ДВЕНАДЦАТЬ ИЛИ ПОДЛИННЫЙ БЫСТРЫЙ ПАМЯТЬ БУДУ,10,slovo_dictionary,synth_1935,synthetic
СМЕЯТЬСЯ НАКОНЕЦ ВАЖНЫЙ ВОПРОС НИЗКИЙ ТРИ ТЫСЯЧИ ЛЯГУШКА РЕВНИВЫЙ Щ ПРИЙТИ,10,slovo_dictionary,synth_1936,synthetic
ПОСТЕПЕННО ДЯТЕЛ БОЛЬШОЙ БЕСПОКОИТЬСЯ НЕОЖИДАННЫЙ ЗОЛОТОЙ ДОБРОТА,7,slovo_dictionary,synth_1937,synthetic
КОМНАТА ОТКУСЫВАНИЕ КОЗА НЕУДОБСТВО ЛЮБОПЫТНЫЙ,5,slovo_dictionary,synth_1938,synthetic
ВСЕГДА Щ ТАМ ГОРЕВАТЬ МИР ПРЕКРАСНЫЙ ТОГДА В ПРОШЛОМ ГОДУ,8,slovo_dictionary,synth_1939,synthetic
КОГДА ВОЗРАДОВАТЬСЯ САМООБМАН ВСЕГДА НАЛОГ НАПРЯЖЕНИЕ ПОТРЯСАЮЩИЙ ШУТИТЬ,8,slovo_dictionary,synth_1940,synthetic
ПЛАТИТЬ ЧАШКА ПЛОХОЙ ШЕСТОЙ ЧАСЫ ЛЕЖАТЬ,6,slovo_dictionary,synth_1941,synthetic
ВЫРУЧИТЬ НЕВИНОВНЫЙ ОШИБКА,3,slovo_dictionary,synth_1942,synthetic
ДОВОЛЬНО ОСТАНОВИТЬСЯ ОДИННАДЦАТЫЙ СМЕШНОЙ РЕДКО РАБОТАТЬ БЫВШИЙ,7,slovo_dictionary,synth_1943,synthetic
СПОСОБ Й ПОКАЗАТЬ,3,slovo_dictionary,synth_1944,synthetic
СМЕЯТЬСЯ СУХОЙ ДЕШЁВЫЙ СТРАХ,4,slovo_dictionary,synth_1945,synthetic
ДЕВЯТЬ СЕРДЦЕ КОШКА ОДЕРЖИМЫЙ ВОСХИЩЕНИЕ БЛАГОПОЛУЧИЕ ЗАКАЗЫВАТЬ КАНУН СРАЗУ ТРУДНЫЙ,10,slovo_dictionary,synth_1946,synthetic
ПОЧКИ АКТИВНЫЙ ПРОНЫРА ЧЕТВЕРГ ВТОРНИК НЕДОБРЫЙ НАКОНЕЦ МИНУТА ШЕСТЬДЕСЯТ Н,10,slovo_dictionary,synth_1947,synthetic
ЮГ ЧЕТВЕРТЫЙ ВОДА ТРИ ТЫСЯЧИ ТОРЖЕСТВЕННЫЙ ТРУС БОЛИТ ВОЗБУЖДЕННЫЙ СТАРЫЙ,9,slovo_dictionary,synth_1948,synthetic
Э ВРЕМЯ ПО ГРИНВИЧУ ТАМ СЕГОДНЯ УЛИЦА ТЁМНЫЙ ДОВОЛЬНО ПОТРЯСАЮЩИЙ,8,slovo_dictionary,synth_1949,synthetic
МЕЖДУ ВОДА НЕДЕЛЯ НАВСЕГДА ДРУГОЙ ПЕТУХ,6,slovo_dictionary,synth_1950,synthetic
ПОНЕДЕЛЬНИК СУМАТОХА МИЛЕНЬКИЙ,3,slovo_dictionary,synth_1951,synthetic
МНЕ С ТЕХ ПОР КАК ЗНАЧИТЬ П НАКОНЕЦ ШЕСТЬ СПОСОБ,7,slovo_dictionary,synth_1952,synthetic
САМОМНЕНИЕ ПРОДУМАННЫЙ Щ ДАЖЕ РЕВНИВЫЙ,5,slovo_dictionary,synth_1953,synthetic
НЕЖНЫЙ СОРОК БЫ Ж,4,slovo_dictionary,synth_1954,synthetic
НАЧИНАТЬ ЦВЕТОВОЙ ОТТЕНОК МЯТЕЖНЫЙ А,4,slovo_dictionary,synth_1955,synthetic
СЛИШКОМ ВЕСЕЛЫЙ МИЛЕНЬКИЙ ОДИННАДЦАТЫЙ ОКТЯБРЬ СОТЫ,6,slovo_dictionary,synth_1956,synthetic
ЛЮБОВЬ ВЕСЁЛЫЙ ЗАМУЖЕМ ОТРИЦАТЕЛЬНЫЙ,4,slovo_dictionary,synth_1957,synthetic
ПРОЗРАЧНЫЙ ПРЕДПОЧИТАТЬ ПИТЬЕВАЯ ВОДА ПЛОХОЙ ТЯЖЁЛЫЙ ДЯТЕЛ ВЕСЕЛИТЬСЯ ДЕСЯТЬ МИНУТА,9,slovo_dictionary,synth_1958,synthetic
ЕЁ ОБУЧАТЬ КЛЮВ ГЕНИЙ ДО НАВСЕГДА ИСПЫТЫВАТЬ,7,slovo_dictionary,synth_1959,synthetic
ПЯТЬ ТЫСЯЧ ПРОЩАНИЕ ВОСЕМНАДЦАТЬ,3,slovo_dictionary,synth_1960,synthetic
ПОГОДА ТВОЙ ГОРДЫЙ ЖЕЛАТЬ СЕСТРА НЕ ВЫНОСИТЬ ЛОСЬ АНИМАТОР СЛЫШАТЬ ВКУС,10,slovo_dictionary,synth_1961,synthetic
ГРЯЗНЫЙ БАНКЕТ ВОСЕМНАДЦАТЬ КОЗЕЛ,4,slovo_dictionary,synth_1962,synthetic
З МЫ РОЗОВЫЙ ВЕСЕЛЫЙ ЧУДЕСНЫЙ ОСТАТЬСЯ ДЕЛЬФИН СЕВЕР ПРИЯТНЫЙ РАССЕРДИТЬСЯ,10,slovo_dictionary,synth_1963,synthetic
ЯЗЫК БЕГЕМОТ ГРУСТНЫЙ ВЛЮБИТЬСЯ СОМНЕВАТЬСЯ,5,slovo_dictionary,synth_1964,synthetic
ЧИТАТЬ ОЧЕНЬ ТВЕРДЫЙ,3,slovo_dictionary,synth_1965,synthetic
ПРЕКРАСНЫЙ ПРЕДПОЧИТАТЬ ВЫРУЧИТЬ ДОВОЛЕН ЗЛОБНЫЙ ПОМОЧЬ НЕНАВИДЕТЬ НЕВЕРИЕ ЧАС,9,slovo_dictionary,synth_1966,synthetic
БЫТЬ ПОТРЯСЕННЫМ НИКОГДА ЧУДЕСНЫЙ В ВОСЕМЬ ПЯТНАДЦАТЬ ОБЛАДАТЬ ЗАПАСЛИВЫЙ КРЫЛО,7,slovo_dictionary,synth_1967,synthetic
ПОКА (ЧТО) СУХОЙ РАССЛАБЛЕНИЕ КРАТКИЙ СМЕХ,5,slovo_dictionary,synth_1968,synthetic
МЫШЬ РАССЛАБИТЬСЯ ВЫРУЧИТЬ ШЕСТОЙ УДИВЛЁН С ДНЕМ РОЖДЕНИЯ ПОЛОЖИТЬ СЛОН,8,slovo_dictionary,synth_1969,synthetic
БРЮЗЖАТЬ ЛЕВ ПОКА (ЧТО) ВСЕГДА БЕЗОПАСНЫЙ ДЕЛАТЬ МЕЖДУ ДЕЛАТЬ МЕЛКИЙ ГЛОТОК ЗЛОЙ КОРОТКИЙ,10,slovo_dictionary,synth_1970,synthetic
ТОРЖЕСТВЕННЫЙ ЦВЕТОВОЙ ОТТЕНОК ВЕЧНЫЙ БЫВШИЙ ВВЕРХ СЛУШАТЬ ОБЫЧНЫЙ ДОМИНИРУЮЩИЙ,8,slovo_dictionary,synth_1971,synthetic
ЗВУК НЕУВАЖЕНИЕ СМЕШНОЙ БАБОЧКА МАЛЬЧИК КРОМЕ ЖАЖДУЩИЙ КОГДА САМОКОНТРОЛЬ,9,slovo_dictionary,synth_1972,synthetic
ВОЗБУЖДАТЬ КРАТКИЙ ТАК СЕБЕ ПЕРЕВАРИВАТЬ Щ СВОБОДНЫЙ СЕДЬМОЙ,7,slovo_dictionary,synth_1973,synthetic
ИЗМОЖДЕННЫЙ ОПЫТНЫЙ НАД ПЯТЬСОТ,4,slovo_dictionary,synth_1974,synthetic
ВЧЕРА КРОЛИК СКВОЗЬ ИХ Э ВЕРБЛЮД ОТЧАЯННЫЙ НАДЕЯТЬСЯ,8,slovo_dictionary,synth_1975,synthetic
СИНИЙ ЧАС ВОДОПЛАВАЮЩЕЕ В СПЕШКЕ ПРЕЗРЕНИЕ,5,slovo_dictionary,synth_1976,synthetic
ВЗДРАГИВАТЬ У СЛАБОСТЬ ИЗНОШЕННЫЙ МИЛЕНЬКИЙ МОТИВИРОВАТЬ,6,slovo_dictionary,synth_1977,synthetic
ТРИДЦАТЬ ВРЕМЯ СРАЗУ РАБ ЛЕЧЬ БЛАГОГОВЕНИЕ,6,slovo_dictionary,synth_1978,synthetic
ЛОСЬ НЕПРИЯТНЫЙ ЕХАТЬ,3,slovo_dictionary,synth_1979,synthetic
ПОЗДНО СОЧУВСТВИЕ ЗАКУСКА ПЕРЕД ЕДОЙ ИГРАТЬ ПРАВША Х КАРАНДАШ ШЕСТЬДЕСЯТ ОКТЯБРЬ,9,slovo_dictionary,synth_1980,synthetic
СУМАТОХА ЛИЦЕМЕРНЫЙ МИЛЛИОН ОБЕЗЬЯНА,4,slovo_dictionary,synth_1981,synthetic
КЛЕВАТЬ ДОМИНИРУЮЩИЙ ДЕСЯТЬ БОЯТЬСЯ ЛОСЬ АДАПТИВНЫЙ,6,slovo_dictionary,synth_1982,synthetic
ПЛАТА ЗА ВХОД ВЕРНЫЙ ЗВЕРЬ ОТКУСЫВАНИЕ ОКОЛО ОБУЧАТЬ НАКОНЕЦ МЕЖДУ,8,slovo_dictionary,synth_1983,synthetic
НАЧИНАТЬ ОБЫЧНЫЙ СУХОЙ ВОСЕМЬДЕСЯТ ПРЕДЫДУЩИЙ ДОРОГОЙ С,7,slovo_dictionary,synth_1984,synthetic
ЖАЖДУЩИЙ НЕВЕРИЕ ГОРЕ ЕСЛИ СОЖАЛЕТЬ НАВСЕГДА ИНТЕЛЛЕКТУАЛЬНЫЙ,7,slovo_dictionary,synth_1985,synthetic
НИКОГДА СМЕХ НЕДАВНИЙ РОЗОВЫЙ ПОД ПЛАТИТЬ ДЕВЯНОСТО ОТКРЫТЬ БУДУЩЕЕ ВРЕМЯ ПО ГРИНВИЧУ,10,slovo_dictionary,synth_1986,synthetic
СЕМЬДЕСЯТ СКУЧАЮЩИЙ ЛЕНИВЫЙ ЧЕМОДАН,4,slovo_dictionary,synth_1987,synthetic
АДАПТИВНОЕ ПОВЕДЕНИЕ РАЗОЧАРОВАННЫЙ АКТИВНЫЙ ДВА РАЗЪЯРЕННЫЙ СУМАТОХА,6,slovo_dictionary,synth_1988,synthetic
АЛЛИГАТОР ДОМ ОСОБЕННЫЙ,3,slovo_dictionary,synth_1989,synthetic
ДОБРО ПОЖАЛОВАТЬ! НУЖДАТЬСЯ СОБАЧИЙ ДОМИК ГОД ОХОТНО ПОДРОБНО ПОНЕДЕЛЬНИК УПАСТЬ ОБНИМАТЬ,9,slovo_dictionary,synth_1990,synthetic
СМЕШНОЙ РАНО НЕПРОЗРАЧНОСТЬ ЧУЖОЙ САМООБМАН,5,slovo_dictionary,synth_1991,synthetic
ДОМАШНЕЕ ЖИВОТНОЕ СЕСТРА В СПЕШКЕ ПОМОЩНИК ПОВАРА СРАЗУ,5,slovo_dictionary,synth_1992,synthetic
ИЗУЧИТЬ БОЛИТ Ч НЕ,4,slovo_dictionary,synth_1993,synthetic
ТЕ ЖЁСТКИЙ ИЛИ КРОЛИК ВЫХОДНЫЕ С ДНЕМ РОЖДЕНИЯ ДЕШЁВЫЙ,7,slovo_dictionary,synth_1994,synthetic
НАБЛЮДАТЕЛЬНОСТЬ ОВЦА БЫСТРО ПЕРЕВОДИТЬ 6 ЧАСОВ ВСЕ Ё РАНЕЕ,8,slovo_dictionary,synth_1995,synthetic
ЖДАТЬ ЛИЧНЫЕ КАЧЕСТВА ВОЗБУЖДЕННЫЙ,3,slovo_dictionary,synth_1996,synthetic
СТРАШНЫЙ ДАТЬ РАЗУМНЫЙ ГОТОВЫЙ ТВОЙ КРАСИВЫЙ ОКУНАТЬ ДА,8,slovo_dictionary,synth_1997,synthetic
МИНУТА ИНАЧЕ ВОСЕМЬ,3,slovo_dictionary,synth_1998,synthetic
БЫСТРО СМЕЯТЬСЯ В ТО ВРЕМЯ КАК ПРИЕМ ПИЩИ МУЖЕСТВЕННОСТЬ НЕЛОВКИЙ; НЕУКЛЮЖИЙ,6,slovo_dictionary,synth_1999,synthetic
АВГУСТ КРАСИВЫЙ КТО? ВЧЕРА ПОСЛЕДНИЙ ЗАПОЗДАЛЫЙ ГНЕВ ЛОГИЧНЫЙ ОТКЛАДЫВАТЬ ПЛОХО,10,slovo_dictionary,synth_2000,synthetic
ЦВЕТ ИНИЦИАТИВА МИЛЛИОН ТЫ,4,slovo_dictionary,synth_2001,synthetic
ГРУСТНЫЙ Л СОЛНЦЕ ДЕВЯНОСТО ТОЖЕ,5,slovo_dictionary,synth_2002,synthetic
БЫТЬ ГОЛОС Д ИНИЦИАТИВА РЕВНИВЫЙ З ОБЕДАТЬ,7,slovo_dictionary,synth_2003,synthetic
ПОД ВСКРУЖИТЬ ДЕКАБРЬ ПЕРЕВОДИТЬ,4,slovo_dictionary,synth_2004,synthetic
ВЕЧНОСТЬ ЛЮБОВЬ ДЕВЯТЫЙ ГОРОД КУСАТЬ,5,slovo_dictionary,synth_2005,synthetic
ОДИНОКИЙ ДЕШЁВЫЙ СОЧУВСТВИЕ ДЕНЬ И НОЧЬ ИЗУЧИТЬ ЧИСТЫЙ,6,slovo_dictionary,synth_2006,synthetic
НИКТО ВОСХИЩАТЬСЯ РЫДАТЬ ДИНОЗАВР ВЕЩЬ,5,slovo_dictionary,synth_2007,synthetic
ПРЕДЛОЖИТЬ ЗЕЛЁНЫЙ Т УВЕРЕННЫЙ,4,slovo_dictionary,synth_2008,synthetic
СВОБОДНЫЙ ТЕБЕ ИСПУГАННЫЙ ВЕРХ ЖАЖДА ЛИСА,6,slovo_dictionary,synth_2009,synthetic
ЖЁСТКИЙ М ВРАЖДЕБНЫЙ,3,slovo_dictionary,synth_2010,synthetic
ТОГДА СНАЧАЛА КАЛЕНДАРЬ МУЖЕСТВЕННОСТЬ ВИТАМИН ЛУЧШИЙ ВОДА ВДОХНОВЛЯТЬ,8,slovo_dictionary,synth_2011,synthetic
ХЛЕБ ПРЕЗРЕНИЕ ТЕ ПРИВЕТ! КАРАНДАШ РАЗДРАЖАТЬ,6,slovo_dictionary,synth_2012,synthetic
ОЧЕНЬ ДЕВЯНОСТО ГАЗЕТА АМБИЦИОЗНЫЙ,4,slovo_dictionary,synth_2013,synthetic
РАНО БЫТЬ САМОПРОВЕРКА ОТЕЦ РАЗЪЯРЕННЫЙ ДВА ДОВОЛЬНО ОБНИМАТЬ,8,slovo_dictionary,synth_2014,synthetic
КОПЫТО МУРАШКИ УВЕРЕН ОРАНЖЕВЫЙ,4,slovo_dictionary,synth_2015,synthetic
ГНЕЗДО Х ИНТЕРЕСНЫЙ ЧИТАТЬ ЛЕННОСТЬ НОЛЬ ШЕСТОЙ,7,slovo_dictionary,synth_2016,synthetic
ТЁМНЫЙ ВОСЕМЬДЕСЯТ СЧАСТЛИВЫЙ ЧЕТВЕРГ УВЕРЕННЫЙ КРАСНОВАТЫЙ ТРИ,7,slovo_dictionary,synth_2017,synthetic
ВИДЕТЬ КРАТКИЙ ПЕРЕВАРИВАТЬ ВКУС НЕУДОБНО ПО ЧАСАМ ВНУТРЕННЕЕ ВЕЧНОСТЬ 2 ЧАСА,9,slovo_dictionary,synth_2018,synthetic
НИКОГДА СТОЯТЬ ОДНОВРЕМЕННОСТЬ,3,slovo_dictionary,synth_2019,synthetic
ПО ЧАСАМ ДИКОЕ ЖИВОТНОЕ ЕЖИК,3,slovo_dictionary,synth_2020,synthetic
СЛУШАТЬ СИЛЬНЫЙ ВРАЖДЕБНЫЙ ПОЗВОНИТЬ НА СЕРВИС КРАСНОВАТЫЙ,5,slovo_dictionary,synth_2021,synthetic
ЛЕГКИЙ ГРУСТНЫЙ Ъ НАЗАД ЧЕМОДАН ПУТЕШЕСТВИЕ,6,slovo_dictionary,synth_2022,synthetic
ОТВАЖИТЬСЯ НУЖДАТЬСЯ НАРУЖУ СЛАБЫЙ,4,slovo_dictionary,synth_2023,synthetic
ГОРЮЮЩИЙ ОТ РЕЛИГИЯ ИСТЕРИК 6 ЧАСОВ ПОКАЗАТЬ ГРУБЫЙ ФИОЛЕТОВЫЙ ВОЛ,9,slovo_dictionary,synth_2024,synthetic
ЧЕРНЫЙ НАЛОГ КОРОНА СПОСОБ ИНИЦИАТИВА РОЗОВАТО-ЛИЛОВЫЙ,6,slovo_dictionary,synth_2025,synthetic
ФУТБОЛ ПИНГВИН МИР МУЖЕСТВЕННОСТЬ ПОЗВОЛИТЬ,5,slovo_dictionary,synth_2026,synthetic
ДОВОЛЬСТВО ДОЛЖЕН ЯСНЫЙ ОСЕЛ СЕМНАДЦАТЬ ДЕВЯТЫЙ СКОЛЬКО ОЛЕНЬ ДЕНЬ И НОЧЬ МЕСТО ДЛЯ ПИКНИКА,10,slovo_dictionary,synth_2027,synthetic
ВЕЖЛИВЫЙ ДИНОЗАВР МЕНЯ,3,slovo_dictionary,synth_2028,synthetic
ЛЕГКИЙ НАВСЕГДА С ТЕХ ПОР КАК ПОЧКИ ПРОДАТЬ,5,slovo_dictionary,synth_2029,synthetic
ГОД ЗЛОСТЬ ЛУЧШИЙ,3,slovo_dictionary,synth_2030,synthetic
БОЮСЬ РАЗДРАЖАТЬ ЗРЕЛИЩНЫЙ ГОРДОСТЬ ПРЕДЫДУЩИЙ ВЫИГРЫШ ПОЛУЧИТЬ ПОДРОБНО В НАЗАД,10,slovo_dictionary,synth_2031,synthetic
НАД ПАУЧЬЯ СЕТЬ ИМПУЛЬС ПРЕКРАСНЫЙ СЛАБОСТЬ ПОВАР ВЗДРАГИВАТЬ,7,slovo_dictionary,synth_2032,synthetic
УВЕРЕННЫЙ ЦВЕТ ЧЕРНЫЙ ИДТИ,4,slovo_dictionary,synth_2033,synthetic
СОРОК ВНИЗУ ВЕСЕННЯЯ АДАПТИВНОЕ ПОВЕДЕНИЕ,4,slovo_dictionary,synth_2034,synthetic
С ДЕЛАТЬ ВЫВОДЫ НЕОБХОДИМЫЙ СТРАННЫЙ ИНОСТРАННЫЙ РАД ДЕЛАТЬ,7,slovo_dictionary,synth_2035,synthetic
ПАНДА МИНУТА ПОГОДА ПРОЗРАЧНЫЙ,4,slovo_dictionary,synth_2036,synthetic
ВОРОТНИК КАФЕТЕРИЙ МУДРЫЙ ПЯТЬ ВИТАМИН,5,slovo_dictionary,synth_2037,synthetic
МОТИВАЦИЯ ПЛАТА ЗА ВХОД П ИСПЫТЫВАТЬ МЕДУЗА МАЛЬЧИК ЖАДНО ЕСТЬ ЗАСТЕНЧИВЫЙ БЕСПОКОЙНЫЙ ОДОЛЖИТЬ,10,slovo_dictionary,synth_2038,synthetic
ИЗНОШЕННЫЙ ДЛИННЫЙ ПЕРВЫЙ БОРОДА ЛЕГКИЙ ЭТО,6,slovo_dictionary,synth_2039,synthetic
УЖАСНЫЙ ВЫСОКИЙ ТЕПЕРЬ МИЛЫЙ ПОСЫЛАТЬ ОРАНЖЕВЫЙ Й,7,slovo_dictionary,synth_2040,synthetic
ОТЛИЧНЫЙ ВЫСОКИЙ ЗДЕСЬ ЛУЧШИЙ МИНУТА,5,slovo_dictionary,synth_2041,synthetic
САМООБМАН БЛИЗКО ЕСТЬ ДОБРОПОРЯДОЧНОСТЬ СТОЙКОСТЬ ВЕРБЛЮД ИСКРЕННИЙ ОСТРЫЙ Т ОЗАБОЧЕННЫЙ,10,slovo_dictionary,synth_2042,synthetic
БОЯТЬСЯ ОБНИМАТЬ ОТКУСЫВАНИЕ ИСПОЛЬЗОВАТЬ ДОМИНИРУЮЩИЙ СКВОЗЬ ПРОДОЛЖИТЬ ДВЕНАДЦАТЫЙ СЛАБОСТЬ,9,slovo_dictionary,synth_2043,synthetic
ИМ ИНОСТРАННЫЙ ЧЕТЫРЕ ЛЮБОВЬ ЖЕЛАТЬ МЕРТВЫЙ,6,slovo_dictionary,synth_2044,synthetic
В НАСТОЯЩЕЕ ВРЕМЯ ВОЙ ЦЕЛЫЙ ЗАКУСКА ПЕРЕД ЕДОЙ ЗАПОЗДАЛЫЙ ПУТЕШЕСТВИЕ ВРЕМЕННЫЙ РАНО ОДАРЕННЫЙ ВОСКРЕСЕНЬЕ,10,slovo_dictionary,synth_2045,synthetic
РУБЛЬ КОМАР ВЕЗДЕ,3,slovo_dictionary,synth_2046,synthetic
6 ЧАСОВ ОБЕСПОКОЕННЫЙ ВЕСЕЛИТЬСЯ ОБЕДАТЬ,4,slovo_dictionary,synth_2047,synthetic
ВИНА ПОМЕСЬ ЛОГИЧНЫЙ КАФЕТЕРИЙ ГОЛОД,5,slovo_dictionary,synth_2048,synthetic
ВНИЗУ ОТЛИЧНЫЙ НАС ЗНАЧИТ ОБЛАДАТЬ АДАПТИВНЫЙ ПРИЕМ ПИЩИ РУЧКА Ч АДАПТИВНОЕ ПОВЕДЕНИЕ,10,slovo_dictionary,synth_2049,synthetic
ОТТЕНОК КАФЕ ВОПРОС РАССТРОЕННЫЙ,4,slovo_dictionary,synth_2050,synthetic
НАЗНАЧЕННОЕ ВРЕМЯ АДАПТИВНОСТЬ СУМАТОХА ВРЕМЯ ПО ГРИНВИЧУ НЕВОЗМОЖНЫЙ ЗРЕЛИЩНЫЙ,6,slovo_dictionary,synth_2051,synthetic
НОЛЬ НОВОСТИ ПОМОЧЬ,3,slovo_dictionary,synth_2052,synthetic
ОПЯТЬ Я БЫТЬ ПОТРЯСЕННЫМ ДОЛЖЕН МЕДВЕДЬ ПОПУГАЙ ЕЩЕ ВОСЕМНАДЦАТЬ СМЕЛОСТЬ ВАШ,10,slovo_dictionary,synth_2053,synthetic
СМИРИТЬСЯ ПРОДАТЬ ВЛЮБЛЕННЫЙ ГЛОТАТЬ,4,slovo_dictionary,synth_2054,synthetic
ДИЕТА КРАСНЫЙ ЖАЖДА ТРУС САМООСОЗНАНИЕ ПОКАЗАТЬ БЫСТРО ИМЯ НЕ ДЕЛАТЬ МЕЛКИЙ ГЛОТОК,10,slovo_dictionary,synth_2055,synthetic
ПОЧВА РАССЛАБИТЬСЯ ЧАС ВНИЗУ НЕМЕДЛЕННО РОГА В ЭТОМ ГОДУ ДОМИНИРУЮЩИЙ СПОКОЙНЫЙ СЕГОДНЯ,10,slovo_dictionary,synth_2056,synthetic
НАМ ВОЗМОЖНО ДВА ИНИЦИАТИВА ПРОДЛЕНИЕ ПОГОДА ТОЧНО ИЗУЧИТЬ ВОСЬМОЙ СКОРО,10,slovo_dictionary,synth_2057,synthetic
ЧЕТВЕРТЫЙ ШЕСТЬДЕСЯТ ПИСЬМО,3,slovo_dictionary,synth_2058,synthetic
ВРЕД ИНТЕРЕСНЫЙ КНИГА ОСТОРОЖНЫЙ,4,slovo_dictionary,synth_2059,synthetic
МЕСТО Ц ШУТИТЬ СЧАСТЛИВЫЙ ЛИСА ЧЕТВЕРГ БЫВШИЙ,7,slovo_dictionary,synth_2060,synthetic
КОЗЕЛ ЕСТЬ ПОЛОЖИТЕЛЬНЫЙ ПОМОЧЬ СЛАБЫЙ КРАСИВЫЙ ВОЗБУЖДЕННЫЙ СВИСТОК ОБЪЕКТИВНЫЙ,9,slovo_dictionary,synth_2061,synthetic
ПИТЬ ОБРАЗОВАННЫЙ НЕЛОВКИЙ; НЕУКЛЮЖИЙ СЕМЬЯ ДВЕСТИ В НАСТОЯЩЕЕ ВРЕМЯ ПРАВША СЕМЬ ОСОБЕННО БЕСПОКОИТЬСЯ,10,slovo_dictionary,synth_2062,synthetic
ПЕРЕД ОТТЕНОК ГОЛОДНЫЙ ПОЛОЖИТЕЛЬНЫЙ ДРУГОЙ ДЯТЕЛ ПОЛНЫЙ ДОМИНИРУЮЩИЙ,8,slovo_dictionary,synth_2063,synthetic
ЧАСТЬ ЗЛОЙ ЭТИ ТЕБЕ ПЯТНАДЦАТЬ СОЧУВСТВИЕ РЫБА,7,slovo_dictionary,synth_2064,synthetic
СЕМЬСОТ ЛЮБИТЬ ДЕЛАТЬ МЕЛКИЙ ГЛОТОК МИНУТА,4,slovo_dictionary,synth_2065,synthetic
ПУТЕШЕСТВОВАТЬ ВОСХОД СОЛНЦА ВЫ ОТВАЖИТЬСЯ ТАКОЙ ЕЩЕ НЕТ САМООБМАН КРАТКИЙ ПОСТЕПЕННО,9,slovo_dictionary,synth_2066,synthetic
ЖЁСТКИЙ НЕОБХОДИМЫЙ НЕВЕРИЕ ВАМ ВЕСЕННЯЯ МЕСТО ДЛЯ ПИКНИКА ОСТАВИТЬ Г ЗЛОСТЬ,9,slovo_dictionary,synth_2067,synthetic
ВЫРУЧИТЬ ДА БАБОЧКА ДОМ ИЛИ БЕСПОКОЯЩИЙ СЕМЬДЕСЯТ РАЗУМНЫЙ,8,slovo_dictionary,synth_2068,synthetic
Э ПРОДУМАННЫЙ ПРЕЗРЕНИЕ,3,slovo_dictionary,synth_2069,synthetic
КНИГА РАССЕЯННЫЙ ЛЮДИ ИЗМЕНИТЬ ЗАБРАТЬ ЗНАЧИТ ЗЛОЙ КОПЫТО ДОВОЛЬСТВО ТОЖЕ,10,slovo_dictionary,synth_2070,synthetic
БОЯТЬСЯ СТРАДАНИЕ ЛИЦО ЛИЦЕМЕРНЫЙ ДОБРОТА ТОРЖЕСТВЕННЫЙ,6,slovo_dictionary,synth_2071,synthetic
ПЯТЬДЕСЯТ ВОЗБУЖДЕНИЕ ОСТРОУМИЕ ДЕТСКИЙ МИЛОСЕРДНЫЙ БЛАГОГОВЕНИЕ,6,slovo_dictionary,synth_2072,synthetic
ОЛЕНЬ ПЛАКАТЬ Х НАЛОГ СОЛНЦЕ КУСОК ОТКРЫТЬ ЧЕЛОВЕК ДЛИННЫЙ,9,slovo_dictionary,synth_2073,synthetic
ВСЁ ПОКРАСНЕТЬ КНИГА ГОРЕВАТЬ МЫТЬ,5,slovo_dictionary,synth_2074,synthetic
ОШАРАШЕННЫЙ ПОСЛЕ НЕНАВИДЕТЬ БУДУЩЕЕ НАДОЕЛО РАЗОЧАРОВАННЫЙ ДЕВЯНОСТО ПТИЦА ИЗМЕНИТЬ,9,slovo_dictionary,synth_2075,synthetic
ЖУТКИЙ КРЕВЕТКА МИНУТА ГОЛОД ПОЧКИ ПАУК ЗАКРЫТЬ ТЕБЯ ПИСАТЬ,9,slovo_dictionary,synth_2076,synthetic
ЕЖЕДНЕВНЫЙ ВАМ ТАКОЙ ВИТАМИН РЕБЯЧЕСКИЙ КОРМИТЬ РАЗЪЯРЕННЫЙ ТЫСЯЧА ПРИБЫВАТЬ,9,slovo_dictionary,synth_2077,synthetic
КРОТОСТЬ МЕРТВЫЙ СКУЧАЮЩИЙ ЛЕТО РВЕНОСТЬ ИЗМЕНИТЬ,6,slovo_dictionary,synth_2078,synthetic
ЧЕТЫРЕСТА ВЕСЕЛИТЬСЯ ДАТЬ ВОСЕМЬСОТ ЦВЕТА ТОЧНО,6,slovo_dictionary,synth_2079,synthetic
САМООСОЗНАНИЕ ДОЧЬ ПРОНЫРА ОТЧАЯТЬСЯ,4,slovo_dictionary,synth_2080,synthetic
ОТКРЫТЬ РАССТРОЙСТВО МАЛЕНЬКИЙ НАПУГАННЫЙ ЗАВИСТЬ,5,slovo_dictionary,synth_2081,synthetic
СТРАХ РАД ПРИВЫК ПОДОЗРЕВАТЬ НОЯБРЬ АМБИЦИОЗНЫЙ ДЕШЁВЫЙ,7,slovo_dictionary,synth_2082,synthetic
СТАРЫЙ ДВЕ ТЫСЯЧИ ВИНА ДЕВЯТЬ ЗЛО,5,slovo_dictionary,synth_2083,synthetic
ВЕСЕННЯЯ ОТНОШЕНИЕ ТВОЙ ИНТЕРЕСНЫЙ ОДНОВРЕМЕННОСТЬ,5,slovo_dictionary,synth_2084,synthetic
С ТЕХ ПОР КАК КОРОТКИЙ НЕВИНОВНЫЙ ВАШ СТРАДАТЬ ТРИДЦАТЬ КРЫЛО ДОРОГОЙ РАСПРЕДЕЛЯТЬ НЕОЖИДАННЫЙ,10,slovo_dictionary,synth_2085,synthetic
БАШЕННЫЕ ЧАСЫ ПУТЕШЕСТВИЕ ОСТАНОВИТЬСЯ ТРУС ВИДЕТЬ,5,slovo_dictionary,synth_2086,synthetic
КОРОВА СОЖАЛЕТЬ ОТЛОЖИТЬ ТЫ ВЗЯТЬ М,6,slovo_dictionary,synth_2087,synthetic
ТИГР СВЕРХУ НАПРАВЛЕНИЕ БУТЫЛКА БОЛИТ,5,slovo_dictionary,synth_2088,synthetic
ЦЕЛЫЙ ЖЁСТКИЙ ИЗУЧИТЬ ЖЕНСКИЙ ТУАЛЕТ ОБУЧАТЬ ОБЕСПОКОЕННЫЙ КРЕСТ ПОЗВОНИТЬ НА СЕРВИС,8,slovo_dictionary,synth_2089,synthetic
ПОТОМ ОБЕСПОКОЕННЫЙ БЕСПОКОИТЬСЯ РЕЛИГИЯ ВНИЗУ ВЕРБЛЮД ЗООПАРК ОДИННАДЦАТЫЙ РАСПИСАНИЕ СОБИРАТЬ,10,slovo_dictionary,synth_2090,synthetic
ВРЕМЯ ПО ГРИНВИЧУ ПОСЛЕДНИЙ ДИНОЗАВР ПОСЫЛАТЬ,4,slovo_dictionary,synth_2091,synthetic
"ВРЕМЯ ДОМИНИРУЮЩИЙ СНАЧАЛА НЕРАДИВЫЙ ДИНОЗАВР НЕЖНЫЙ, МЯГКИЙ",6,slovo_dictionary,synth_2092,synthetic
ПЕРО РЕСТОРАН ВЕЧНОСТЬ ОДОЛЖИТЬ ЧАСТО АГРЕССИЯ НЕМНОГО ОКУНАТЬ РОЗОВАТО-ЛИЛОВЫЙ ДВЕНАДЦАТЬ,10,slovo_dictionary,synth_2093,synthetic
ОТВЕТСТВЕННЫЙ ЕЩЕ ОБЛЕГЧЕНИЕ ИХ МЕСТО МУДРЫЙ ДЕВОЧКА НАДОЕЛО ПОТРЯСАЮЩИЙ,9,slovo_dictionary,synth_2094,synthetic
НЕМНОГО ДУМАТЬ РАДОСТНЫЙ РЕДКО БЕЗУМНО ВЕЖЛИВЫЙ РАЗДРАЖАТЬ,7,slovo_dictionary,synth_2095,synthetic
НЕУВАЖЕНИЕ КОЗЕЛ ПТИЦА БЫСТРЫЙ СКОРБЕТЬ КОГОТЬ,6,slovo_dictionary,synth_2096,synthetic
НАЧАТЬ ПРЕДЫДУЩИЙ ОСТАВИТЬ ТЕБЯ ПОНЕДЕЛЬНИК ЛУЧШЕ МЕНЯ МНЕ РАНО БЕГЕМОТ,10,slovo_dictionary,synth_2097,synthetic
КОРМИТЬ ИСПОРЧЕННЫЙ ЛОГИЧНЫЙ ПТИЦА МИЛЛИОН ЗАВТРА ПО ЧАСАМ З КАНУН,9,slovo_dictionary,synth_2098,synthetic
НАЧИНАТЬ ПОСЫЛАТЬ ЖАРКИЙ,3,slovo_dictionary,synth_2099,synthetic
ХОРОШО МАЛЕНЬКИЙ ОБЛАДАТЬ РАССЕЯННЫЙ 7:45,5,slovo_dictionary,synth_2100,synthetic
ЧЕМОДАН ВЕЛИКИЙ СТОЯТЬ ВОСКРЕСЕНЬЕ ПЕРЕВОДИТЬ БЕЛКА СЕРЫЙ ШЕСТНАДЦАТЬ ЛУЧШЕ,9,slovo_dictionary,synth_2101,synthetic
В ТО ВРЕМЯ КАК ВИЛЯТЬ БОЮСЬ КОШКА ГОЛОДНЫЙ ЗЛОБНЫЙ САМОМНЕНИЕ ЗНАЧИТ ОБУЧАТЬ СВЕТ,10,slovo_dictionary,synth_2102,synthetic
АНИМАТОР СМИРИТЬСЯ ОТВРАЩЕНИЕ НИКТО АЛЛЕРГИЯ НА ЕДУ НРАВИТЬСЯ ПУТЕШЕСТВОВАТЬ,7,slovo_dictionary,synth_2103,synthetic
ВЕЩЬ КАРАНДАШ ЛЮБОВЬ СОЖАЛЕНИЕ М,5,slovo_dictionary,synth_2104,synthetic
ДИСТРЕСС КЛЕВАТЬ СЕРДЦЕ ВЕЛИКИЙ НЕОЖИДАННЫЙ,5,slovo_dictionary,synth_2105,synthetic
НОВЫЙ ВОЙ КРЕСТ СНАЧАЛА СВИНЬЯ СТОЯТЬ ВЕРБЛЮД ОТТЕНОК КЛЮЧ,9,slovo_dictionary,synth_2106,synthetic
МУЖЧИНА СОГЛАСНО СИНИЙ МИЛЫЙ ЧАСЫ ЕЖЕДНЕВНЫЙ ОТТЕНОК,7,slovo_dictionary,synth_2107,synthetic
ДОМАШНЕЕ ЖИВОТНОЕ КРОЛИК ВРЕМЯ СВИНЬЯ ОТНОШЕНИЕ ОТВАЖИТЬСЯ ЗДЕСЬ СУМАТОХА ДРОЖАТЬ ЗАДЕРЖИВАТЬ,10,slovo_dictionary,synth_2108,synthetic
ХУДШИЙ ОТ АНИМАТОР,3,slovo_dictionary,synth_2109,synthetic
НАЗАД РЫДАТЬ ДЕВЯТЫЙ ЗВУК ДЛИННЫЙ Н ДОРОГОЙ ВЕСЬ ПЕТЬ ЧАС,10,slovo_dictionary,synth_2110,synthetic
ЧЕЛОВЕК НАЙТИ СТОЯТЬ УРОНИТЬ АМБИЦИОЗНЫЙ Ц РОТ ДВА НАКРЫВАТЬ НА СТОЛ ГОРЕВАТЬ,10,slovo_dictionary,synth_2111,synthetic
ПУСТОЙ ВИТАМИН П КУПИТЬ ПРИВЕТ! ГНЕЗДО НЕНАВИДЕТЬ,7,slovo_dictionary,synth_2112,synthetic
НЕДОВОЛЬНЫЙ ТАМ СМУЩЕННЫЙ БЕЛЫЙ МЕСТО ДЛЯ ПИКНИКА ИСПОЛЬЗОВАТЬ В НАСТОЯЩЕЕ ВРЕМЯ,7,slovo_dictionary,synth_2113,synthetic
СКВОЗЬ ЧЕМОДАН ДИСТРЕСС СНАЧАЛА ОБЛАДАТЬ ТРИСТА КРАСИВЫЙ БЫТЬ ЖЕВАТЬ ОТЧАЯННЫЙ,10,slovo_dictionary,synth_2114,synthetic
ЧЕТЫРЕ УТРО Ь,3,slovo_dictionary,synth_2115,synthetic
ИНИЦИАТИВА БОЛЬШОЙ ЯСНЫЙ ПРОДЛЕНИЕ Ш ТЯЖЁЛЫЙ КРОТОСТЬ СИНИЙ ДОМ ПОД,10,slovo_dictionary,synth_2116,synthetic
ОТТЕНОК ДРОЖАТЬ РЫДАТЬ СНАЧАЛА ЕХАТЬ ЛЕВ ВЫСОКИЙ ПОСТЕПЕННО РАССЕРДИТЬСЯ,9,slovo_dictionary,synth_2117,synthetic
ВЕРХ ДРУГ ТЕРПЕНИЕ ПО ЧАСАМ ЛИСА ХОРОШИЙ ОТРИЦАТЕЛЬНЫЙ НЕРАДИВЫЙ САРКАЗМ,9,slovo_dictionary,synth_2118,synthetic
ЧЕТЫРЕ МУЖ ЖЕЛАНИЕ ПРЕДЛОЖИТЬ ТОСТ ЗАКУСКА ПЕРЕД ЕДОЙ ОСТАТЬСЯ КАРТИНА ВОСЕМЬСОТ ОБЫЧНЫЙ ИЗ-ЗА,10,slovo_dictionary,synth_2119,synthetic
НИЗКИЙ ОТ КРЕВЕТКА ЖАЛОСТЬ ДЕВОЧКА ВОЙ,6,slovo_dictionary,synth_2120,synthetic
БЫСТРЫЙ ОКУНАТЬ ВИТАМИН РАЗУМНЫЙ МАЛЕНЬКИЙ АЛЛИГАТОР МОДНЫЙ ТРИ ТЫСЯЧИ Г РОЗОВАТО-ЛИЛОВЫЙ,10,slovo_dictionary,synth_2121,synthetic
МЕРТВЫЙ ИСПУГАННЫЙ ПРАГМАТИЧНЫЙ,3,slovo_dictionary,synth_2122,synthetic
ЗАБОТА СЛЕДОВАЛО ОСТАТЬСЯ,3,slovo_dictionary,synth_2123,synthetic
ДВЕНАДЦАТЬ НЕРАДИВЫЙ НРАВСТВЕННОСТЬ МГНОВЕНИЕ,4,slovo_dictionary,synth_2124,synthetic
ПРОЗРАЧНЫЙ ПИСЬМО ОДИНОКИЙ СОБИРАТЬ НОЧЬ НЕМЕДЛЕННЫЙ,6,slovo_dictionary,synth_2125,synthetic
ТВОЙ БЛИЗКО ТРИДЦАТЬ БЫСТРЫЙ,4,slovo_dictionary,synth_2126,synthetic
РАДОСТНЫЙ Ю ФИОЛЕТОВЫЙ НЕУДОБСТВО,4,slovo_dictionary,synth_2127,synthetic
"АКУЛА МОТИВИРОВАТЬ НЕЖНЫЙ, МЯГКИЙ ЧЕТЫРНАДЦАТЬ ВОСЬМОЙ НАГЛОСТЬ",6,slovo_dictionary,synth_2128,synthetic
ПОСЛЕДНИЙ ОДЕЖДА ДВЕНАДЦАТЫЙ НАЙТИ ЦЕЛЫЙ ИНИЦИАТИВА ПЛАТИТЬ СЛАБЫЙ ПОЧКИ ПО ЧАСАМ,10,slovo_dictionary,synth_2129,synthetic
Ф ИСКАТЬ ШЕСТЬДЕСЯТ ТРЕТИЙ ПЕРО ОДИННАДЦАТЫЙ ЖЕНА,7,slovo_dictionary,synth_2130,synthetic
БУТЫЛКА ОТЕЦ НЕПРЕКЛОННЫЙ КРАТКИЙ НЕ ВЫНОСИТЬ ПЯТЫЙ,6,slovo_dictionary,synth_2131,synthetic
НАПРАВЛЕНИЕ НАДЕЯТЬСЯ ЧАСТО КНИГА НАДЕЖДА,5,slovo_dictionary,synth_2132,synthetic
ЕЩЕ ЧЕТЫРЕСТА ДЕШЁВЫЙ СТРАСТЬ ВВЕРХ НАКРЫВАТЬ НА СТОЛ ГОЛОВА ДЕРЖАТЬ ЧАСЫ,9,slovo_dictionary,synth_2133,synthetic
НАХАЛЬНЫЙ КОРИЧНЕВЫЙ НРАВСТВЕННОСТЬ СТРОГИЙ ТЫ СОРОК КРОКОДИЛ НЕ ВЫНОСИТЬ ДОВОЛЬНЫЙ,9,slovo_dictionary,synth_2134,synthetic
ДИЕТА МЕСТО НЕВИНОВНЫЙ ОРАНЖЕВЫЙ МИЛОСЕРДНЫЙ ОДЕРЖИМЫЙ СМЕШНОЙ,7,slovo_dictionary,synth_2135,synthetic
НАКОНЕЦ-ТО НАЙТИ БАБОЧКА ЖЕВАТЬ ЗВУК ОЖИВЛЕННЫЙ,6,slovo_dictionary,synth_2136,synthetic
БОЛЬ РАССЛАБЛЕНИЕ ВРЕМЕННЫЙ ШЕСТОЙ МЕЖДУ ТЕМ КОРОВА БЕСПОКОИТЬСЯ ВСКРУЖИТЬ,8,slovo_dictionary,synth_2137,synthetic
ГЛУПЫЙ ОСЕНЬ ТРИНАДЦАТЬ,3,slovo_dictionary,synth_2138,synthetic
О ДАТЬ ПЛАТИТЬ ЛЮБОПЫТНЫЙ ЦЕНА С ДНЕМ РОЖДЕНИЯ ОБЕСПОКОЕННЫЙ НЕСЧАСТЬЕ,8,slovo_dictionary,synth_2139,synthetic
СРОЧНЫЙ ПОЗОР РАДОСТЬ ДВЕ НЕДЕЛИ КОЗЕЛ СОТЫ ГОРДЫЙ 2 ЧАСА ДЕЛАТЬ ГОРДОСТЬ,10,slovo_dictionary,synth_2140,synthetic
БУДУЩЕЕ СПОСОБ КРАСИВЫЙ ВЕРБЛЮД ВНИЗ ДЕВЯТНАДЦАТЬ,6,slovo_dictionary,synth_2141,synthetic
РЕСТОРАН БУМАГА ИГРАТЬ СПРОСИТЬ АККУРАТНЫЙ ВОСЕМЬ,6,slovo_dictionary,synth_2142,synthetic
БЛАГОДАРНОСТЬ ПРИВЕТ! ВОСЕМЬСОТ ИСТЕРИК ОПАСНЫЙ,5,slovo_dictionary,synth_2143,synthetic
ТЁПЛЫЙ СМУЩЕННЫЙ ОСОБЕННЫЙ ВЫСОКИЙ,4,slovo_dictionary,synth_2144,synthetic
ОТТЕНОК Щ ПРЕЗИРАТЬ Ж ОДИННАДЦАТЫЙ ДОСТАТОЧНО ЛЕВ,7,slovo_dictionary,synth_2145,synthetic
ДВЕ ТЫСЯЧИ ОТЛОЖИТЬ МАТЬ,3,slovo_dictionary,synth_2146,synthetic
НЕ БЛАГОПОЛУЧИЕ ВОПРОС ОПЯТЬ ВВЕРХ БЛИЗКО ТОЧНО КОРОНА ТЁПЛЫЙ,9,slovo_dictionary,synth_2147,synthetic
ВЧЕРА ПУТЕШЕСТВИЕ ТЁПЛЫЙ ЖЕНАТ,4,slovo_dictionary,synth_2148,synthetic
ТРУСЛИВО ТЕБЕ ЧАСТО ИНОСТРАННЫЙ,4,slovo_dictionary,synth_2149,synthetic
РАЗГНЕВАННЫЙ МАЛЕНЬКИЙ РАЗРЫДАТЬСЯ СЕРЫЙ СЕРЕБРО ЗРЕЛИЩНЫЙ КОМНАТА,7,slovo_dictionary,synth_2150,synthetic
ТЕПЕРЬ НАРОД ОБЕЗЬЯНА ЖАЛОСТЬ КАРАНДАШ ЖЕНАТ НАКОНЕЦ НЕУДОБСТВО,8,slovo_dictionary,synth_2151,synthetic
ЧЕТЫРЕ ТЫСЯЧИ РОЗОВАТО-ЛИЛОВЫЙ ПОВЕРХНОСТНЫЙ ДВАЖДЫ ИСПОРЧЕННЫЙ ВРЕМЯ ПО ГРИНВИЧУ ПАУК ВЗЯТЬ КУПИТЬ,9,slovo_dictionary,synth_2152,synthetic
ЖИЗНЬ ОТЛОЖИТЬ БУТЫЛКА,3,slovo_dictionary,synth_2153,synthetic
ПОКРАСНЕТЬ ДВЕНАДЦАТЬ АГРЕССИВНЫЙ ОТЧАЯТЬСЯ ВОСХИЩАТЬСЯ КРАТКИЙ ПОДРУГА,7,slovo_dictionary,synth_2154,synthetic
ОБЛАДАТЬ БЛАГОДАРНОСТЬ ВРЕМЯ ДЛЯ ИЗМЕРЕНИЙ ИНИЦИАТИВА ОШИБКА ЧАСЫ СВИСТОК СТРАДАТЬ ЖАЖДА,9,slovo_dictionary,synth_2155,synthetic
ЗООПАРК СПРОСИТЬ НЕОБХОДИМЫЙ НЕВЕРИЕ ВЕЧНОСТЬ ЦВЕТОВОЙ ОТТЕНОК ВОЗБУЖДЕНИЕ ДОВОЛЬСТВО МИЛЫЙ ТЕПЕРЬ,10,slovo_dictionary,synth_2156,synthetic
ПОЧЕМУ ОТВЕТИТЬ ТАКОЙ ПОД ВЕЗДЕ ОКТЯБРЬ РАССТРОЕННЫЙ САМООСОЗНАНИЕ РАДОСТНЫЙ,9,slovo_dictionary,synth_2157,synthetic
ОКТЯБРЬ ПРИЙТИ Л ЛЕЖАТЬ КЛЮВ ВОДА НОВЫЙ ЗАЯЦ СЧАСТЬЕ ИЗВЕСТНЫЙ,10,slovo_dictionary,synth_2158,synthetic
ДОЛЖЕН ДОМАШНЕЕ ЖИВОТНОЕ НАБЛЮДАТЕЛЬНОСТЬ ГОРОД БЕЗРАЗЛИЧИЕ,5,slovo_dictionary,synth_2159,synthetic
ВЫХОДНЫЕ ХОТЕТЬ СЕМЬ ИСКАТЬ БОЛЬШОЙ,5,slovo_dictionary,synth_2160,synthetic
ПОВЕРХНОСТНЫЙ ПРОДОЛЖИТЕЛЬНОСТЬ КРЕСТ ТЁМНЫЙ ИХ СВЕТ,6,slovo_dictionary,synth_2161,synthetic
КОМАР ПРЕНЕБРЕЖЕНИЕ РАДОСТЬ ВОЗРАДОВАТЬСЯ ОСТАНОВИТЬСЯ ОТРИЦАТЕЛЬНЫЙ НАКОНЕЦ В ЭТОМ ГОДУ МЫ,9,slovo_dictionary,synth_2162,synthetic
ВЫСОКОМЕРНЫЙ ДЕЛАТЬ МОТИВАЦИЯ НАЧИНАТЬ ИСТЕРИК ИСПУГ ТРИНАДЦАТЬ ОЖИДАТЬ,8,slovo_dictionary,synth_2163,synthetic
НАМ СЕМЬДЕСЯТ ЦВЕТОВОЙ ОТТЕНОК В ТО ВРЕМЯ КАК ШЕСТОЙ ВЛЮБИТЬСЯ КУСАТЬ,7,slovo_dictionary,synth_2164,synthetic
ГОРЕ БЕЛЫЙ НЕУДОБСТВО БЫСТРО,4,slovo_dictionary,synth_2165,synthetic
ЗНАТЬ ВИНА ЛИЦО,3,slovo_dictionary,synth_2166,synthetic
ЕЙ РЕДКО БЕСПОКОЙНЫЙ Ш,4,slovo_dictionary,synth_2167,synthetic
СТОЯТЬ ЛЮБОВЬ НИКОГДА,3,slovo_dictionary,synth_2168,synthetic
ЛАНЧ РЫЧАТЬ САМОПРОВЕРКА ДВЕНАДЦАТЬ,4,slovo_dictionary,synth_2169,synthetic
ПРАВЫЙ НАДОЕЛО ЗОЛОТОЙ УРОНИТЬ,4,slovo_dictionary,synth_2170,synthetic
СЛОН ПРОЩАНИЕ КРАСНЫЙ МИНУТА ОДИННАДЦАТЬ,5,slovo_dictionary,synth_2171,synthetic
ЛЕТУЧАЯ МЫШЬ ВСТРЕТИТЬ ПРИВЫК САМООСОЗНАНИЕ ИЗМОЖДЕННЫЙ ВРАЖДЕБНЫЙ К НЕ ВЫНОСИТЬ СВЕРХУ,9,slovo_dictionary,synth_2172,synthetic
ОСТАВИТЬ УТРО СВИСТОК,3,slovo_dictionary,synth_2173,synthetic
ОБЕСПОКОЕН С ОТКРЫТЬ ЛЕТО ЛЕВ,5,slovo_dictionary,synth_2174,synthetic
РВЕНОСТЬ КОРОТКИЙ ТЁМНЫЙ КОШКА ГОРДОСТЬ КРАТКИЙ,6,slovo_dictionary,synth_2175,synthetic
САМООСОЗНАНИЕ БЕСПОКОИТЬСЯ ВЫ ОСНОВНОЙ ЦВЕТ ИЗМЕНИТЬ,5,slovo_dictionary,synth_2176,synthetic
ПЯТНАДЦАТЬ МЕДВЕДЬ ПРЕКРАСНЫЙ СЕМЬДЕСЯТ ДОБРОТА СУББОТА,6,slovo_dictionary,synth_2177,synthetic
МЯТЕЖНЫЙ ИЗУЧИТЬ ОШАРАШЕННЫЙ А БЛИЗКО ЖЕЛАНИЕ,6,slovo_dictionary,synth_2178,synthetic
ГОЛОДНЫЙ ПОДАВЛЕННЫЙ ДЕВЯТЫЙ ВОСЕМЬСОТ,4,slovo_dictionary,synth_2179,synthetic
ДРУЖЕЛЮБНЫЙ СВИСТОК ЖЕНА СКВОЗЬ СЛАБЫЙ,5,slovo_dictionary,synth_2180,synthetic
У НЕСКОЛЬКО ВЕСЕННЯЯ СОГЛАСНО ПРОДОЛЖИТЬ ЧЕТЫРЕ ТЫСЯЧИ МЯТЕЖНЫЙ ТЕ,8,slovo_dictionary,synth_2181,synthetic
МЕРТВЫЙ ПИТЬ УЛИЦА ЛЕЧЬ СВЕТ НАД ДОЛЖЕН,7,slovo_dictionary,synth_2182,synthetic
БЕГЕМОТ ЗООПАРК ЖЕЛАТЬ ОКТЯБРЬ НЕНАВИДЕТЬ СКУЧНЫЙ ВОЗРАДОВАТЬСЯ НЕРВНЫЙ БАНКЕТ НРАВИТЬСЯ,10,slovo_dictionary,synth_2183,synthetic
АМБИЦИОЗНЫЙ ДИСТРЕСС ДОСТАТОЧНО КОГДА,4,slovo_dictionary,synth_2184,synthetic
ИМЯ НАС ГОРЮЮЩИЙ БЫТЬ БЫСТРЫЙ ЗЛОБНЫЙ,6,slovo_dictionary,synth_2185,synthetic
ОСТАНОВИТЬСЯ ОДИН ЗАНЯТЫЙ ЧЕТЫРЕ СПОКОЙНЫЙ,5,slovo_dictionary,synth_2186,synthetic
ЗЕЛЁНЫЙ ПИСЬМО ИНИЦИАТИВА БАНКЕТ ВЧЕРА СОТЫ ЗВУК ТРИСТА ИСПЫТЫВАТЬ,9,slovo_dictionary,synth_2187,synthetic
МУЖЧИНА СЛАБОСТЬ СЧАСТЛИВЫЙ ОДОЛЖИТЬ,4,slovo_dictionary,synth_2188,synthetic
ДВЕ НЕДЕЛИ СТРАШНЫЙ СПРОСИТЬ НОВОСТИ ЗЛО БЕЗУМНО,6,slovo_dictionary,synth_2189,synthetic
ДОВОЛЕН СМЕЛОСТЬ ПОСЛЕ ПУТЕШЕСТВИЕ,4,slovo_dictionary,synth_2190,synthetic
ПОМЕСЬ ГОРЕ МНЕ ЧУЖОЙ ГРУБЫЙ,5,slovo_dictionary,synth_2191,synthetic
В ПОКА В ВОСЕМЬ ПЯТНАДЦАТЬ,3,slovo_dictionary,synth_2192,synthetic
ДЕЛЬФИН ПРОДОЛЖИТЕЛЬНОСТЬ ЛЕННОСТЬ ИНИЦИАТИВА НЕВИНОВНЫЙ НАЙТИ ПОМОЧЬ ОШИБКА КРЕСТ,9,slovo_dictionary,synth_2193,synthetic
ПОСЛЕДНИЙ П РЕБЯЧЕСКИЙ ПРИНЕСТИ ТРИ ТЫСЯЧИ СОБАКА НАДЕЯТЬСЯ УВЕРЕННЫЙ ЛУЧШИЙ ВТОРНИК,10,slovo_dictionary,synth_2194,synthetic
ЖАРИТЬ БЫВШИЙ ЗАПАД РЕДКО ЖИЗНЬ ПОЛОЖИТЕЛЬНЫЙ САМООСОЗНАНИЕ ДЕНЬ И НОЧЬ РАЗГНЕВАННЫЙ,9,slovo_dictionary,synth_2195,synthetic
ДЕСЯТЫЙ АКТИВНЫЙ ЖАДНЫЙ,3,slovo_dictionary,synth_2196,synthetic
БЕГЕМОТ КОЗА ТРИСТА ДЕТСКИЙ ОБЛЕГЧЕНИЕ ПОНЯТЬ МОЧЬ ОБЪЕКТИВНЫЙ,8,slovo_dictionary,synth_2197,synthetic
ПИНГВИН МУРАШКИ БЕСПОКОЯЩИЙ,3,slovo_dictionary,synth_2198,synthetic
ДОБРОТА ПРОЩАНИЕ СКРОМНЫЙ,3,slovo_dictionary,synth_2199,synthetic
ПОЛНЫЙ НАЗАД СКОРО ОПАСНЫЙ ПОКА (ЧТО) МИЛЕНЬКИЙ АДАПТИВНОЕ ПОВЕДЕНИЕ,7,slovo_dictionary,synth_2200,synthetic
СЫН СУХОЙ ВЕРИТЬ СТАРЫЙ ИСПУГАННЫЙ ПРИВЫК МОЙ КРАСИВЫЙ ПУТЕШЕСТВОВАТЬ БАШЕННЫЕ ЧАСЫ,10,slovo_dictionary,synth_2201,synthetic
ИЛИ ЮГ ШУТИТЬ ГЛАЗ НАДЕЯТЬСЯ ИСПУГ ГОЛОС,7,slovo_dictionary,synth_2202,synthetic
МОТИВАЦИЯ ПЕТЬ С ДНЕМ РОЖДЕНИЯ БЫСТРЫЙ,4,slovo_dictionary,synth_2203,synthetic
ЧЕТЫРНАДЦАТЬ МОДНЫЙ САМООБМАН КУСОК ЛЮБОВНЫЙ ДЕСЯТЫЙ Ч ДОБРОТА ТЕПЕРЬ,9,slovo_dictionary,synth_2204,synthetic
ПОЛОЖИТЕЛЬНЫЙ ПЛАВНИК НЕУВАЖЕНИЕ,3,slovo_dictionary,synth_2205,synthetic
ТРЕТИЙ Х МИЛЕНЬКИЙ КАРТИНА Щ ПАУЧЬЯ СЕТЬ ПРИЕМ ПИЩИ ИСПУГ,8,slovo_dictionary,synth_2206,synthetic
КЛЕТКА ЕХАТЬ ХОТЕТЬ ОКОЛО НИКОГДА КРЫЛО ЖЁСТКИЙ ВЫРУЧИТЬ,8,slovo_dictionary,synth_2207,synthetic
ВЕСЕЛИТЬСЯ ОСТРЫЙ ВРЕМЯ ДЛЯ ИЗМЕРЕНИЙ ЧУВСТВОВАТЬ ВОЛК МАТЬ НАШ,7,slovo_dictionary,synth_2208,synthetic
СЛИШКОМ КУВШИН ПЯТЬДЕСЯТ 7:45 УВЕРЕННЫЙ ИСПОЛЬЗОВАТЬ НЕ РАССЛАБИТЬСЯ ЗАЯЦ НАЙТИ,10,slovo_dictionary,synth_2209,synthetic
ПОЛУЧИТЬ ВАЖНЫЙ ЕЩЕ НЕТ НАКОНЕЦ-ТО,4,slovo_dictionary,synth_2210,synthetic
СЗАДИ МИНУТА ДОВОЛЬСТВО ВВЕРХ,4,slovo_dictionary,synth_2211,synthetic
ЕЙ ПРЕНЕБРЕЖЕНИЕ ОБЛАДАТЬ ТЕБЕ СЕДЬМОЙ,5,slovo_dictionary,synth_2212,synthetic
ЛОСЬ ЖЁЛТЫЙ ИСТЕРИК ОДИН ЖАРКИЙ ОБЫЧНО МИГРАЦИЯ ПЯТЬСОТ С,9,slovo_dictionary,synth_2213,synthetic
НАС БОЛИТ ХОРОШИЙ ВОДА,4,slovo_dictionary,synth_2214,synthetic
БОЛЬШОЙ ПРОЗРАЧНЫЙ ПОДРУГА ВЕЧНЫЙ НЕДЕЛЯ,5,slovo_dictionary,synth_2215,synthetic
ПРЕДЛОЖИТЬ ДВЕНАДЦАТЫЙ ГРУСТНЫЙ НОВЫЙ ВСПОМНИТЬ КАРТИНА НУЖДАТЬСЯ,7,slovo_dictionary,synth_2216,synthetic
ЗИМА ОФИЦИАНТ СЗАДИ ГЛОТАТЬ ЖАДНО ЦВЕТ ВЗЯТЬ ЧТО ПОМОЧЬ ОЛЕНЬ РАНЕЕ,10,slovo_dictionary,synth_2217,synthetic
ОФИЦИАНТ ОСЕЛ ОСТРОУМИЕ СЮРПРИЗ ВОДА ДЕСЯТЬ БЫСТРО ЛЕВЫЙ СТОЙКОСТЬ,9,slovo_dictionary,synth_2218,synthetic
ПЫЛЕСОС СЕРДИТЫЙ СОРОК ШЕСТНАДЦАТЬ ЛУЧШИЙ ПОДОЗРЕВАТЬ ЗАВИСТЬ,7,slovo_dictionary,synth_2219,synthetic
ЧИТАТЬ ЖЕСТОКИЙ ОТЛОЖИТЬ СЮРПРИЗ МИНИМУМ,5,slovo_dictionary,synth_2220,synthetic
ОТЛОЖЕННЫЙ ВАЖНЫЙ ДЕЛАТЬ МЕЛКИЙ ГЛОТОК 2 ЧАСА КОГДА,5,slovo_dictionary,synth_2221,synthetic
ВЕЛИКИЙ ОЗАБОЧЕННЫЙ КОРОНА ВОСХОД СОЛНЦА ГРУСТНЫЙ,5,slovo_dictionary,synth_2222,synthetic
ЖАЛОСТЬ СЛАБОСТЬ РАД НАЧАТЬ СЕСТРА 7:45 НАКОНЕЦ-ТО ПОСТОЯННЫЙ ИСПОРЧЕННЫЙ КАНУН,10,slovo_dictionary,synth_2223,synthetic
СИЛЬНЫЙ ИЗНОШЕННЫЙ В ЭТОМ ГОДУ НАДОЕЛО,4,slovo_dictionary,synth_2224,synthetic
ДЕВЯТНАДЦАТЬ БЕЛКА ВЛЮБЛЕННЫЙ МАТЬ НИЧЕГО ВЫ,6,slovo_dictionary,synth_2225,synthetic
УПАСТЬ ЗАКУСКА ПЕРЕД ЕДОЙ ЗЛОЙ ЗРЕЛИЩНЫЙ ОТВАЖИТЬСЯ НОВОСТИ Ф МИЛЫЙ,8,slovo_dictionary,synth_2226,synthetic
РАЗГНЕВАННЫЙ ДИКОЕ ЖИВОТНОЕ ДЕТСКИЙ ЗАБРАТЬ Ь БУТЫЛКА,6,slovo_dictionary,synth_2227,synthetic
ЖЁЛТЫЙ Т БЕЗРАЗЛИЧИЕ ОСТОРОЖНЫЙ БЕСПОКОЙСТВО В ТО ВРЕМЯ КАК 2 ЧАСА,7,slovo_dictionary,synth_2228,synthetic
ЗНАТЬ ЗАТЕМ; ПОТОМ ВЫСОКОМЕРНЫЙ ОТЧАЯТЬСЯ ПОСЫЛАТЬ,5,slovo_dictionary,synth_2229,synthetic
ПРОЩАНИЕ ЖЕЛАНИЕ ВОЗРАДОВАТЬСЯ ПОСЛЕ ЛЕННОСТЬ ВОСХИЩАТЬСЯ ТРЕТИЙ ЧУДЕСНЫЙ,8,slovo_dictionary,synth_2230,synthetic
ДОВОЛЬНЫЙ КОПЫТО ДРОЖАТЬ НЕРВНЫЙ ТЩЕСЛАВНЫЙ,5,slovo_dictionary,synth_2231,synthetic
ТИГР ОТВРАЩЕНИЕ ЖАЖДА НАРУЖУ НАЧИНАТЬ ЧТО ДОВОЛЬСТВО СЧАСТЛИВЫЙ ОТВЕТСТВЕННЫЙ ЛОСЬ,10,slovo_dictionary,synth_2232,synthetic
ОСТАНОВИТЬ ДЯТЕЛ РОЗОВЫЙ,3,slovo_dictionary,synth_2233,synthetic
ЗАТЕМ; ПОТОМ ТОЖЕ АДАПТИВНОЕ ПОВЕДЕНИЕ ОСТРОУМИЕ ПОКАЯНИЕ НЕОЖИДАННЫЙ СРЕДА ШУМ РАБОТАТЬ ВЫИГРЫШ,10,slovo_dictionary,synth_2234,synthetic
ДРОЖАТЬ ВЕРХ ТЕПЕРЬ,3,slovo_dictionary,synth_2235,synthetic
БУТЫЛКА ПОТРЯСАЮЩИЙ НАКОНЕЦ,3,slovo_dictionary,synth_2236,synthetic
ЛЮБОПЫТНЫЙ ВОЛ ЧИТАТЬ АГРЕССИВНЫЙ ЗВЕРЬ ВАМ ПОЧВА,7,slovo_dictionary,synth_2237,synthetic
БУДУЩЕЕ ЧЕТВЕРГ КОРИЧНЕВЫЙ ДОМ ЧЕТВЕРТЫЙ ГОЛОВА УРОНИТЬ БАНКЕТ,8,slovo_dictionary,synth_2238,synthetic
НОВОСТИ ГРУБЫЙ ГЕНИЙ,3,slovo_dictionary,synth_2239,synthetic
СВОБОДНЫЙ ЖАЛОСТЬ ВИЛКА ОТВАЖИТЬСЯ,4,slovo_dictionary,synth_2240,synthetic
УЖЕ ВОСЕМЬ ТИГР ВЕЗДЕ КОШКА СРОЧНЫЙ,6,slovo_dictionary,synth_2241,synthetic
ЕДА ТРУС ЖЕЛТЫЙ С ТРУСЛИВО ПЛОХОЙ МЕСТО,7,slovo_dictionary,synth_2242,synthetic
МАЛЬЧИК НИЧЕГО ДРУЖЕЛЮБНЫЙ,3,slovo_dictionary,synth_2243,synthetic
ПОДРУГА ШЕСТНАДЦАТЬ ТВОЙ ВСЕГДА ВЫСОКИЙ ЛИТЬ ЛЕННОСТЬ,7,slovo_dictionary,synth_2244,synthetic
СЧАСТЛИВЫЙ БОЛЬШОЙ ПЯТЬ ОТНОШЕНИЕ МОЧЬ ЗАКУСКА ПЕРЕД ЕДОЙ ВРЕД БЕЛКА,8,slovo_dictionary,synth_2245,synthetic
ЗАБРАТЬ ПЯТНИЦА ЖИТЬ ПЛОХО ОСЕНЬ МИЛОСЕРДНЫЙ,6,slovo_dictionary,synth_2246,synthetic
ЛОГИЧНЫЙ ШУТИТЬ ЧАС,3,slovo_dictionary,synth_2247,synthetic
РАЗУМНЫЙ ЛЮБИТЬ РУБЛЬ СТОЯТЬ,4,slovo_dictionary,synth_2248,synthetic
ЧЕМОДАН СКУЧНЫЙ СТОЙКОСТЬ П,4,slovo_dictionary,synth_2249,synthetic
МЕРТВЫЙ ДОВОЛЕН МУРАШКИ ПОСЛУШНЫЙ,4,slovo_dictionary,synth_2250,synthetic
ПО ЧАСАМ ИМЕТЬ ОДНАЖДЫ ТРЕТИЙ Д САМООБМАН ДОВОЛЬНО,7,slovo_dictionary,synth_2251,synthetic
ДЕКАБРЬ НЕДОБРЫЙ ПРЕДПОЧИТАТЬ ДАЖЕ ОСОБЕННЫЙ ТИГР ОБЕДАТЬ,7,slovo_dictionary,synth_2252,synthetic
КРЕСТ ЕЩЕ НЕТ ПОЧЕМУ НЕЛОВКИЙ; НЕУКЛЮЖИЙ КАНУН МОТИВИРОВАТЬ С ДНЕМ РОЖДЕНИЯ ПЕТЬ,8,slovo_dictionary,synth_2253,synthetic
НЕДЕЛЯ ПТИЦА ЭТОТ ВАМ ВОСЕМНАДЦАТЬ ЖЕНЩИНА ВОЛК КУБОК ВОДОПЛАВАЮЩЕЕ Ь,10,slovo_dictionary,synth_2254,synthetic
ГОВОРИТЬ КУПИТЬ СЕРДИТЫЙ БЕСПОКОЙСТВО БЕЗРАЗЛИЧИЕ БЫСТРО ЗАКРЫТЬ ПРОНЫРА,8,slovo_dictionary,synth_2255,synthetic
ДОРОГОЙ ПИТЬ СЕГОДНЯ ЗЛОСТЬ ЖАЖДА ПОДОЗРЕВАТЬ БОРОДА СВИСТОК,8,slovo_dictionary,synth_2256,synthetic
МЫ АДАПТИВНЫЙ ОБЕСПОКОЕННЫЙ ВЕЧЕР УТРО,5,slovo_dictionary,synth_2257,synthetic
ВОЛК ГРЯЗНЫЙ СЕРЕБРО ОБЪЕКТИВНЫЙ ЧУВСТВОВАТЬ ПРИВЕТ! ПЯТЬДЕСЯТ СОТЫ РАННИЙ СЛИШКОМ,10,slovo_dictionary,synth_2258,synthetic
ТАКОЙ ПРОДЛЕНИЕ ЛИЦО ДЕВОЧКА,4,slovo_dictionary,synth_2259,synthetic
АРОМАТНЫЙ ПРИЙТИ БИЛЕТ НЕРАДИВЫЙ 6 ЧАСОВ ОТТЕНОК ПУТЕШЕСТВОВАТЬ СТРАХ РАЗЪЯРЕННЫЙ ЕЩЕ НЕТ,10,slovo_dictionary,synth_2260,synthetic
ПОГОДА ГОРОД РАБОТАТЬ ОТЛИЧНЫЙ ПИСЬМО ОДОЛЖИТЬ,6,slovo_dictionary,synth_2261,synthetic
ДВАЖДЫ Й МЕНЯ ОЖИДАТЬ ШЕСТЬДЕСЯТ ЮГ МЕДУЗА КРАТКИЙ ИСПЫТЫВАТЬ,9,slovo_dictionary,synth_2262,synthetic
ЖЕНАТ КАНУН РАБ ДВА ОБРАЗОВАННЫЙ БОРОДА,6,slovo_dictionary,synth_2263,synthetic
ВСЕГДА ПРИБЫВАТЬ ДРУЖЕЛЮБНЫЙ ПРЕДУСМОТРИТЕЛЬНЫЙ МУДРЫЙ СЕСТРА СМЕЛОСТЬ В ПРОШЛОМ ГОДУ,8,slovo_dictionary,synth_2264,synthetic
ДОЧЬ РАДОСТНЫЙ СЕРЫЙ ЧИСТЫЙ ОСЕНЬ ПОЛОЖИТЕЛЬНЫЙ САРКАЗМ ИЗМОЖДЕННЫЙ ЛИЦО КРЫЛО,10,slovo_dictionary,synth_2265,synthetic
МЕДЛЕННЫЙ ПТИЦА ПРОДЛЕНИЕ,3,slovo_dictionary,synth_2266,synthetic
ЗДЕСЬ ЗАВАРОЧНЫЙ ЧАЙНИК ВЕРНЫЙ,3,slovo_dictionary,synth_2267,synthetic
ПЛАВНИК ТЕРЯТЬ ВОЗРАДОВАТЬСЯ,3,slovo_dictionary,synth_2268,synthetic
НЕВЕРИЕ ПОЗВОНИТЬ НА СЕРВИС К МЫТЬ КУСАТЬ Я КРОМЕ,7,slovo_dictionary,synth_2269,synthetic
ПЕТУХ МГНОВЕНИЕ ТРУС НЕПРОЗРАЧНОСТЬ ЗАПОЗДАЛЫЙ СТРАСТЬ СЕРДЦЕ,7,slovo_dictionary,synth_2270,synthetic
ОБА СВЕРХУ ПИТЬ ЗАПОЗДАЛЫЙ ВНУТРЕННЕЕ ДОВОЛЬНО,6,slovo_dictionary,synth_2271,synthetic
ТРИДЦАТЬ САМООСОЗНАНИЕ УПАСТЬ ЯЗЫК ЖАДНЫЙ ВНИЗУ ГЕНИЙ ЗАКУСКА ПЕРЕД ЕДОЙ ЗАПАСЛИВЫЙ,9,slovo_dictionary,synth_2272,synthetic
ПРЕДПОЧИТАТЬ ВЕРОЯТНО ОТВРАТИТЕЛЬНЫЙ ПОЛЗАНЬЕ СЗАДИ,5,slovo_dictionary,synth_2273,synthetic
МЫТЬ КРАСНЫЙ ПОМОЧЬ БЕСПОКОИТЬСЯ РЕБЯЧЕСКИЙ ГЛУПЫЙ,6,slovo_dictionary,synth_2274,synthetic
НУЖДАТЬСЯ МАГАЗИН САМОКОНТРОЛЬ,3,slovo_dictionary,synth_2275,synthetic
О СЛЕДУЮЩИЙ РОТ ТОРЖЕСТВЕННЫЙ СКУЧНЫЙ,5,slovo_dictionary,synth_2276,synthetic
ОДИНОКИЙ АМБИЦИОЗНЫЙ НЕСЧАСТЬЕ ДОВОЛЬСТВО МУЖЕСТВЕННОСТЬ 2 ЧАСА ОДАРЕННЫЙ МЕЖДУ ДЕРЖАТЬ ХОРОШИЙ,10,slovo_dictionary,synth_2277,synthetic
ВСТРЕТИТЬ БУДУ ЧУЖОЙ ВОРОТНИК,4,slovo_dictionary,synth_2278,synthetic
ПРЕДАННЫЙ Ы СОГЛАСНО ПРИРУЧЕННЫЙ БАБОЧКА СЛОВО,6,slovo_dictionary,synth_2279,synthetic
ПРЕДЛОЖИТЬ ИЗВЕСТНЫЙ КУВШИН ЕЁ МИЛЛИОН ВЫСОКИЙ ГОРЕВАТЬ,7,slovo_dictionary,synth_2280,synthetic
ВЕРХ ГАЗЕТА ПРЕДЫДУЩИЙ ЖИТЬ,4,slovo_dictionary,synth_2281,synthetic
СЕГОДНЯ КЛЕВАТЬ СОЛНЦЕ МНОГО,4,slovo_dictionary,synth_2282,synthetic
ДОВОЛЕН ИНИЦИАТИВА МОЧЬ АМБИЦИОЗНЫЙ ВИЛКА СОБАКА ЧТО,7,slovo_dictionary,synth_2283,synthetic
ЕХАТЬ БЕСПОКОЙНЫЙ ЭТО ВРЕД НОСОРОГ ГОЛОВА ЗАПОЗДАЛЫЙ,7,slovo_dictionary,synth_2284,synthetic
СВИНЬЯ СТРАДАТЬ САРКАЗМ ОШИБКА ВОЛК ВЕЗДЕ,6,slovo_dictionary,synth_2285,synthetic
ДОВОЛЬСТВО ДОРОГА ИСПОРЧЕННЫЙ,3,slovo_dictionary,synth_2286,synthetic
ШЕСТОЙ МУЖЕСТВЕННОСТЬ ЛЯГУШКА,3,slovo_dictionary,synth_2287,synthetic
ПАУК ВВЕРХ КРОЛИК МИЛЕНЬКИЙ БЕСПОКОЯЩИЙ Х ЛИЧНЫЕ КАЧЕСТВА,7,slovo_dictionary,synth_2288,synthetic
ЗЛОЙ СОМНЕНИЕ ОБРАЗОВАННЫЙ НЕВОЗМОЖНЫЙ Ж НАМ К,7,slovo_dictionary,synth_2289,synthetic
СОГЛАСНО ВЕРИТЬ ОХОТНО НРАВИТЬСЯ,4,slovo_dictionary,synth_2290,synthetic
НАДЕЯТЬСЯ ВРЕМЯ ПО ГРИНВИЧУ СЕРЕБРО,3,slovo_dictionary,synth_2291,synthetic
БУМАГА ЗДЕСЬ ПЕРЕВАРИВАНИЕ АДАПТИВНОСТЬ ЧЕЛОВЕК,5,slovo_dictionary,synth_2292,synthetic
ТЕРПЕНИЕ ОЖИДАЮЩИЙ НЕУДОБСТВО СЕМЬДЕСЯТ ОШИБКА НЕДАВНИЙ ТВОЙ ЧТО-НИБУДЬ ЗАБРАТЬ МЕЖДУ ТЕМ,10,slovo_dictionary,synth_2293,synthetic
ОДЕЖДА ГОРДОСТЬ ДВЕСТИ,3,slovo_dictionary,synth_2294,synthetic
ПРЕДПОЧИТАТЬ БУДУ СКУЧАЮЩИЙ ЧАШКА ГРУСТНЫЙ РУКА ЗВЕРЬ НИКОГДА БЕГЕМОТ ПИСАТЬ,10,slovo_dictionary,synth_2295,synthetic
СТОЙКОСТЬ ГОРЕВАТЬ ДОВОЛЬСТВО ПЛАВНИК Д БЕЖЕВЫЙ ОТ ПЯТЬСОТ ИНИЦИАТИВА,9,slovo_dictionary,synth_2296,synthetic
ЛЕЖАТЬ ПАМЯТЬ ОСНОВНОЙ ЦВЕТ ПРИВЕЗТИ БОЯТЬСЯ,5,slovo_dictionary,synth_2297,synthetic
ОДЕРЖИМЫЙ КОМНАТА МИНУТА ВРЕМЯ 11 ЧАСОВ ПОЧЕМУ КОЗА ЧУВСТВОВАТЬ,7,slovo_dictionary,synth_2298,synthetic
ВИЛЯТЬ БЕЗ ЖИТЬ ТРЕТИЙ НЕВЕРИЕ ЗВУК ОБЫЧНЫЙ ДЕВЯТЫЙ,8,slovo_dictionary,synth_2299,synthetic
ПОСЛЕ ОРЕЛ ВЕСЬ ГОЛОДНЫЙ,4,slovo_dictionary,synth_2300,synthetic
ИЗВЕСТНЫЙ РУЧКА РЕБЯЧЕСКИЙ НЕМЕДЛЕННЫЙ СКРОМНЫЙ НЕПРОЗРАЧНОСТЬ КОМАР,7,slovo_dictionary,synth_2301,synthetic
НАЗАД ТОЧНО ЗИМА ЧЕТЫРЕ ГОРЕВАТЬ О,6,slovo_dictionary,synth_2302,synthetic
ОБЕСПОКОЕН КРЫЛО ОШЕЛОМИТЬ ПАНДА ТОЖЕ ДОВЕРЯТЬ ПЕЧАЛЬ УВЕРЕН СЛИШКОМ КОГДА,10,slovo_dictionary,synth_2303,synthetic
ОТКУПОРИВАТЬ ДРУЖЕЛЮБНЫЙ ПИТЬ САМОАНАЛИЗ ОБРАЗОВАННЫЙ БЕЛКА СЕРДИТЫЙ ПО ЧАСАМ НЕДАВНИЙ,9,slovo_dictionary,synth_2304,synthetic
ДВЕ ТЫСЯЧИ ТРИ ТЫСЯЧИ ПОКА ВЕСЬ,4,slovo_dictionary,synth_2305,synthetic
ПРИРУЧЕННЫЙ НЕ ВЫНОСИТЬ ГРЯЗНЫЙ ВЕСЕННЯЯ,4,slovo_dictionary,synth_2306,synthetic
ДРОЖАТЬ СОРОК КОПЫТО ТОГДА ПРОВЕРИТЬ СЕРДИТЫЙ ВЕСЕЛЫЙ,7,slovo_dictionary,synth_2307,synthetic
БАШЕННЫЕ ЧАСЫ ОРЕЛ СВЕРХУ БЕЗ ВЫИГРЫШ,5,slovo_dictionary,synth_2308,synthetic
МУЖ ПЯТЬ КНИГА СЕМЬСОТ НЕРАСКРАШЕННЫЙ ОСНОВНОЙ ЦВЕТ ЕЙ,7,slovo_dictionary,synth_2309,synthetic
ЖЕНАТ ВТОРНИК ПРОТИВ УВЕРЕН ХОЛОДНЫЙ ДЕРЖАТЬ ЧУДЕСНЫЙ КЛЕВАТЬ,8,slovo_dictionary,synth_2310,synthetic
ПОСТЕПЕННО КУБОК ОДИННАДЦАТЬ СЕМЬСОТ НАЧИНАТЬ КОРОВА АВГУСТ Ь ВОЗБУЖДЕННЫЙ,9,slovo_dictionary,synth_2311,synthetic
ПОКАЗАТЬ СПАТЬ ТОЖЕ АГРЕССИВНЫЙ ЗАВТРА БЕЖЕВЫЙ ЛЮБОВНЫЙ ПУСТОЙ ВДОХНОВЛЯТЬ,9,slovo_dictionary,synth_2312,synthetic
НАД КОГОТЬ САМОАНАЛИЗ ПОКРАСНЕТЬ ВДОХНОВЛЯТЬ ИСПУГ НАДЕЖДА ШЕСТНАДЦАТЬ ИСПОЛЬЗОВАТЬ,9,slovo_dictionary,synth_2313,synthetic
ЖЕЛАНИЕ ВЕСЕЛИТЬСЯ ОТРИЦАТЕЛЬНЫЙ 6 ЧАСОВ СТО КУПИТЬ ДИЕТА,7,slovo_dictionary,synth_2314,synthetic
БЕЛКА РАННИЙ СЕВЕР ПРЕДАННЫЙ ЛОСЬ ТЕБЯ,6,slovo_dictionary,synth_2315,synthetic
ПРЕНЕБРЕЖЕНИЕ КРУЖКА ЛИЦЕМЕРНЫЙ,3,slovo_dictionary,synth_2316,synthetic
Щ МОТИВИРОВАТЬ НАДЕЯТЬСЯ ДЕВЯТЬСОТ ЗАКОНЧИТЬ ТОТ,6,slovo_dictionary,synth_2317,synthetic
ПОЧКИ СЕМЬСОТ ОДЕРЖИМЫЙ КРАСИВЫЙ ВОЗМОЖНЫЙ РАДОСТЬ ОТНОШЕНИЕ ЛУЧШИЙ ВЕСЕЛИТЬСЯ ТЫСЯЧА,10,slovo_dictionary,synth_2318,synthetic
МНОГО МГНОВЕНИЕ НОСОРОГ ЗЛОЙ ЦВЕТОВОЙ ОТТЕНОК КАНУН ПУТЕШЕСТВИЕ КОГОТЬ,8,slovo_dictionary,synth_2319,synthetic
ЧАСТО ОБМАНЧИВОСТЬ ГНЕЗДО БЕЗ В ЭТОМ ГОДУ ПЕТУХ Ж МЫТЬ,8,slovo_dictionary,synth_2320,synthetic
ОБЛЕГЧЕНИЕ ЖЕНЩИНА САМОПРОВЕРКА БЕСПОКОИТЬСЯ ДОМАШНЕЕ ЖИВОТНОЕ САРКАЗМ КАРАНДАШ РВЕНОСТЬ БОЛИТ,9,slovo_dictionary,synth_2321,synthetic
ИСТЕРИК ЗАВИСТЬ НЕВИНОВНЫЙ ВЕРБЛЮД ДЯТЕЛ,5,slovo_dictionary,synth_2322,synthetic
ВДОХНОВЛЯТЬ СЛОН ПАВЛИН Щ ПРИЙТИ ИГРАТЬ ТОГДА ДОВОЛЬСТВО ЛЕЖАТЬ НЕПРОЗРАЧНОСТЬ,10,slovo_dictionary,synth_2323,synthetic
ПРОЩАНИЕ СОМНЕВАТЬСЯ РАЗЪЯРЕННЫЙ ПОНЯТЬ ОСТАВИТЬ,5,slovo_dictionary,synth_2324,synthetic
НЕРВНЫЙ ДЕСЯТЫЙ ОСЕЛ ПОМОЩНИК ПОВАРА ПРЕДЫДУЩИЙ,5,slovo_dictionary,synth_2325,synthetic
ПАУЧЬЯ СЕТЬ ТОТ ЛИЦО ВАМ,4,slovo_dictionary,synth_2326,synthetic
ЗАДЕРЖИВАТЬ ПТИЦА ДОБРОТА ЗВУК У ЧУВСТВОВАТЬ Х,7,slovo_dictionary,synth_2327,synthetic
КОМНАТА БЕЗРАЗЛИЧИЕ ЧУДЕСНЫЙ ГЛАЗ ЛИТЬ ЕДА РАЗУМНЫЙ СКРОМНЫЙ ЧТО-НИБУДЬ В ВОСЕМЬ ПЯТНАДЦАТЬ,10,slovo_dictionary,synth_2328,synthetic
БАБОЧКА ПОМОЩНИК ПОВАРА ЧТО ЦЕМЕНТ КОГДА БЕЗРАЗЛИЧИЕ ПРИРУЧЕННЫЙ СНАЧАЛА СЛЕДОВАЛО,9,slovo_dictionary,synth_2329,synthetic
"БЕЗ ДРУЖЕЛЮБНЫЙ ДОБРОПОРЯДОЧНОСТЬ НЕЖНЫЙ, МЯГКИЙ ВЗЯТЬ МУДРЫЙ",6,slovo_dictionary,synth_2330,synthetic
ВЫ ПОЧВА ВЕСЕЛЫЙ ОБЕЩАТЬ ЧЕТЫРНАДЦАТЬ ВОЛК РАЗГНЕВАННЫЙ ПОЛНЫЙ НЕРАСКРАШЕННЫЙ,9,slovo_dictionary,synth_2331,synthetic
АДАПТИВНОЕ ПОВЕДЕНИЕ ЛАНЧ ПОЧЕМУ ПЯТЬДЕСЯТ ПОСЛЕДНИЙ ОШИБКА ПИТЬ КАЛЕНДАРЬ,8,slovo_dictionary,synth_2332,synthetic
ВЕЧЕР ЕДА ЛЮБОВЬ,3,slovo_dictionary,synth_2333,synthetic
ВСТРЕТИТЬ ИЗМОЖДЕННЫЙ НОЛЬ ВЕРБЛЮД МОТИВАЦИЯ ВРЕМЯ ДЛЯ ИЗМЕРЕНИЙ ГОТОВЫЙ НАКОНЕЦ,8,slovo_dictionary,synth_2334,synthetic
ШЕСТЬ ВКУС ХОЛОДНЫЙ РЕСТОРАН ГРУБЫЙ,5,slovo_dictionary,synth_2335,synthetic
ГОВОРИТЬ БЕГЕМОТ НЕПРИЯТНЫЙ СТЫДНО ДЕВЯТЬСОТ ВДОХНОВЕНИЕ ПОДАВЛЕННЫЙ,7,slovo_dictionary,synth_2336,synthetic
ДРУГ ЖЕВАТЬ ИЗНОШЕННЫЙ ГОЛОВА ПЕТЬ,5,slovo_dictionary,synth_2337,synthetic
ЧЕТЫРЕ ГОТОВЫЙ ОДАРЕННЫЙ ПУТЕШЕСТВИЕ ПОЗДНО,5,slovo_dictionary,synth_2338,synthetic
ЗНАЧИТ ШЕСТОЙ ТЁПЛЫЙ ОДНАЖДЫ ИЗВЕСТНЫЙ,5,slovo_dictionary,synth_2339,synthetic
СТРАШНЫЙ ПОКА (ЧТО) ЛЕБЕДЬ КУСОК ПОЛЗАНЬЕ ИСПОЛЬЗОВАТЬ,6,slovo_dictionary,synth_2340,synthetic
БЕСПОКОЯЩИЙ КРАТКИЙ ПОДРУГА СЕМЬ,4,slovo_dictionary,synth_2341,synthetic
ТЁМНЫЙ НРАВСТВЕННОСТЬ БУДУ КАРАНДАШ СКУЧНЫЙ ПОЧКИ СКОРБЕТЬ ЕДА ФУТБОЛ ХОТЕТЬ,10,slovo_dictionary,synth_2342,synthetic
СЧАСТЛИВЫЙ ДОРОГОЙ ВИЛКА СОЛНЦЕ БЕЖЕВЫЙ ЗАКОНЧИТЬ,6,slovo_dictionary,synth_2343,synthetic
В ЭТОМ ГОДУ ШУМ ЦВЕТА БЛАГОГОВЕНИЕ ДОМАШНЕЕ ЖИВОТНОЕ СТЫДНО СПАТЬ,7,slovo_dictionary,synth_2344,synthetic
ШЕСТОЙ ЗНАЧИТ КОШКА НАЧАТЬ ГОРДЫЙ ОЖИДАЮЩИЙ ПЛАТА ЗА ВХОД ДЛИННЫЙ,8,slovo_dictionary,synth_2345,synthetic
ОБА ВТОРНИК И ВНИЗ,4,slovo_dictionary,synth_2346,synthetic
ТОРЖЕСТВЕННЫЙ РАССЛАБИТЬСЯ ХЛЕБ ТРИДЦАТЬ ПОМОЧЬ ЖАДНОСТЬ,6,slovo_dictionary,synth_2347,synthetic
ВСТРЕТИТЬ ЗИМА ТЕРПЕТЬ ТРЕТИЙ ГНЕЗДО,5,slovo_dictionary,synth_2348,synthetic
НАКРЫВАТЬ НА СТОЛ БЫ ЖАЖДУЩИЙ ДОЧЬ ОТЧАЯТЬСЯ ОДАРЕННЫЙ ПОДЛИННЫЙ О,8,slovo_dictionary,synth_2349,synthetic
ДЕЛАТЬ БОЮСЬ МОЧЬ,3,slovo_dictionary,synth_2350,synthetic
САМОПРОВЕРКА БЕЗУМНО ЧЕРНЫЙ ЖАЖДА ОРЕЛ,5,slovo_dictionary,synth_2351,synthetic
НЕДОВОЛЬНЫЙ М СОРОК,3,slovo_dictionary,synth_2352,synthetic
ИСПУГ ВОПРОС ПОСЛУШНЫЙ ЖИТЬ ГЛАЗ УРОНИТЬ МАЛЕНЬКИЙ ДОВОЛЬСТВО БУМАГА ТЫСЯЧА,10,slovo_dictionary,synth_2353,synthetic
ЛЕТО ИСТЕРИК МГНОВЕНИЕ,3,slovo_dictionary,synth_2354,synthetic
ТЯЖЁЛЫЙ РАДОСТНЫЙ ПОКРАСНЕТЬ ЧТО ПРИЛИЧНЫЙ,5,slovo_dictionary,synth_2355,synthetic
КЛЮВ БРЮЗЖАТЬ УЛИЦА НЕУВАЖЕНИЕ,4,slovo_dictionary,synth_2356,synthetic
ДОЛЖЕН ДВЕНАДЦАТЬ СЮРПРИЗ НЕПРИЯТНЫЙ ЛЕННОСТЬ,5,slovo_dictionary,synth_2357,synthetic
ПИСЬМО КРАСНЫЙ ЗЛОБНЫЙ ВСТРЕТИТЬ СРАЗУ ВЕЩЬ ВОЗМОЖНО ЧАСТЬ,8,slovo_dictionary,synth_2358,synthetic
НИЧЕГО ПОЗДНИЙ ПЯТЬ ТЫСЯЧ,3,slovo_dictionary,synth_2359,synthetic
МЕРТВЫЙ ДЕРЖАТЬ ОРАНЖЕВЫЙ КОРОТКИЙ МАГАЗИН,5,slovo_dictionary,synth_2360,synthetic
ПОСЛЕ РАЗЛИЧНЫЙ СТАРЫЙ ЖУТКИЙ ОРАНЖЕВЫЙ,5,slovo_dictionary,synth_2361,synthetic
ОТВАЖИТЬСЯ ВЕСНА ВОСЕМЬ ПИР,4,slovo_dictionary,synth_2362,synthetic
ЛИЦЕМЕРНЫЙ ОБЕЩАТЬ ОТВЕТСТВЕННЫЙ,3,slovo_dictionary,synth_2363,synthetic
ИНОГДА МЕСЯЦ ТРИ ТЫСЯЧИ,3,slovo_dictionary,synth_2364,synthetic
ВОСЬМОЙ ВКУСНЫЙ ВОСЕМЬСОТ ДО ДЕТСКИЙ ПОЗОР ОТЛОЖИТЬ ЗАБРАТЬ КАРТИНА,9,slovo_dictionary,synth_2365,synthetic
ВЫИГРЫШ ЗАСТЕНЧИВЫЙ ЛАНЧ КРОЛИК НЕНАВИДЕТЬ,5,slovo_dictionary,synth_2366,synthetic
БЕСПОКОЯЩИЙ КЛЕТКА СТРАННЫЙ СКУЧНЫЙ,4,slovo_dictionary,synth_2367,synthetic
ВЕСНА ЗВЕРЬ ДВЕНАДЦАТЫЙ,3,slovo_dictionary,synth_2368,synthetic
ВЫХОДНЫЕ ОБЫЧНО ЛУЧШЕ ГЛОТАТЬ ЖАДНО ПЯТНАДЦАТЬ ПЛАВНИК БУМАГА,7,slovo_dictionary,synth_2369,synthetic
ВРЕД МИР НАСЛАЖДАЙСЯ Т ХОТЕТЬ ПРЕЗИРАТЬ ЛЕТУЧАЯ МЫШЬ МИГРАЦИЯ НАПРЯЖЕНИЕ РЫЧАНИЕ,10,slovo_dictionary,synth_2370,synthetic
НЕВОЗМОЖНЫЙ ВОЗБУЖДЕНИЕ МЕЖДУ,3,slovo_dictionary,synth_2371,synthetic
СЕРЫЙ З ХОРОШИЙ ШУМ ОБЛАДАТЬ ШЕСТНАДЦАТЬ ЖЕЛАТЬ,7,slovo_dictionary,synth_2372,synthetic
ДОВОЛЬНО ПОСЛУШНЫЙ РВЕНОСТЬ ВДОХНОВЛЯТЬ,4,slovo_dictionary,synth_2373,synthetic
ТЫСЯЧА БОЛЬШЕ ЖЕНАТ ЧЕТЫРЕСТА,4,slovo_dictionary,synth_2374,synthetic
ЕЖИК ОЖИВЛЕННЫЙ СОЛНЦЕ ДЕВЯТНАДЦАТЬ ПОСТОЯННЫЙ ВОЛ,6,slovo_dictionary,synth_2375,synthetic
ТЫСЯЧА КРОМЕ ВОЗМОЖНО,3,slovo_dictionary,synth_2376,synthetic
ПИР МУРАШКИ СЛАБОСТЬ КОЗА ПОСЛЕ МЕСТО ФИОЛЕТОВЫЙ ТЫ ЕЩЕ ОЛЕНЬ,10,slovo_dictionary,synth_2377,synthetic
КАФЕТЕРИЙ ЗАПАСЛИВЫЙ БЛЕДНЫЙ ПРОДЛЕВАТЬ ЗАЯЦ БУДУЩЕЕ ЧАСТО,7,slovo_dictionary,synth_2378,synthetic
ПРЕДЛОЖИТЬ РАЗГНЕВАННЫЙ ШУТИТЬ ГНЕЗДО НАПУГАННЫЙ КТО?,6,slovo_dictionary,synth_2379,synthetic
ЧАШКА КУВШИН БРЮЗЖАТЬ,3,slovo_dictionary,synth_2380,synthetic
ТРИДЦАТЬ Ъ ТРЕТИЙ ИМЯ,4,slovo_dictionary,synth_2381,synthetic
ЧЕМОДАН СРЕДА АМБИЦИОЗНЫЙ КОГОТЬ СИЛЬНЫЙ ДОМОГАТЬСЯ,6,slovo_dictionary,synth_2382,synthetic
РОЗОВАТО-ЛИЛОВЫЙ ОТВЕТИТЬ ОЗАБОЧЕННЫЙ ДОМАШНЕЕ ЖИВОТНОЕ БОРОДА ВЕЛИКИЙ,6,slovo_dictionary,synth_2383,synthetic
ПЛАКАТЬ ДОЛЖЕН ДЕНЬ И НОЧЬ СТОРОНА,4,slovo_dictionary,synth_2384,synthetic
СЕМНАДЦАТЬ РАД ДЕРЖАТЬ ТЕПЕРЬ ПРИНЕСТИ ТЫ ПОЛУЧИТЬ В ВОСЕМЬ ПЯТНАДЦАТЬ 6 ЧАСОВ,9,slovo_dictionary,synth_2385,synthetic
ЗЛО ДЯТЕЛ ДОЛЖЕН ЛОСЬ,4,slovo_dictionary,synth_2386,synthetic
ИСПОЛЬЗОВАТЬ ВРЕМЯ 11 ЧАСОВ ВЫХОДНЫЕ СЕМЬДЕСЯТ КЛЕВАТЬ ВОЗБУЖДЕНИЕ ЗАКАЗЫВАТЬ,7,slovo_dictionary,synth_2387,synthetic
НОГА РАССЛАБИТЬСЯ НИКТО М БОЯТЬСЯ ЯЗЫК СОЧУВСТВИЕ ПОГОДА ПЕТЬ,9,slovo_dictionary,synth_2388,synthetic
МАТЬ ОРАНЖЕВЫЙ ЖЕВАТЬ БЛЕДНЫЙ ВСЕГДА ПЛАТА ЗА ВХОД ДОЛЖЕН Ц,8,slovo_dictionary,synth_2389,synthetic
ЧТО С ПОТРЯСАЮЩИЙ Д ТЩЕСЛАВНЫЙ ЛИТЬ ВНИЗ ДЕЛАТЬ,8,slovo_dictionary,synth_2390,synthetic
ОВЦА ЗАБЫТЬ ЗИМА ЖЕЛТЫЙ ДОРОГОЙ ОЖИДАТЬ,6,slovo_dictionary,synth_2391,synthetic
ВСЕГДА В ВОСЕМЬ ПЯТНАДЦАТЬ ОБА ВОДОПЛАВАЮЩЕЕ МГНОВЕНИЕ ЗАКОНЧИТЬ Г ПЯТНАДЦАТЬ,8,slovo_dictionary,synth_2392,synthetic
ОСТАТЬСЯ КРЕСТ ПРАГМАТИЧНЫЙ,3,slovo_dictionary,synth_2393,synthetic
ПРИЛИЧНЫЙ АДАПТИВНЫЙ ДОМАШНЕЕ ЖИВОТНОЕ МГНОВЕНИЕ ПОДРОБНО ДО ОКУНАТЬ,7,slovo_dictionary,synth_2394,synthetic
СЛОН МЕСТО ДЛЯ ПИКНИКА ПОЗОР ЗОЛОТОЙ НАД РОГА НЕРАСКРАШЕННЫЙ,7,slovo_dictionary,synth_2395,synthetic
РОЗОВЫЙ СТОЯТЬ ОТКУСЫВАНИЕ СЛЕДОВАЛО ПРОДЛЕНИЕ ПОКА ВРЕМЯ,7,slovo_dictionary,synth_2396,synthetic
ПОЛНЫЙ ЖАДНО ЕСТЬ БУМАГА НАРУЖУ ЛЕТО ДЕНЬ И НОЧЬ,6,slovo_dictionary,synth_2397,synthetic
ЗУБЫ НАЧИНАТЬ С ДЕТСКИЙ ЖЁСТКИЙ МЕНЯ ПЛАТА ЗА ВХОД ДИЕТА,8,slovo_dictionary,synth_2398,synthetic
МИНУТА МАТЬ ВЕСЕННЯЯ ЖЕЛАНИЕ КОГОТЬ МГНОВЕНИЕ РЕСТОРАН ДЕРЖАТЬ,8,slovo_dictionary,synth_2399,synthetic
СКРОМНЫЙ ПОДРОБНО ЛЕНИВЫЙ,3,slovo_dictionary,synth_2400,synthetic
ВОСХИЩЕНИЕ ДОВОЛЬНО ВЫИГРЫШ ЧЕРНЫЙ БЕСПОКОЙНЫЙ ЦВЕТОВОЙ ОТТЕНОК М,7,slovo_dictionary,synth_2401,synthetic
СЕРЫЙ ДЯТЕЛ СТРАСТЬ,3,slovo_dictionary,synth_2402,synthetic
ОБЕДАТЬ ПОЧЕМУ ПАМЯТЬ ПУТЕШЕСТВИЕ СКОЛЬКО СМИРИТЬСЯ,6,slovo_dictionary,synth_2403,synthetic
НЕУДОБНО МИР ТАЛАНТ ЯЗЫК САМООБМАН СМУЩЕННЫЙ,6,slovo_dictionary,synth_2404,synthetic
ВОСЕМЬДЕСЯТ РАЗГНЕВАННЫЙ ГНЕЗДО ПОЗВОНИТЬ НА СЕРВИС,4,slovo_dictionary,synth_2405,synthetic
ПЕТУХ АДАПТИВНОСТЬ АЛЛЕРГИЯ НА ЕДУ РУКА,4,slovo_dictionary,synth_2406,synthetic
РАЗЪЯРЕННЫЙ РАЗДРАЖАТЬ ДОБРО ПОЖАЛОВАТЬ! 6 ЧАСОВ МОТИВИРОВАТЬ РОЗОВАТО-ЛИЛОВЫЙ,6,slovo_dictionary,synth_2407,synthetic
ЕХАТЬ ВКУС ПРОДЛЕНИЕ БЛАГОДАРНОСТЬ ВТОРОЙ САМОПРОВЕРКА ОБЕСПОКОЕННЫЙ,7,slovo_dictionary,synth_2408,synthetic
АЛЛИГАТОР ОТКУПОРИВАТЬ ВЕРИТЬ КРОКОДИЛ ГОРДОСТЬ,5,slovo_dictionary,synth_2409,synthetic
ВРЕД РЕБЯЧЕСКИЙ РОГА НЕПРИЯТНЫЙ ЕСЛИ МУЖСКОЙ ТУАЛЕТ ПРЕКРАСНЫЙ,7,slovo_dictionary,synth_2410,synthetic
ТОЧНО Ш ЛЕЧЬ ПАУК ОДОЛЖИТЬ,5,slovo_dictionary,synth_2411,synthetic
ПОДЛИННЫЙ В ВОСЕМЬ ПЯТНАДЦАТЬ СОРОК УРОНИТЬ,4,slovo_dictionary,synth_2412,synthetic
ПОЗДНО ВНУТРЕННЕЕ СВЕТ МУЖСКОЙ ТУАЛЕТ ЕЩЕ ПОЗВОЛИТЬ ПОКАЗАТЬ,7,slovo_dictionary,synth_2413,synthetic
У ЦВЕТОВОЙ ОТТЕНОК ГОРДЫЙ,3,slovo_dictionary,synth_2414,synthetic
ИГРАТЬ МИЛЛИОН ПОЗДНИЙ БОРОДА ТЁПЛЫЙ ОТЛОЖИТЬ ЗЛОЙ,7,slovo_dictionary,synth_2415,synthetic
САМОВОСПРИЯТИЕ НЕПРОЗРАЧНОСТЬ ПЕРЕВАРИВАНИЕ ЗАМУЖЕМ ОЖИВЛЕННЫЙ ДЕЛЬФИН МЕЖДУ ТЕМ,7,slovo_dictionary,synth_2416,synthetic
ПОМОЧЬ ВСКРУЖИТЬ БЛАГОГОВЕНИЕ ВАС ЧТО-НИБУДЬ НАС ОТЧАЯТЬСЯ СОЖАЛЕТЬ,8,slovo_dictionary,synth_2417,synthetic
САМОПРОВЕРКА ПТИЦА ИМПУЛЬС ВРЕМЯ НЕСЧАСТЬЕ ЛАНЧ ПОЗДНО ПАНДА,8,slovo_dictionary,synth_2418,synthetic
ДИСТРЕСС ЛЯГУШКА КОРМИТЬ ОДИН,4,slovo_dictionary,synth_2419,synthetic
ТРИДЦАТЬ СЛУШАТЬ СТРОГИЙ БУТЫЛКА,4,slovo_dictionary,synth_2420,synthetic
НЕДОВОЛЬНЫЙ ИНОГДА ПОДЛИННЫЙ НОВЫЙ ОШАРАШЕННЫЙ ЗНАТЬ УРОНИТЬ НОГА БЫТЬ КНИГА,10,slovo_dictionary,synth_2421,synthetic
ЧЕТВЕРГ СТРАДАТЬ ЖЕЛАТЬ,3,slovo_dictionary,synth_2422,synthetic
ОКУНАТЬ БЛАГОГОВЕНИЕ АДАПТИВНОЕ ПОВЕДЕНИЕ СОБИРАТЬ ЗАТЕМ; ПОТОМ ДРУЖЕЛЮБНЫЙ ПУСТОЙ ЖИРАФ,8,slovo_dictionary,synth_2423,synthetic
КУПИТЬ В РЫЧАНИЕ,3,slovo_dictionary,synth_2424,synthetic
НАКОНЕЦ ТОТ ГЕНИЙ ОДИНОКИЙ ЗАТЕМ; ПОТОМ ВЕЖЛИВЫЙ,6,slovo_dictionary,synth_2425,synthetic
ГЛАЗ ОТЧАЯТЬСЯ ТВОЙ ОЧЕНЬ РАЗГНЕВАННЫЙ ЗАБОТА,6,slovo_dictionary,synth_2426,synthetic
ДОСТАТОЧНО ИЗНОШЕННЫЙ ДЕВЯТНАДЦАТЬ ЗАВАРОЧНЫЙ ЧАЙНИК АДАПТИВНЫЙ КОЗА БОЛИТ ОБЛЕГЧЕНИЕ ОТВЕТСТВЕННЫЙ,9,slovo_dictionary,synth_2427,synthetic
ОБЕЩАТЬ НАВСЕГДА ДОВОЛЬНЫЙ ЗАПАСЛИВЫЙ ЛУЧШЕ,5,slovo_dictionary,synth_2428,synthetic
БЕЛЫЙ ПИР ХОЛОДНЫЙ МУДРЫЙ РАБ ДОБРО ПОЖАЛОВАТЬ! СЕМЬСОТ,7,slovo_dictionary,synth_2429,synthetic
СТРАШНЫЙ ГОРДОСТЬ ДЕВЯТНАДЦАТЬ ЖЕНЩИНА ДРУГОЙ ВЕЧЕР,6,slovo_dictionary,synth_2430,synthetic
Н РУБЛЬ ТЕБЯ АДАПТИВНЫЙ СУМАТОХА СЗАДИ,6,slovo_dictionary,synth_2431,synthetic
КАРАНДАШ ЗАТЯГИВАТЬ МОТИВАЦИЯ НОВЫЙ ТАКОЙ,5,slovo_dictionary,synth_2432,synthetic
ВНИЗУ НЕПРЕКЛОННЫЙ ВИТАМИН ТЕ ОСЕНЬ ОТВАЖИТЬСЯ ДОМАШНЕЕ ЖИВОТНОЕ ПРЕДЛОЖИТЬ БЛИЗКО,9,slovo_dictionary,synth_2433,synthetic
РАССТРОЕННЫЙ КОРИЧНЕВЫЙ БАШЕННЫЕ ЧАСЫ СЛЫШАТЬ САМОКОНТРОЛЬ ВОЗДУХ РЕДКО,7,slovo_dictionary,synth_2434,synthetic
АМБИЦИОЗНЫЙ УВЕРЕН ИСТЕРИК СМЕШНОЙ РЫДАТЬ,5,slovo_dictionary,synth_2435,synthetic
КАФЕ РЫЧАНИЕ ДЕНЬ И НОЧЬ ПРЕДЛОЖИТЬ ТОСТ ПОСЛЕ КАРТИНА СОРОК,7,slovo_dictionary,synth_2436,synthetic
ЖДАТЬ НАЗАД КРОКОДИЛ,3,slovo_dictionary,synth_2437,synthetic
ОШЕЛОМИТЬ БЕЖЕВЫЙ ПОЛНЫЙ,3,slovo_dictionary,synth_2438,synthetic
РУЧКА ДОЛЖЕН НЕДОБРЫЙ УРОНИТЬ НЕ ОБНИМАТЬ ДЕЛЬФИН ЛЮБОВНЫЙ,8,slovo_dictionary,synth_2439,synthetic
КУСОК ДИКОЕ ЖИВОТНОЕ С Д,4,slovo_dictionary,synth_2440,synthetic
БЕЛЫЙ БУДУ ГАВКАНЬЕ ЕСТЬ ТРИНАДЦАТЬ 2 ЧАСА ОТНОШЕНИЕ,7,slovo_dictionary,synth_2441,synthetic
Ъ ЗАМУЖЕМ СУХОЙ УЛИЦА ОДЕЖДА ЛЕТО ПИНГВИН СЕВЕР,8,slovo_dictionary,synth_2442,synthetic
РАССЛАБЛЕНИЕ ДОЧЬ ОДИННАДЦАТЫЙ,3,slovo_dictionary,synth_2443,synthetic
ЭТИ ЛЕТУЧАЯ МЫШЬ Д ОЖИДАТЬ ВИТАМИН СУХОЙ,6,slovo_dictionary,synth_2444,synthetic
МОТИВАЦИЯ СТЫДНО ОФИЦИАНТ ПОСЛЕ НЕДАВНИЙ,5,slovo_dictionary,synth_2445,synthetic
ТВОЙ НЕОЖИДАННЫЙ З ЛОСЬ КАНУН,5,slovo_dictionary,synth_2446,synthetic
СЕМЬЯ ДРУГОЙ НАДЕЖДА МИР ИЗМЕНИТЬ М ЗЕЛЁНЫЙ БЫВШИЙ,8,slovo_dictionary,synth_2447,synthetic
ОРАНЖЕВЫЙ ПТИЦА ПЛОХОЙ МОЛОДОЙ ЧАСТЬ,5,slovo_dictionary,synth_2448,synthetic
ВЕРИТЬ ПИНГВИН МУЖЧИНА ПРОДЛЕНИЕ,4,slovo_dictionary,synth_2449,synthetic
МУЖ ПИТЬ ЗЛО ПРЕЗРЕНИЕ КУСОК СРОЧНЫЙ МГНОВЕНИЕ,7,slovo_dictionary,synth_2450,synthetic
ПЕРО ПЕЧАЛЬ ВОСЬМОЙ,3,slovo_dictionary,synth_2451,synthetic
ОБЛАДАТЬ ВСТРЕТИТЬ ЕЙ,3,slovo_dictionary,synth_2452,synthetic
НЕМНОГО СОБАЧИЙ ДОМИК СКУЧАЮЩИЙ,3,slovo_dictionary,synth_2453,synthetic
ВЫ КОПЫТО ДОРОГОЙ НАПРЯЖЕНИЕ ИСПЫТЫВАТЬ КАФЕТЕРИЙ ПОЗДНИЙ БИЛЕТ КАРТИНА ПРОДОЛЖИТЕЛЬНОСТЬ,10,slovo_dictionary,synth_2454,synthetic
КУРИЦА НАВЕРХУ ПРИБЫВАТЬ ОСОБЕННО НЕПРОЗРАЧНОСТЬ СТРАСТЬ,6,slovo_dictionary,synth_2455,synthetic
ХОРОШО ВРЕМЯ 11 ЧАСОВ ПРИРУЧЕННЫЙ КОРОТКИЙ СПОКОЙНЫЙ,5,slovo_dictionary,synth_2456,synthetic
САРКАЗМ ПАУК ПРЕКРАСНЫЙ,3,slovo_dictionary,synth_2457,synthetic
ОШАРАШЕННЫЙ МИЛЕНЬКИЙ В ПРОШЛОМ ГОДУ ВОСЕМЬ,4,slovo_dictionary,synth_2458,synthetic
ЛЕГКИЙ ДАТЬ ПОНЕДЕЛЬНИК НРАВСТВЕННОСТЬ О ЕСТЬ ОТЧАЯННЫЙ Ж МУЖ,9,slovo_dictionary,synth_2459,synthetic
СМУЩЕННЫЙ ГРЯЗНЫЙ НЕЛОВКИЙ; НЕУКЛЮЖИЙ ОТКУСЫВАНИЕ ПЛАВНИК ГНЕВ ДОМИНИРУЮЩИЙ ВЕЖЛИВЫЙ МНЕ,9,slovo_dictionary,synth_2460,synthetic
Ч ИГРАТЬ ПОМЕСЬ ИДТИ СМОТРЕТЬ БЛИЗКО ОЧЕНЬ КЛЮВ,8,slovo_dictionary,synth_2461,synthetic
ДЕНЬГИ НЕДАВНИЙ ВАЖНЫЙ КУРИЦА ВЕРИТЬ ОРАНЖЕВЫЙ,6,slovo_dictionary,synth_2462,synthetic
ОТЛИЧНЫЙ СОБИРАТЬ САРКАЗМ С ДНЕМ РОЖДЕНИЯ ПОГОДА РАССЛАБЛЕНИЕ С СОМНЕНИЕ,8,slovo_dictionary,synth_2463,synthetic
ОСЕНЬ СЛАБОСТЬ О СЛУШАТЬ ДЕСЯТЬ ДИНОЗАВР ОДИННАДЦАТЫЙ НАРУЖУ НАЧИНАТЬ ПЕТУХ,10,slovo_dictionary,synth_2464,synthetic
ВЕЖЛИВЫЙ ЧЕТЫРЕСТА КРАСНЫЙ,3,slovo_dictionary,synth_2465,synthetic
СЛАБОСТЬ ДИСТРЕСС ДОБРЫЙ БЫСТРЫЙ ГРЯЗНЫЙ ОБЪЯТИЕ С ДВЕ ТЫСЯЧИ,8,slovo_dictionary,synth_2466,synthetic
ДЕСЯТЬ ОБЫЧНО ЗАТЕМ; ПОТОМ ЗАЯЦ ПОКАЗАТЬ ПОГОДА ПРЕДПОЧИТАТЬ ОСТАВИТЬ ЧЕТВЕРТЫЙ,9,slovo_dictionary,synth_2467,synthetic
КАРТИНА ВАШ С МИР СМОТРЕТЬ МИЛЫЙ,6,slovo_dictionary,synth_2468,synthetic
ПЯТЬДЕСЯТ ЖИЗНЬ ВИДЕТЬ,3,slovo_dictionary,synth_2469,synthetic
ОКУНАТЬ ВОЗРАДОВАТЬСЯ РАНЕЕ,3,slovo_dictionary,synth_2470,synthetic
МЕДУЗА ОБА ОДАРЕННЫЙ ОБЪЯТИЕ ХЛЕБ КЛЕВАТЬ ПЛАВНИК ОПЫТНЫЙ ЗАКАЗЫВАТЬ,9,slovo_dictionary,synth_2471,synthetic
ПОВЕРХНОСТНЫЙ РАСПИСАНИЕ МЯТЕЖНЫЙ ЛЕТУЧАЯ МЫШЬ ОТВАЖИТЬСЯ Ф СТО,7,slovo_dictionary,synth_2472,synthetic
ДВЕСТИ ИСТЕРИК ЗАКОНЧИТЬ В СОБАЧИЙ ДОМИК НАСЛАЖДАЙСЯ ЛОШАДЬ,7,slovo_dictionary,synth_2473,synthetic
ОТЛОЖИТЬ ОЛЕНЬ ИСПОЛЬЗОВАТЬ В СПЕШКЕ ПРОДЛЕВАТЬ ПОЗОР,6,slovo_dictionary,synth_2474,synthetic
МУЖЧИНА ПОЗВОНИТЬ НА СЕРВИС РАССЕРДИТЬСЯ ТЯЖЁЛЫЙ СЛАБОСТЬ ДОЛЖЕН ЖИВОТНОЕ ЦВЕТОВОЙ ОТТЕНОК СВИНЬЯ ПРОЗРАЧНЫЙ,10,slovo_dictionary,synth_2475,synthetic
ПАНДА ЗАПОЗДАЛЫЙ Ъ ЛАНЧ КЛЮВ ЖАРКИЙ МЕДЛЕННЫЙ ТОЖЕ СЛОВО ДОЛЖЕН,10,slovo_dictionary,synth_2476,synthetic
МАТЬ ЗАНЯТЫЙ ГОТОВЫЙ ВРЕДНЫЙ; ОЗОРНОЙ СЧАСТЛИВЫЙ,5,slovo_dictionary,synth_2477,synthetic
ДОЧЬ ЛАНЧ КРОТОСТЬ,3,slovo_dictionary,synth_2478,synthetic
ДВАЖДЫ У СОТЫ ТЯЖЁЛЫЙ БЛАГОДАРНОСТЬ,5,slovo_dictionary,synth_2479,synthetic
БЕЖЕВЫЙ ТОЖЕ КУБОК НЕОЖИДАННЫЙ,4,slovo_dictionary,synth_2480,synthetic
ВОЗБУЖДЕНИЕ ВРЕМЯ ДЛЯ ИЗМЕРЕНИЙ ЗАВАРОЧНЫЙ ЧАЙНИК КРОЛИК ЛЕГКИЙ ПОДАВЛЕННЫЙ СТРАДАНИЕ,7,slovo_dictionary,synth_2481,synthetic
ОСЕНЬ КОМНАТА МАЛЕНЬКИЙ ДВЕСТИ ГНЕВ ПРИНЕСТИ,6,slovo_dictionary,synth_2482,synthetic
ЗОЛОТОЙ ЗАМУЖЕМ К ЖАДНЫЙ ИНОГДА ЗАДЕРЖИВАТЬ НАШ ЗАКОНЧИТЬ ПРАГМАТИЧНЫЙ,9,slovo_dictionary,synth_2483,synthetic
ВКУС ВСЕГДА КРЫЛО БРЮЗЖАТЬ НАВСЕГДА ОЖИДАТЬ ОПЯТЬ ВКУСНЫЙ ДИКОЕ ЖИВОТНОЕ,9,slovo_dictionary,synth_2484,synthetic
СЕРДИТЫЙ ТЕРЯТЬ СТОЯТЬ ТЁМНЫЙ ВНИЗУ УЛИЦА Я МАТЬ ОСТАНОВИТЬ СУМАТОХА,10,slovo_dictionary,synth_2485,synthetic
НАСЛАЖДАЙСЯ ПОЧЕМУ НЕПРЕКЛОННЫЙ,3,slovo_dictionary,synth_2486,synthetic
"БЕЗОПАСНЫЙ ДОМ ОБМАНЧИВОСТЬ ЧТО-НИБУДЬ НЕЖНЫЙ, МЯГКИЙ",5,slovo_dictionary,synth_2487,synthetic
ОПАСНЫЙ ВАС БЕЗУМНО ОКТЯБРЬ ЛЕВЫЙ ТАК СЕБЕ,6,slovo_dictionary,synth_2488,synthetic
ДОМИНИРУЮЩИЙ ВКУС НАПУГАННЫЙ НАСЛАЖДАЙСЯ ВРЕМЯ ДЛЯ ИЗМЕРЕНИЙ ВЗЯТЬ МОЙ КАНУН,8,slovo_dictionary,synth_2489,synthetic
ЧЕТЫРЕ ПОЛУЧИТЬ НЕОЖИДАННЫЙ МЫТЬ ДОМАШНЕЕ ЖИВОТНОЕ БУМАГА ИМЯ БЕЗОПАСНЫЙ НИЧЕГО,9,slovo_dictionary,synth_2490,synthetic
ВДОХНОВЕНИЕ В ТО ВРЕМЯ КАК ЧАС КОМАР НЕ ЛЮБОПЫТНЫЙ ОТВРАЩЕНИЕ,7,slovo_dictionary,synth_2491,synthetic
РЕБЁНОК ТОЧНО ОБЕСПОКОЕННЫЙ СЕГОДНЯ СТО ОДЕРЖИМЫЙ,6,slovo_dictionary,synth_2492,synthetic
ЛЮДИ КТО? ХОРОШО КРЫСА НАЧИНАТЬ,5,slovo_dictionary,synth_2493,synthetic
ОСТРОУМИЕ БЕГЕМОТ ЗАДЕРЖИВАТЬ ПАНДА БЕЗОПАСНЫЙ ДОБРО ПОЖАЛОВАТЬ!,6,slovo_dictionary,synth_2494,synthetic
ВЫСОКОМЕРНЫЙ УЖАСНЫЙ НЕМЕДЛЕННЫЙ ВИНА НАЧАЛО ДОМ САМООСОЗНАНИЕ ЧЕТЫРЕСТА ДЕКАБРЬ БАБОЧКА,10,slovo_dictionary,synth_2495,synthetic
СУМКА ДРОЖАТЬ М ПЧЕЛА ДЕНЬ И НОЧЬ СКВОЗЬ Д ЧЕТЫРЕ БЫТЬ ОБЪЕКТИВНЫЙ,10,slovo_dictionary,synth_2496,synthetic
ВОЗМОЖНЫЙ ТЕРПЕНИЕ КРОТОСТЬ,3,slovo_dictionary,synth_2497,synthetic
ДИНОЗАВР ЗАВАРОЧНЫЙ ЧАЙНИК МОЛОДОЙ БРАТ ПРОДУМАННЫЙ ПОКРАСНЕТЬ ПЛАВНИК,7,slovo_dictionary,synth_2498,synthetic
ПЯТЬ ЛУЧШИЙ НЕОЖИДАННЫЙ ШЕСТЬДЕСЯТ ПОКАЗАТЬ ДОЧЬ,6,slovo_dictionary,synth_2499,synthetic
СОМНЕНИЕ ЗАТЕМ; ПОТОМ НЕМЕДЛЕННЫЙ ВНУТРЕННЕЕ КЛЮВ ОКУНАТЬ,6,slovo_dictionary,synth_2500,synthetic
САМОПРОВЕРКА ЗАТЯГИВАТЬ ВОЗМОЖНЫЙ СЛОН,4,slovo_dictionary,synth_2501,synthetic
БЫТЬ НЕПРЕКЛОННЫЙ ПЕРЕВАРИВАНИЕ МАЛЕНЬКИЙ РАБОТАТЬ ОЖИДАТЬ,6,slovo_dictionary,synth_2502,synthetic
Ъ СВЕТ Ц ОТКРЫТЬ Х ЕСЛИ,6,slovo_dictionary,synth_2503,synthetic
НИКТО СОМНЕНИЕ КОШКА ДВЕСТИ 6 ЧАСОВ,5,slovo_dictionary,synth_2504,synthetic
СОБАКА ДЕСЯТЫЙ ПРИЛИЧНЫЙ ИЗУЧИТЬ РАНЕЕ,5,slovo_dictionary,synth_2505,synthetic
СОЖАЛЕНИЕ РЕВНИВЫЙ ТЫ ИНТЕЛЛЕКТУАЛЬНЫЙ ПОД КАФЕТЕРИЙ ОЛЕНЬ ЛЕТО ВСЕ,9,slovo_dictionary,synth_2506,synthetic
ИДТИ СОБАЧИЙ ДОМИК ПУСТОЙ ПИСЬМО УВЕРЕН ЖИЗНЬ,6,slovo_dictionary,synth_2507,synthetic
ТАК СЕБЕ ПОСЫЛАТЬ НЕВЕРИЕ ЗАВАРОЧНЫЙ ЧАЙНИК НОЯБРЬ АДАПТИВНОСТЬ ДОВЕРЯТЬ КОПЫТО,8,slovo_dictionary,synth_2508,synthetic
СРОЧНЫЙ ПРЕДУСМОТРИТЕЛЬНЫЙ ПОДЛИННЫЙ ПРИВЕТ!,4,slovo_dictionary,synth_2509,synthetic
ГОРДЫЙ ГРУСТНЫЙ ПЕРЕВАРИВАНИЕ ОСОБЕННЫЙ САМОВОСПРИЯТИЕ РЕБЯЧЕСКИЙ ОДИНОКИЙ МАГАЗИН МЕСТО,9,slovo_dictionary,synth_2510,synthetic
ТРИ ЧАС ДРУЖЕЛЮБНЫЙ,3,slovo_dictionary,synth_2511,synthetic
ЧЕТЫРЕ ТЫСЯЧИ СОМНЕНИЕ В ПРОШЛОМ ГОДУ О ДИСТРЕСС ВНИЗУ ЕХАТЬ,7,slovo_dictionary,synth_2512,synthetic
ТРИДЦАТЬ ПЯТЬДЕСЯТ ДЕВЯТЬ,3,slovo_dictionary,synth_2513,synthetic
ВСТРЕТИТЬ НАРУЖУ ДЕЛАТЬ ВЫВОДЫ СПОКОЙНЫЙ ВЕРИТЬ,5,slovo_dictionary,synth_2514,synthetic
ПОДНОС ЗУБЫ КУВШИН,3,slovo_dictionary,synth_2515,synthetic
ВОСЬМОЙ СОЧУВСТВИЕ МЕСЯЦ КАЛЕНДАРЬ ОБЪЕКТИВНЫЙ СЕМЬДЕСЯТ ОКТЯБРЬ НАЧАЛО,8,slovo_dictionary,synth_2516,synthetic
ЦВЕТА ДЕКАБРЬ МЕДУЗА СОЖАЛЕНИЕ ВОДОПЛАВАЮЩЕЕ НАД МИЛЕНЬКИЙ СМИРИТЬСЯ ДО ЧЕМОДАН,10,slovo_dictionary,synth_2517,synthetic
ПРЕЗРЕНИЕ ЗВЕРЬ ДРОЖАТЬ ПТИЦА СЛОВО ПОЗВОНИТЬ НА СЕРВИС ТАЛАНТ НЕНАВИДЕТЬ РАД СВИНЬЯ,10,slovo_dictionary,synth_2518,synthetic
НАД ЛАНЧ НАСЕЛЯТЬ ВСКРУЖИТЬ АККУРАТНЫЙ СЧАСТЛИВЫЙ САМОАНАЛИЗ ЦЕЛЫЙ,8,slovo_dictionary,synth_2519,synthetic
ЛИТЬ ЕЁ МЫТЬ НАЗНАЧЕННОЕ ВРЕМЯ НОГА ЕЩЕ ПОЧЕМУ,7,slovo_dictionary,synth_2520,synthetic
ЖЁСТКИЙ МЕДЛЕННЫЙ ПОЛЗАНЬЕ ПОЗДНО ЛЕВ,5,slovo_dictionary,synth_2521,synthetic
ЛЮБОВЬ СЕМЬДЕСЯТ ДВЕНАДЦАТЫЙ КРАТКИЙ НАКРЫВАТЬ НА СТОЛ ПОСЛЕ ДА ПОДЛИННЫЙ РАДОСТЬ БРАТ,10,slovo_dictionary,synth_2522,synthetic
ПИСЬМО ОПЫТНЫЙ РВЕНОСТЬ,3,slovo_dictionary,synth_2523,synthetic
ФИОЛЕТОВЫЙ ЗАМУЖЕМ ОТКЛАДЫВАТЬ,3,slovo_dictionary,synth_2524,synthetic
КОПЫТО ВОСЕМЬДЕСЯТ РАССЕРДИТЬСЯ ПОСЛЕ,4,slovo_dictionary,synth_2525,synthetic
ВЫСОКОМЕРНЫЙ ОСТАНОВИТЬ ТЁМНЫЙ СВЕРХУ МОТИВАЦИЯ БЕЛКА ЗУБЫ ТЕРЯТЬ РОЗОВЫЙ,9,slovo_dictionary,synth_2526,synthetic
НЕВОЗМОЖНЫЙ САМООСОЗНАНИЕ ЖЕСТОКИЙ НАБЛЮДАТЕЛЬНОСТЬ ЗАКУСКА ПЕРЕД ЕДОЙ ВСЁ ПОВЕРХНОСТНЫЙ ПАНДА,8,slovo_dictionary,synth_2527,synthetic
ОБЕЗЬЯНА ТЁПЛЫЙ СМЕЛОСТЬ Н МИР ГЕНИЙ СТРОГИЙ ПТИЦА,8,slovo_dictionary,synth_2528,synthetic
АЛЛИГАТОР ДУМАТЬ МЕДВЕДЬ МУРАШКИ ПОЗВОНИТЬ НА СЕРВИС ЛЕТУЧАЯ МЫШЬ ГРЯЗНЫЙ ТРИ Н Г,10,slovo_dictionary,synth_2529,synthetic
РАБ НЕРАДИВЫЙ ИЗВЕСТНЫЙ ПРИРУЧЕННЫЙ ДЕВЯТЫЙ ОБНИМАТЬ НОСОРОГ,7,slovo_dictionary,synth_2530,synthetic
ГОРДЫЙ ЧЕРНЫЙ ДЕРЖАТЬ СТРАДАТЬ ПО ЧАСАМ БОЛИТ КУБОК ВЕЩЬ,8,slovo_dictionary,synth_2531,synthetic
ФИОЛЕТОВЫЙ ОПЯТЬ МАГАЗИН БУТЫЛКА НЕ ВКУС СЧАСТЬЕ,7,slovo_dictionary,synth_2532,synthetic
САМОВОСПРИЯТИЕ ПРАВЫЙ ВОДА,3,slovo_dictionary,synth_2533,synthetic
БЛЕДНЫЙ БЕЗ КНИГА ГЛОТАТЬ РАЗДРАЖАТЬ ПОНЕДЕЛЬНИК НАГЛОСТЬ ПОДРУГА,8,slovo_dictionary,synth_2534,synthetic
ЗАНЯТЫЙ ОТ ДОРОГОЙ ВАМ РАД,5,slovo_dictionary,synth_2535,synthetic
ОСТАНОВИТЬСЯ ВРЕМЯ БРЮЗЖАТЬ СЕСТРА ТЯЖЁЛЫЙ ПОДОЗРЕВАТЬ,6,slovo_dictionary,synth_2536,synthetic
ВСКРУЖИТЬ НАДОЕЛО ЖАДНО ЕСТЬ ПОДРОБНО,4,slovo_dictionary,synth_2537,synthetic
ИСПУГ ХУДШИЙ ЕХАТЬ,3,slovo_dictionary,synth_2538,synthetic
ВНИЗ ОРАНЖЕВЫЙ НАКОНЕЦ РОЗОВАТО-ЛИЛОВЫЙ,4,slovo_dictionary,synth_2539,synthetic
ЗАВИСТЬ ОБРАЗОВАННЫЙ ТРУС ЖДАТЬ ДИСТРЕСС АППЕТИТ ЧЕТЫРЕ В ТО ВРЕМЯ КАК ЧИТАТЬ,9,slovo_dictionary,synth_2540,synthetic
БЛАГОДАРНОСТЬ ТОЧНО ЦЕНА МИЛЫЙ,4,slovo_dictionary,synth_2541,synthetic
"ДАТЬ С МИЛЫЙ Э НРАВСТВЕННОСТЬ Ь НЕЖНЫЙ, МЯГКИЙ БРЮЗЖАТЬ",8,slovo_dictionary,synth_2542,synthetic
ДВЕСТИ ОДИН ВОЗМОЖНО ЦЕМЕНТ НЕВЕРИЕ ВРЕМЯ ОТКЛАДЫВАТЬ,7,slovo_dictionary,synth_2543,synthetic
РЕБЁНОК Х Ч ЧТО КРАСИВЫЙ КУПИТЬ ПЕРО ПОСТОЯННЫЙ БОЛИТ,9,slovo_dictionary,synth_2544,synthetic
ЖУТКИЙ ДОРОГОЙ ЧАШКА ЗЛОСТЬ ЕДА ВИНА КРОМЕ ЛИТЬ ГРУСТНЫЙ И,10,slovo_dictionary,synth_2545,synthetic
ЗНАЧИТЬ КОМНАТА ВОЗДУХ МИНИМУМ НАПУГАННЫЙ БОЛЬ ВАМ ЗАДЕРЖИВАТЬ КАНУН УРОНИТЬ,10,slovo_dictionary,synth_2546,synthetic
ДЕВЯТНАДЦАТЬ ДРОЖАТЬ ДОБРОТА ИЛИ ДОВОЛЬНО РАССЕРДИТЬСЯ,6,slovo_dictionary,synth_2547,synthetic
ХУДШИЙ НАПРАВЛЕНИЕ САМООБМАН НЕУДОБСТВО НАКОНЕЦ,5,slovo_dictionary,synth_2548,synthetic
АДАПТИВНЫЙ РУЧКА АНИМАТОР СЕСТРА КОГДА ОВЦА ЛУЧШЕ,7,slovo_dictionary,synth_2549,synthetic
СЛИШКОМ ЦВЕТОВОЙ ОТТЕНОК МУРАШКИ ПОДРУГА ВЕСЕЛЫЙ СЛАБОСТЬ,6,slovo_dictionary,synth_2550,synthetic
ПИТЬ ПЯТЬ ТЫСЯЧ ПОГОДА ЖАЖДУЩИЙ СЕСТРА,5,slovo_dictionary,synth_2551,synthetic
ОДЕРЖИМЫЙ ШЕСТЬДЕСЯТ АДАПТИВНОЕ ПОВЕДЕНИЕ БАБОЧКА,4,slovo_dictionary,synth_2552,synthetic
ПЕТЬ НАДОЕЛО НЕПРОЗРАЧНОСТЬ ЕДА ЗАТЯГИВАТЬ ОСТАНОВИТЬСЯ ПИТЬЕВАЯ ВОДА,7,slovo_dictionary,synth_2553,synthetic
ГОЛОДНЫЙ ВЕЧНОСТЬ ПОСЛЕДНИЙ ВЕСЬ ВСЕ КРЫЛО ОСТРОУМИЕ СЛЫШАТЬ,8,slovo_dictionary,synth_2554,synthetic
ПОНЕДЕЛЬНИК КЛЕТКА ЧУВСТВОВАТЬ,3,slovo_dictionary,synth_2555,synthetic
ОБЫЧНЫЙ ШЕСТОЙ В НАЧИНАТЬ ТРУСЛИВО ПОКАЯНИЕ НАЗНАЧЕННОЕ ВРЕМЯ ИЗМОЖДЕННЫЙ ПЕТУХ БИЛЕТ,10,slovo_dictionary,synth_2556,synthetic
ПЕТУХ ПОДНОС ПТИЦА БЫТЬ ПОТРЯСЕННЫМ КОМАР ХУДШИЙ ИЛИ ВОСЕМНАДЦАТЬ АКТИВНЫЙ СОЛНЦЕ,10,slovo_dictionary,synth_2557,synthetic
АККУРАТНЫЙ СКУЧНЫЙ ГОЛОДНЫЙ СЕМНАДЦАТЬ БЕСПОКОЙНЫЙ РУЧКА ДЕВЯНОСТО ОСЕНЬ ЕХАТЬ,9,slovo_dictionary,synth_2558,synthetic
ЖИТЬ ТЕ З Ё СОЛЬ НОЯБРЬ МИГРАЦИЯ БОЛИТ 2 ЧАСА ЗУБЫ,10,slovo_dictionary,synth_2559,synthetic
ЛЮБОВНЫЙ ОЗАБОЧЕННЫЙ ХОРОШИЙ КРЕСТ НЕ ВЫНОСИТЬ ЗАСТЕНЧИВЫЙ ВЕСЕЛЫЙ МИЛОСЕРДНЫЙ ПОКАЗАТЬ РАССЛАБЛЕНИЕ,10,slovo_dictionary,synth_2560,synthetic
ЛЕВ ГОТОВЫЙ ЛЕННОСТЬ,3,slovo_dictionary,synth_2561,synthetic
ЖЕНЩИНА ВРЕМЯ ПО ГРИНВИЧУ СЕРДЦЕ СМУЩЕННЫЙ НЕВИНОВНЫЙ ЕЩЕ,6,slovo_dictionary,synth_2562,synthetic
ПРЕДЛОЖИТЬ ЖАЖДА РАБОТАТЬ,3,slovo_dictionary,synth_2563,synthetic
РАЗЪЯРЕННЫЙ ИМПУЛЬС ЧЕТВЕРГ ПОПУГАЙ СЕРДИТЫЙ ВЛЮБЛЕННЫЙ,6,slovo_dictionary,synth_2564,synthetic
ВЛЮБИТЬСЯ СПРОСИТЬ ВОЗБУЖДЕНИЕ,3,slovo_dictionary,synth_2565,synthetic
СПОСОБ ХЛЕБ ВОЗДУХ ИДТИ ДОРОГОЙ РАССЕРДИТЬСЯ ЛЕЖАТЬ БЫСТРО ДЕНЬГИ ИНТЕЛЛЕКТУАЛЬНЫЙ,10,slovo_dictionary,synth_2566,synthetic
СМЕЯТЬСЯ ОСТАНОВИТЬСЯ БЫТЬ ПОТРЯСЕННЫМ ТРУДНЫЙ ПАУК ЛЕНИВЫЙ ВЕЖЛИВЫЙ РАССЕРДИТЬСЯ МУЖСКОЙ ТУАЛЕТ,9,slovo_dictionary,synth_2567,synthetic
СМЕЛОСТЬ ПРАВЫЙ В ТО ВРЕМЯ КАК БЛАГОДАРНОСТЬ БОЛИТ,5,slovo_dictionary,synth_2568,synthetic
ПОЛОЖИТЕЛЬНЫЙ ЖЕНСКИЙ ТУАЛЕТ НЕВИНОВНЫЙ МЕСТО В ТО ВРЕМЯ КАК КУСОК ЖЕСТОКИЙ СУХОЙ КТО? ТРЕТИЙ,10,slovo_dictionary,synth_2569,synthetic
ЗООПАРК БУМАГА ЧТО ТАКОЙ СЛУШАТЬ ОБЫЧНО ПОСЛЕДНИЙ,7,slovo_dictionary,synth_2570,synthetic
СТЫДНО ВОСЕМЬСОТ КОПЫТО ПОКАЯНИЕ Ц ОЛЕНЬ ВЕРБЛЮД ВЧЕРА Щ В,10,slovo_dictionary,synth_2571,synthetic
ПРИЙТИ БЕЗ ПИР НРАВСТВЕННОСТЬ АДАПТИВНОСТЬ МИЛЕНЬКИЙ ПРОНЫРА ПРИВЫК,8,slovo_dictionary,synth_2572,synthetic
СВЕРХУ ТВЕРДЫЙ ГЛОТАТЬ РАССТРОЕННЫЙ ОТТЕНОК СЕРДЦЕ ДОМАШНЕЕ ЖИВОТНОЕ ПЕРЕВОДИТЬ ЧУДЕСНЫЙ,9,slovo_dictionary,synth_2573,synthetic
НИКТО ЦВЕТОВОЙ ОТТЕНОК ЕЩЕ НЕТ ПРОДОЛЖИТЬ,4,slovo_dictionary,synth_2574,synthetic
РАБ ЛЮДИ Г ИЗВЕСТНЫЙ,4,slovo_dictionary,synth_2575,synthetic
НЕПРОЗРАЧНОСТЬ ПЛАВНИК Ь ОПАСНЫЙ МЕНЯ,5,slovo_dictionary,synth_2576,synthetic
ЖЁСТКИЙ КРЫСА ВЗДРАГИВАТЬ ПЛОХОЙ ЧЕЛОВЕК СТРАШНЫЙ ЛИЦЕМЕРНЫЙ ВЗЯТЬ,8,slovo_dictionary,synth_2577,synthetic
Ф ПОКАЯНИЕ ВИЛКА,3,slovo_dictionary,synth_2578,synthetic
РАССЛАБИТЬСЯ НАРУЖУ ПОКА (ЧТО) СМОТРЕТЬ Щ СЕГОДНЯ ГОЛОВА НУЖДАТЬСЯ Б,9,slovo_dictionary,synth_2579,synthetic
ВОЗБУЖДЕНИЕ ОСТРЫЙ ТЁПЛЫЙ БЕЗРАЗЛИЧИЕ ВЕРОЯТНО БЫ,6,slovo_dictionary,synth_2580,synthetic
М СЧАСТЬЕ КОТОРЫЙ ОДИННАДЦАТЬ НЕРАСКРАШЕННЫЙ ВОРОТНИК,6,slovo_dictionary,synth_2581,synthetic
ТЕПЕРЬ МОЛОДОЙ ТОЧНО ВАШ,4,slovo_dictionary,synth_2582,synthetic
КАФЕ ТАМ СОЖАЛЕТЬ,3,slovo_dictionary,synth_2583,synthetic
ПОКРАСНЕТЬ ЧЕТЫРЕСТА ОТВЕТСТВЕННЫЙ ШКОЛА БЕГЕМОТ ПРИВЕЗТИ УПАСТЬ ВСЕГДА ПРОДАТЬ,9,slovo_dictionary,synth_2584,synthetic
ОТВАЖИТЬСЯ ОБЫЧНО НЕРВНЫЙ СТРАШНЫЙ ЛЕБЕДЬ СОГЛАСНО МАЛЕНЬКИЙ КУБОК РАСПИСАНИЕ ЗМЕЯ,10,slovo_dictionary,synth_2585,synthetic
ВАМ ЛОШАДЬ СЕМЬ ПОСТОЯННЫЙ ВЕРБЛЮД МУЖ,6,slovo_dictionary,synth_2586,synthetic
ЦЕМЕНТ СПОКОЙНЫЙ ОПЫТНЫЙ СМЕШНОЙ МЕДЛЕННЫЙ ЗАМУЖЕМ КОПЫТО,7,slovo_dictionary,synth_2587,synthetic
ТЕРПЕНИЕ ОСЕЛ ИСКРЕННИЙ НЕДАВНИЙ ДОЛЖЕН,5,slovo_dictionary,synth_2588,synthetic
НАРОД САМООСОЗНАНИЕ АМБИЦИОЗНЫЙ СЫН КУСОК ДОМИНИРУЮЩИЙ,6,slovo_dictionary,synth_2589,synthetic
ЛАНЧ ОСТАНОВИТЬ СПОСОБ ДЕКАБРЬ ВОЗМОЖНЫЙ,5,slovo_dictionary,synth_2590,synthetic
ОТЧАЯТЬСЯ В НАСТОЯЩЕЕ ВРЕМЯ ПОЗВОНИТЬ НА СЕРВИС,3,slovo_dictionary,synth_2591,synthetic
НЕУДОБНО ВЫСОКИЙ ВОЙ ОТЛОЖИТЬ ОДИННАДЦАТЬ,5,slovo_dictionary,synth_2592,synthetic
ЗЛОБНЫЙ КУСОК ТЕМНОТА,3,slovo_dictionary,synth_2593,synthetic
РАЗРЫДАТЬСЯ ПОКАЯНИЕ ЖАЛОСТЬ ДРУЖЕЛЮБНЫЙ,4,slovo_dictionary,synth_2594,synthetic
МАЛЕНЬКИЙ ФИОЛЕТОВЫЙ ВЕСЬ РОЗОВЫЙ ПРОДОЛЖИТЬ ПОКА ЛЕВЫЙ,7,slovo_dictionary,synth_2595,synthetic
ПОЧКИ СКОЛЬКО ДЕТСКИЙ ПРЕЗРЕНИЕ ЗООПАРК ПОЛНЫЙ,6,slovo_dictionary,synth_2596,synthetic
РАССЛАБИТЬСЯ ФИОЛЕТОВЫЙ ЕЖЕДНЕВНЫЙ Щ ДВА В ТО ВРЕМЯ КАК ОБЕДАТЬ ТОРЖЕСТВЕННЫЙ ЛОГИЧНЫЙ,9,slovo_dictionary,synth_2597,synthetic
СКОРО ЗООПАРК ДЕКАБРЬ,3,slovo_dictionary,synth_2598,synthetic
ШУТИТЬ СОЛНЦЕ ОДНОВРЕМЕННОСТЬ ЗАВИСТЬ МИЛЛИОН ВЛЮБЛЕННЫЙ,6,slovo_dictionary,synth_2599,synthetic
ВЕЗДЕ ЛОСЬ ЦВЕТ ДЕВЯТНАДЦАТЬ ВКУС ШЕСТЬ СПОКОЙНЫЙ НИЗКИЙ,8,slovo_dictionary,synth_2600,synthetic
ЖИЗНЬ БУТЫЛКА БУДУЩЕЕ ТРИ ТЫСЯЧИ ИНТЕЛЛЕКТУАЛЬНЫЙ НАШ КРОКОДИЛ ВРЕМЕННЫЙ ПОТРЯСАЮЩИЙ ДВЕНАДЦАТЬ,10,slovo_dictionary,synth_2601,synthetic
ОКОЛО КРОМЕ МАТЬ ВКУС ПРОЩАНИЕ ВЕСНА ОСТРЫЙ ЕЖИК СОЧУВСТВИЕ,9,slovo_dictionary,synth_2602,synthetic
СВЕРХУ КРОЛИК ПЕРО БЫСТРЫЙ ИНАЧЕ МЕРТВЫЙ НОЛЬ СОЧУВСТВИЕ,8,slovo_dictionary,synth_2603,synthetic
ВНИЗУ ИСПОЛЬЗОВАТЬ СЫН ВОЗБУЖДЕНИЕ В ВОСЕМЬ ПЯТНАДЦАТЬ СЕСТРА СОЧУВСТВИЕ,7,slovo_dictionary,synth_2604,synthetic
АДАПТИВНОЕ ПОВЕДЕНИЕ СТРАШНЫЙ САМОВОСПРИЯТИЕ,3,slovo_dictionary,synth_2605,synthetic
НАЗАД СПАТЬ Е ЖЕЛАТЬ НЕПРОЗРАЧНОСТЬ ПОЗВОЛИТЬ ГРУБЫЙ,7,slovo_dictionary,synth_2606,synthetic
ВЧЕРА РАССТРОЕННЫЙ ЭТО ВРЕДНЫЙ; ОЗОРНОЙ,4,slovo_dictionary,synth_2607,synthetic
КРЕВЕТКА ПОСЫЛАТЬ РАССЛАБЛЕНИЕ СЛИШКОМ Е ЗАБЫТЬ ЖАЛОСТЬ,7,slovo_dictionary,synth_2608,synthetic
ПРИВЫК ОТЧАЯННЫЙ ТРУС БУТЫЛКА Й ДВЕСТИ ПОЛОЖИТЬ СКРОМНЫЙ,8,slovo_dictionary,synth_2609,synthetic
ПУСТОЙ ЖЕЛТЫЙ СЛЕДОВАЛО ИХ БЫ,5,slovo_dictionary,synth_2610,synthetic
БИЛЕТ ПОДАВЛЕННЫЙ В ВОСЕМЬ ПЯТНАДЦАТЬ ЛЮБОВНЫЙ В ТО ВРЕМЯ КАК РАССЛАБИТЬСЯ МЕДЛЕННЫЙ,7,slovo_dictionary,synth_2611,synthetic
КУСАТЬ НИЗКИЙ МУЖЕСТВЕННОСТЬ ПУТЕШЕСТВОВАТЬ,4,slovo_dictionary,synth_2612,synthetic
РЫЧАТЬ САМООСОЗНАНИЕ ИЗВЕСТНЫЙ ДОМОГАТЬСЯ СПОКОЙНЫЙ ПУТЕШЕСТВОВАТЬ ПРОДОЛЖИТЬ ПОПУГАЙ,8,slovo_dictionary,synth_2613,synthetic
ЧЕТЫРЕСТА ЛУЧШЕ СРАЗУ ТАК СЕБЕ СУМАТОХА,5,slovo_dictionary,synth_2614,synthetic
ТАКОЙ Я БЛИЗКО БОЛЬШЕ,4,slovo_dictionary,synth_2615,synthetic
О СТРАХ ВЕСНА ЕЙ,4,slovo_dictionary,synth_2616,synthetic
СУББОТА ВЕСЕЛИТЬСЯ НАРУЖУ СПОКОЙНЫЙ,4,slovo_dictionary,synth_2617,synthetic
ЖЕНЩИНА ПРОДОЛЖИТЕЛЬНОСТЬ ЕЖИК МИГРАЦИЯ ПРОДЛЕНИЕ,5,slovo_dictionary,synth_2618,synthetic
МЫШЬ ГАВКАНЬЕ ПАНДА,3,slovo_dictionary,synth_2619,synthetic
МОЛОДОЙ ВЫРУЧИТЬ ВОПРОС ВСКРУЖИТЬ ЕЩЕ КАНУН ШКОЛА СЛОН,8,slovo_dictionary,synth_2620,synthetic
ДОСТАТОЧНО ЭТО НАЗАД НЕПРОЗРАЧНОСТЬ ОТВРАТИТЕЛЬНЫЙ ПОТРЯСАЮЩИЙ ОБРАЗОВАННЫЙ ДРУГОЙ,8,slovo_dictionary,synth_2621,synthetic
ОКТЯБРЬ ПРЕЗРЕНИЕ 2 ЧАСА ИНТЕЛЛЕКТУАЛЬНЫЙ СЫН,5,slovo_dictionary,synth_2622,synthetic
ВЕСЕЛЫЙ ДЕВОЧКА ПРОНЫРА ПРОЩАНИЕ,4,slovo_dictionary,synth_2623,synthetic
ОДИННАДЦАТЫЙ ВЕСЬ ОТЧАЯТЬСЯ РЕСТОРАН МИГРАЦИЯ,5,slovo_dictionary,synth_2624,synthetic
НЕЛОВКИЙ; НЕУКЛЮЖИЙ КРАСНОВАТЫЙ ДОСТАТОЧНО СПОКОЙНЫЙ БЕЛКА ПОЗВОНИТЬ НА СЕРВИС БОЛЬ ВОСЕМЬСОТ,8,slovo_dictionary,synth_2625,synthetic
Ю ВРАЖДЕБНЫЙ ПАУЧЬЯ СЕТЬ БЫК ЧИСТЫЙ МОЧЬ ПОТОМ ОТВЕТИТЬ ВОПРОС ДЕВЯТНАДЦАТЬ,10,slovo_dictionary,synth_2626,synthetic
ГОРЕВАТЬ НАКОНЕЦ-ТО ПРИЧИНА ЕХАТЬ ПРЕЗИРАТЬ МИЛЫЙ,6,slovo_dictionary,synth_2627,synthetic
ДВЕ ТЫСЯЧИ ПИНГВИН ВЕРБЛЮД МУЖСКОЙ ТУАЛЕТ ТАМ НЕРАСКРАШЕННЫЙ ЖЁЛТЫЙ ЦЕМЕНТ МЕДВЕДЬ,9,slovo_dictionary,synth_2628,synthetic
ЗАБОТА ПЯТНАДЦАТЬ НАПРЯЖЕНИЕ ПРОДЛЕНИЕ НЕ ВЫНОСИТЬ ГОРЕВАТЬ КРОКОДИЛ ДОВОЛЬСТВО ПАВЛИН,9,slovo_dictionary,synth_2629,synthetic
СЕМЬ ИЗВЕСТНЫЙ ТОЛЬКО Ы ПАМЯТЬ МАГАЗИН НАЧАЛО ДОЛЖЕН ВРАЖДЕБНЫЙ ВЕРХ,10,slovo_dictionary,synth_2630,synthetic
ЦЕЛЫЙ ПЛАВНИК Б СПАТЬ ПРИВЕТ! 7:45,6,slovo_dictionary,synth_2631,synthetic
ИСКРЕННИЙ БЕСПОКОЯЩИЙ РОЗОВАТО-ЛИЛОВЫЙ Ш,4,slovo_dictionary,synth_2632,synthetic
ЖАРКИЙ НЕПРОЗРАЧНОСТЬ ТЫ ИМ ОЗАБОЧЕННЫЙ ОДЕЖДА ЧИТАТЬ,7,slovo_dictionary,synth_2633,synthetic
СОМНЕНИЕ ДЕЛЬФИН ДЕЛАТЬ ЯСНЫЙ,4,slovo_dictionary,synth_2634,synthetic
СОБИРАТЬ ПОЛЗАНЬЕ ОДИНОКИЙ ТАК СЕБЕ,4,slovo_dictionary,synth_2635,synthetic
ОСТАТЬСЯ СУМАТОХА ЗАТЯГИВАТЬ ЭТО,4,slovo_dictionary,synth_2636,synthetic
ВЫ ПОЛОЖИТЬ ГОРОД НЕСКОЛЬКО ДОЛЖЕН,5,slovo_dictionary,synth_2637,synthetic
ВОСКРЕСЕНЬЕ ХОРОШО РОГА ГОРДОСТЬ ЗВЕРЬ СЛАБОСТЬ БЫТЬ ПЯТЬДЕСЯТ,8,slovo_dictionary,synth_2638,synthetic
ЗАКАЗЫВАТЬ КОПЫТО ОБРАЗОВАННЫЙ ЧИТАТЬ,4,slovo_dictionary,synth_2639,synthetic
МИЛЫЙ РЫБА ПРЕНЕБРЕЖЕНИЕ,3,slovo_dictionary,synth_2640,synthetic
ТЕРЯТЬ ЗАБРАТЬ ТОТ,3,slovo_dictionary,synth_2641,synthetic
КОШКА КРАСНЫЙ ПРЕДПОЧИТАТЬ МЕСТО СЛАБЫЙ ПОКРАСНЕТЬ ТОРЖЕСТВЕННЫЙ ИСКАТЬ МЫШЬ СЫН,10,slovo_dictionary,synth_2642,synthetic
Э ДАТЬ ТРЕТИЙ ВРЕМЯ 11 ЧАСОВ ПРИЯТНЫЙ ЛОГИЧНЫЙ НИЧЕГО ПЛОХО ЖЕНАТ,9,slovo_dictionary,synth_2643,synthetic
РАДОСТЬ ЗОЛОТОЙ ЕЁ ПАУЧЬЯ СЕТЬ ОДОЛЖИТЬ ЖЕНАТ,6,slovo_dictionary,synth_2644,synthetic
МЕСТО ВАЖНЫЙ КЛЮЧ ВКУС,4,slovo_dictionary,synth_2645,synthetic
В ДЕСЯТЫЙ ТЕРПЕНИЕ НРАВИТЬСЯ ПЕТЬ,5,slovo_dictionary,synth_2646,synthetic
СЛЕДУЮЩИЙ МНОГО Ы ПЛАТА ЗА ВХОД БЛИЗКО Я ЧАШКА ПАВЛИН ВОЗМОЖНО ГОД,10,slovo_dictionary,synth_2647,synthetic
СКУЧАЮЩИЙ НЕРВНЫЙ ВРЕМЯ ПО ГРИНВИЧУ ВОДОПЛАВАЮЩЕЕ,4,slovo_dictionary,synth_2648,synthetic
УВЕРЕН КРОЛИК НАДОЕЛО ДУМАТЬ ЖЕВАТЬ СЕСТРА ЗНАЧИТ СЕМЬСОТ СОГЛАСНО,9,slovo_dictionary,synth_2649,synthetic
ПОНЯТЬ ШЕСТЬ ДЕВЯНОСТО СЕДЬМОЙ ОТЧАЯТЬСЯ ОТЛИЧНЫЙ ВОЗБУЖДЕНИЕ ОДАРЕННЫЙ ДНЕМ,9,slovo_dictionary,synth_2650,synthetic
НЕПРЕКЛОННЫЙ ЖЕНСКИЙ ТУАЛЕТ ОТВРАЩЕНИЕ НАЛОГ,4,slovo_dictionary,synth_2651,synthetic
ГНЕВ НРАВИТЬСЯ КРОТОСТЬ,3,slovo_dictionary,synth_2652,synthetic
НЕВОЗМОЖНЫЙ ГРЯЗНЫЙ ЧТО ЛЕЖАТЬ ОЖИДАТЬ БЕСПОКОИТЬСЯ МЕЖДУ,7,slovo_dictionary,synth_2653,synthetic
ПИНГВИН ПЕТЬ НАБЛЮДАТЕЛЬНОСТЬ ОТКУПОРИВАТЬ СЕМНАДЦАТЬ ЛИСА,6,slovo_dictionary,synth_2654,synthetic
ИЛИ ЖИВОТНОЕ БЕСПОКОЙСТВО ГРЯЗНЫЙ БЕЛЫЙ НОЯБРЬ ПОВЕРХНОСТНЫЙ ТОЖЕ Я,9,slovo_dictionary,synth_2655,synthetic
ТРИ ТЫСЯЧИ ВОСКРЕСЕНЬЕ ДВАДЦАТЬ НАБЛЮДАТЕЛЬНОСТЬ ГОРОД ЗАПОЗДАЛЫЙ КРОМЕ САМООБМАН ЛИТЬ ВЕСЕЛИТЬСЯ,10,slovo_dictionary,synth_2656,synthetic
ПЯТЬДЕСЯТ ПРОДОЛЖИТЬ ОБЕЗЬЯНА СЛЕДОВАЛО ЗАНЯТЫЙ Р МИНУТА ОБНИМАТЬ ОБРАЗОВАННЫЙ АЛЛИГАТОР,10,slovo_dictionary,synth_2657,synthetic
ТЕ НЕПРИЯТНЫЙ СМУЩЕННЫЙ ПИСЬМО,4,slovo_dictionary,synth_2658,synthetic
ТОЛЬКО НАПРЯЖЕНИЕ ВДОХНОВЕНИЕ СЗАДИ,4,slovo_dictionary,synth_2659,synthetic
МЕЖДУ ТЕМ ЛЮБОВЬ ПАУК ИНОГДА ПРИРУЧЕННЫЙ СРОЧНЫЙ ЛОПАТА РАНО ПАНДА,9,slovo_dictionary,synth_2660,synthetic
ЗОЛОТО Д ПРОТИВ ДНЕМ ДЕЛАТЬ ВЫВОДЫ СЕВЕР,6,slovo_dictionary,synth_2661,synthetic
ВАМ ОДЕЖДА ВЕРБЛЮД СЕМЬ ДЕНЬГИ,5,slovo_dictionary,synth_2662,synthetic
ОПЫТНЫЙ ВЛЮБИТЬСЯ ШЕСТНАДЦАТЬ МОЙ АДАПТИВНОСТЬ НЕЛОВКИЙ; НЕУКЛЮЖИЙ,6,slovo_dictionary,synth_2663,synthetic
ТЯЖЁЛЫЙ ОТЧАЯТЬСЯ ИЗНОШЕННЫЙ БЫТЬ ПОТРЯСЕННЫМ ГАВКАНЬЕ ВОСЕМНАДЦАТЬ,6,slovo_dictionary,synth_2664,synthetic
НАДОЕЛО НЕУДОБНО ЯСНЫЙ ПОСЫЛАТЬ ЧЕТЫРЕСТА СЛОВО,6,slovo_dictionary,synth_2665,synthetic
ДНЕМ СУХОЙ ДЕВЯТЬСОТ НАБЛЮДАТЕЛЬНОСТЬ,4,slovo_dictionary,synth_2666,synthetic
ЕЙ ПЕРВЫЙ НОЯБРЬ ДИЕТА С ТЕХ ПОР КАК СУМКА ОТКРЫТЬ,7,slovo_dictionary,synth_2667,synthetic
ПОСЛЕДНИЙ ПОДАВЛЕННЫЙ РАССЛАБЛЕНИЕ ЦВЕТ ЖЕЛАНИЕ МУРАШКИ НАРОД ПРИЛИЧНЫЙ ОРАНЖЕВЫЙ,9,slovo_dictionary,synth_2668,synthetic
ПУТЕШЕСТВОВАТЬ ПО ЧАСАМ НЕНАВИДЕТЬ КАЛЕНДАРЬ ПТИЦА ВИДЕТЬ ХОТЕТЬ С ДНЕМ РОЖДЕНИЯ КТО?,9,slovo_dictionary,synth_2669,synthetic
РАССЕРДИТЬСЯ ПИНГВИН ЗАНЯТЫЙ ОТЛИЧНЫЙ,4,slovo_dictionary,synth_2670,synthetic
ОТВАЖИТЬСЯ ВОЙ СИЛЬНЫЙ ИХ,4,slovo_dictionary,synth_2671,synthetic
УДИВЛЁН ГОРЮЮЩИЙ УГРЮМЫЙ О Ю ГЕНИЙ ПИСЬМО ВОСЕМЬСОТ СОБАЧИЙ ДОМИК,9,slovo_dictionary,synth_2672,synthetic
ОТЕЦ Р СЧАСТЬЕ РАССЕЯННЫЙ БУТЫЛКА СТОЯТЬ,6,slovo_dictionary,synth_2673,synthetic
ОСНОВНОЙ ЦВЕТ ВЛЮБЛЕННЫЙ НЕСКОЛЬКО КАНУН,4,slovo_dictionary,synth_2674,synthetic
ПОГОДА ВЕЖЛИВЫЙ ПЕЧАЛЬ ПОЛУЧИТЬ ПОВЕРХНОСТНЫЙ БЛИЗКО ОЗАБОЧЕННЫЙ ЗДЕСЬ,8,slovo_dictionary,synth_2675,synthetic
ОСОБЕННЫЙ РАНЕЕ ПРИРУЧЕННЫЙ ОКОЛО ВИЛЯТЬ ЗАКУСКА ПЕРЕД ЕДОЙ Ь БЕСПОКОЙНЫЙ СМЕХ ПОЗВОЛИТЬ,10,slovo_dictionary,synth_2676,synthetic
АРОМАТНЫЙ ДИКОЕ ЖИВОТНОЕ НЕПОСЛУШНЫЙ В СПЕШКЕ ВИЛЯТЬ,5,slovo_dictionary,synth_2677,synthetic
АКТИВНЫЙ АППЕТИТ СОРОК,3,slovo_dictionary,synth_2678,synthetic
ЗЕЛЁНЫЙ КРОЛИК 6 ЧАСОВ,3,slovo_dictionary,synth_2679,synthetic
ДЕШЁВЫЙ СОЖАЛЕТЬ ОДАРЕННЫЙ В ВОСЕМЬ ПЯТНАДЦАТЬ ТАКОЙ СТРАХ,6,slovo_dictionary,synth_2680,synthetic
ДРУЖЕЛЮБНЫЙ ОТЛОЖЕННЫЙ ДОВОЛЬНЫЙ ИСПОРЧЕННЫЙ ЗДЕСЬ СЗАДИ МНЕ КОГДА МОТИВАЦИЯ МЕСТО ДЛЯ ПИКНИКА,10,slovo_dictionary,synth_2681,synthetic
МЫ ПРИРУЧЕННЫЙ ЛЮБОВЬ ОБЪЕКТИВНЫЙ,4,slovo_dictionary,synth_2682,synthetic
СУМКА ИСКРЕННИЙ РАССЛАБИТЬСЯ ВСЁ ВИТАМИН СПАТЬ НАХАЛЬНЫЙ ПРИНЕСТИ ВОЛ,9,slovo_dictionary,synth_2683,synthetic
ВЕСЬ ПОЛОЖИТЕЛЬНЫЙ НАДОЕЛО,3,slovo_dictionary,synth_2684,synthetic
БУДУ ПОТОМ РЫЧАНИЕ ПРИЛИЧНЫЙ,4,slovo_dictionary,synth_2685,synthetic
НЕУДОБСТВО СВИНЬЯ БЫВШИЙ НИКТО ОЧЕНЬ,5,slovo_dictionary,synth_2686,synthetic
ПЛАТА ЗА ВХОД РУЧКА ВСТРЕТИТЬ КАНУН ОБЛЕГЧЕНИЕ,5,slovo_dictionary,synth_2687,synthetic
НАКОНЕЦ-ТО ПЧЕЛА БЕЗОПАСНЫЙ МЕСЯЦ ЗАВТРА ВКУСНЫЙ СОМНЕВАТЬСЯ ВОЗБУЖДАТЬ СКОРБЕТЬ ЛОШАДЬ,10,slovo_dictionary,synth_2688,synthetic
СИЛЬНЫЙ ОТЛОЖИТЬ ЧУВСТВОВАТЬ БЕСПОКОИТЬСЯ РАДОСТНЫЙ ВРЕМЕННЫЙ ПРЕДУСМОТРИТЕЛЬНЫЙ ВЕЧНЫЙ ВОДА,9,slovo_dictionary,synth_2689,synthetic
ЗИМА РЫЧАНИЕ ХУДШИЙ ОБНИМАТЬ В СПЕШКЕ ИНТЕЛЛЕКТУАЛЬНЫЙ ЧЕТВЕРГ АДАПТИВНЫЙ ПИТЬ ОРАНЖЕВЫЙ,10,slovo_dictionary,synth_2690,synthetic
ПУТЕШЕСТВИЕ ГОРОД НЕУДОБНО ОТТЕНОК,4,slovo_dictionary,synth_2691,synthetic
НЕВЕРИЕ ПЛАКАТЬ МЕСЯЦ ИСПЫТЫВАТЬ БЫТЬ ОТВАЖИТЬСЯ,6,slovo_dictionary,synth_2692,synthetic
СИЛЬНЫЙ БОРОДА ЗЛОЙ ЛЮБОВЬ СОТЫ ДЯТЕЛ ГНЕВ ВЕСЕННЯЯ,8,slovo_dictionary,synth_2693,synthetic
НЕМЕДЛЕННО НАГЛОСТЬ БЕСПОКОИТЬСЯ ПРОДУМАННЫЙ СТРАШНЫЙ САМООБМАН МИЛЛИОН БУМАГА З,9,slovo_dictionary,synth_2694,synthetic
ПЕТУХ ПРОДЛЕВАТЬ ПРЕДУСМОТРИТЕЛЬНЫЙ ЗАМУЖЕМ МУЖЕСТВЕННОСТЬ ДЕНЬГИ ОТВЕТИТЬ ВЕЖЛИВЫЙ ГОРОД ЛЕЖАТЬ,10,slovo_dictionary,synth_2695,synthetic
НЕУДОБСТВО ЖАЖДУЩИЙ НИКОГДА ЛЕВ,4,slovo_dictionary,synth_2696,synthetic
ЗРЕЛИЩНЫЙ КОРОТКИЙ ТОТ РАДОСТНЫЙ СЕСТРА КЛЮЧ ОТВЕТИТЬ ЧЕЛОВЕК,8,slovo_dictionary,synth_2697,synthetic
СТОРОНА ДЕВЯНОСТО ВЕСЕННЯЯ КАРАНДАШ ВОЗМОЖНЫЙ РЕЛИГИЯ ПЯТЬДЕСЯТ КОГДА ОЖИДАЮЩИЙ,9,slovo_dictionary,synth_2698,synthetic
ПАМЯТЬ УПАСТЬ НЕРВНЫЙ ВЕЛИКИЙ РАЗЪЯРЕННЫЙ,5,slovo_dictionary,synth_2699,synthetic
ПРОДАТЬ ПОЛНЫЙ ПРИНЕСТИ ВЛЮБИТЬСЯ ЕСТЬ ДРУЖЕЛЮБНЫЙ СВЕТ СОЖАЛЕТЬ ОБЛЕГЧЕНИЕ ДЕНЬГИ,10,slovo_dictionary,synth_2700,synthetic
ТОЛЬКО НАС ИЗМОЖДЕННЫЙ РЫБА,4,slovo_dictionary,synth_2701,synthetic
ПЛАТА ЗА ВХОД Б ТВЕРДЫЙ ПРАГМАТИЧНЫЙ НОЯБРЬ НОВОСТИ ПРИРУЧЕННЫЙ БОЯТЬСЯ КОШКА ЖАЖДУЩИЙ,10,slovo_dictionary,synth_2702,synthetic
ЖАЛОСТЬ БЕЗОПАСНЫЙ ДАЖЕ ОТВРАТИТЕЛЬНЫЙ БОЯТЬСЯ,5,slovo_dictionary,synth_2703,synthetic
ВЕЧНОСТЬ СВЕРХУ КРАТКИЙ,3,slovo_dictionary,synth_2704,synthetic
ДОСТАТОЧНО РЫЧАТЬ ОКОЛО ГОЛОД ПОСТЕПЕННО ВОСЕМЬ ПЕТЬ,7,slovo_dictionary,synth_2705,synthetic
СЛЫШАТЬ ВЕРХ ЛЮБОПЫТНЫЙ ХОРОШИЙ ЖЁЛТЫЙ СОТЫ РАЗДРАЖАТЬ ОДИННАДЦАТЬ,8,slovo_dictionary,synth_2706,synthetic
ДОМИНАНТНЫЙ ПЛАКАТЬ ПРИЕМ ПИЩИ ЖАЖДА ГОЛОДНЫЙ ПРИЙТИ ГРУБЫЙ НЕМЕДЛЕННО МИНИМУМ ПОСЛЕ,10,slovo_dictionary,synth_2707,synthetic
ЕЁ ОКУНАТЬ ПИТЬЕВАЯ ВОДА,3,slovo_dictionary,synth_2708,synthetic
СТЫДНО ГОВОРИТЬ МИГРАЦИЯ,3,slovo_dictionary,synth_2709,synthetic
НОЯБРЬ СКАЗАТЬ А БЫТЬ ПОТРЯСЕННЫМ 7:45 ЕДА АДАПТИВНОСТЬ ОДНАЖДЫ ЧЕТЫРНАДЦАТЬ Н,10,slovo_dictionary,synth_2710,synthetic
ДРУГ ВОПРОС РАСПРЕДЕЛЯТЬ ВОЗМОЖНЫЙ ВЕСНА ЖИЗНЬ,6,slovo_dictionary,synth_2711,synthetic
"ОБЪЕКТИВНЫЙ ДЕВЯНОСТО НЕЖНЫЙ, МЯГКИЙ ВСКРУЖИТЬ ТЕРПЕТЬ НУЖДАТЬСЯ СЛЕДУЮЩИЙ ГОРЮЮЩИЙ ОБЫЧНО",9,slovo_dictionary,synth_2712,synthetic
РУЧКА НАСЕЛЯТЬ КОНЕЧНО ЕЖИК ЖАРИТЬ ЧЕЛОВЕК,6,slovo_dictionary,synth_2713,synthetic
НАПРЯЖЕНИЕ СЕМЬ НАРУЖУ КАРТИНА НАРОД ПОЛОЖИТЬ УВЕРЕННЫЙ ОДАРЕННЫЙ ПРЕДУСМОТРИТЕЛЬНЫЙ,9,slovo_dictionary,synth_2714,synthetic
ОТКЛАДЫВАТЬ ПИСАТЬ ГОРЕВАТЬ НОЛЬ СЕМЬЯ СПРОСИТЬ БЕСПОКОЙСТВО ОДИН,8,slovo_dictionary,synth_2715,synthetic
ЖАЖДУЩИЙ ОБЕСПОКОЕННЫЙ ЧЕРНЫЙ,3,slovo_dictionary,synth_2716,synthetic
ВЕЛИКИЙ ОБЪЕКТИВНЫЙ ИЗНОШЕННЫЙ КУВШИН ВОЙ ОШИБКА ДЕСЯТЬ СЧАСТЛИВЫЙ СЛОВО ВЫСОКИЙ,10,slovo_dictionary,synth_2717,synthetic
ВСТРЕТИТЬ НЕВЕРИЕ ОДИНОКИЙ НАКОНЕЦ ИЛИ ТОЧНО,6,slovo_dictionary,synth_2718,synthetic
ВОСХИЩАТЬСЯ НЕВОЗМОЖНЫЙ БИЛЕТ ОЗАБОЧЕННЫЙ СТРОГИЙ,5,slovo_dictionary,synth_2719,synthetic
ОТКУСЫВАНИЕ БУМАГА ТРУСЛИВО РОЗОВЫЙ ПОНЯТЬ ЖЁСТКИЙ РЫДАТЬ ХОТЕТЬ,8,slovo_dictionary,synth_2720,synthetic
ЧЕМОДАН ОБУЧАТЬ ОЗАБОЧЕННЫЙ,3,slovo_dictionary,synth_2721,synthetic
ЧЕТЫРЕ НАИВНЫЙ НЕОЖИДАННЫЙ ОТЕЦ,4,slovo_dictionary,synth_2722,synthetic
ЗНАЧИТЬ АДАПТИВНОСТЬ РЕСТОРАН,3,slovo_dictionary,synth_2723,synthetic
ДЕКАБРЬ СЛЕДУЮЩИЙ ВОЗБУЖДАТЬ ПРОДЛЕНИЕ,4,slovo_dictionary,synth_2724,synthetic
ПОТОМ СМЕХ ОДНАЖДЫ СТРОГИЙ ЦВЕТОВОЙ ОТТЕНОК ДЕВЯТЫЙ СВЕРХУ ГРУСТНЫЙ,8,slovo_dictionary,synth_2725,synthetic
РАЗЪЯРЕННЫЙ ОСЕНЬ СЕДЬМОЙ ИЛИ КРАСНЫЙ ПРАГМАТИЧНЫЙ КРАТКИЙ,7,slovo_dictionary,synth_2726,synthetic
ВРЕМЯ ПО ГРИНВИЧУ ЛЯГУШКА КРЫЛО НАВСЕГДА НЕПРИЯТНЫЙ ИЗВЕСТНЫЙ ЛУЧШЕ,7,slovo_dictionary,synth_2727,synthetic
МИНУТА НИКТО СТРАШНЫЙ ИМЕТЬ ОБЕЩАТЬ ТВОЙ АКУЛА ОБЛАДАТЬ,8,slovo_dictionary,synth_2728,synthetic
ВРЕДНЫЙ; ОЗОРНОЙ ШЕСТЬ ЧАШКА ДВАДЦАТЬ СУМКА ПОМОЧЬ,6,slovo_dictionary,synth_2729,synthetic
СЕВЕР КАФЕ СТО МЕДВЕДЬ ВРАЖДЕБНЫЙ,5,slovo_dictionary,synth_2730,synthetic
ВРЕД ЖУТКИЙ ВОЗБУЖДАТЬ ЗАБРАТЬ Б НИЗКИЙ УВЕРЕН БОЛЬШОЙ,8,slovo_dictionary,synth_2731,synthetic
РОЗОВАТО-ЛИЛОВЫЙ ЧТО-НИБУДЬ Л ПОНЯТЬ РАНЕЕ ВЕРОЯТНО МАГАЗИН ВЕСЕЛЫЙ СЛАБОСТЬ,9,slovo_dictionary,synth_2732,synthetic
АККУРАТНЫЙ НОВОСТИ ИМЕТЬ ЛЕНИВЫЙ ПОЛОЖИТЬ ПОДЛИННЫЙ СЛИШКОМ ВСЁ,8,slovo_dictionary,synth_2733,synthetic
ПРОТИВ ОБЛАДАТЬ ОТНОШЕНИЕ,3,slovo_dictionary,synth_2734,synthetic
ПРИЕМ ПИЩИ СЧАСТЬЕ ТЫ БЕЗРАЗЛИЧИЕ Х ТЕРПЕНИЕ ГОВОРИТЬ ВЫСОКОМЕРНЫЙ,8,slovo_dictionary,synth_2735,synthetic
СЧАСТЛИВЫЙ НРАВИТЬСЯ ЧАСТО КАФЕ УРОНИТЬ,5,slovo_dictionary,synth_2736,synthetic
МАЛЬЧИК ТРУСЛИВО ТРИСТА ОСТРЫЙ ВЕСЬ ДРУГОЙ Я ОПАСНЫЙ МУЖ ОБЪЯТИЕ,10,slovo_dictionary,synth_2737,synthetic
КУСОК БЫСТРЫЙ СТЫДНО ПОДНОС СТРАННЫЙ ВРЕМЯ МЯТЕЖНЫЙ ЕЖИК ВОЗДУХ,9,slovo_dictionary,synth_2738,synthetic
ЧЕТВЕРГ Ь ЖЕНАТ,3,slovo_dictionary,synth_2739,synthetic
РВЕНОСТЬ ГОРДОСТЬ УДИВЛЁН ВЫ НОВОСТИ КНИГА ПРОДЛЕВАТЬ ЖЁСТКИЙ НИКТО ЧЕТЫРЕСТА,10,slovo_dictionary,synth_2740,synthetic
ЛЮБИТЬ ОШАРАШЕННЫЙ ЕСЛИ,3,slovo_dictionary,synth_2741,synthetic
ЗАМУЖЕМ ПОМОЧЬ ПРОДУМАННЫЙ ГНЕЗДО,4,slovo_dictionary,synth_2742,synthetic
ОЖИДАЮЩИЙ ГОД ЛЕГКИЙ ВОЗМОЖНЫЙ ВОСЬМОЙ ЖЕЛАТЬ СТРАДАНИЕ Ъ УРОНИТЬ,9,slovo_dictionary,synth_2743,synthetic
ЧЕМОДАН ЧУЖОЙ МАГАЗИН ОСТАВИТЬ ЧАСЫ СТРАСТЬ НОГА НЕПРОЗРАЧНОСТЬ ОБЫЧНО МАЛЕНЬКИЙ,10,slovo_dictionary,synth_2744,synthetic
РОТ ДОБРЫЙ БЕГЕМОТ ЗДЕСЬ РАСПРЕДЕЛЯТЬ,5,slovo_dictionary,synth_2745,synthetic
ПРИЯТНЫЙ ГЕНИЙ СКУЧАЮЩИЙ ВЕЧНЫЙ ПРОДЛЕВАТЬ ЧЕТЫРЕ ВСЁ,7,slovo_dictionary,synth_2746,synthetic
ПОЧКИ РАЗЪЯРЕННЫЙ НАВСЕГДА ПРЕДЫДУЩИЙ ЖАРКИЙ ГЛОТАТЬ ЖАДНО ВЧЕРА ДВЕНАДЦАТЬ,8,slovo_dictionary,synth_2747,synthetic
ЭТОТ ЭТИ РАССЛАБИТЬСЯ РАНО С,5,slovo_dictionary,synth_2748,synthetic
НАДЕЖДА ЯЗЫК ДОВОЛЬНО ЗРЕЛИЩНЫЙ,4,slovo_dictionary,synth_2749,synthetic
МАТЬ ПОНЯТЬ ДОВЕРЯТЬ ОСТАНОВИТЬСЯ ДЕШЁВЫЙ ВОДОПЛАВАЮЩЕЕ ПЯТНАДЦАТЬ САМОПРОВЕРКА СВИНЬЯ,9,slovo_dictionary,synth_2750,synthetic
ДЕВЯТНАДЦАТЬ СЕМЬДЕСЯТ НЕМНОГО,3,slovo_dictionary,synth_2751,synthetic
РАНЕЕ ВЕЩЬ НУЖДАТЬСЯ НИКОГДА ПРОНЫРА ДЛИННЫЙ ГОРЮЮЩИЙ ЗАМУЖЕМ СВИНЬЯ,9,slovo_dictionary,synth_2752,synthetic
СТО МАЛЕНЬКИЙ НАВЕРХУ УПАСТЬ ОДЕРЖИМЫЙ ВИТАМИН ЗВУК,7,slovo_dictionary,synth_2753,synthetic
Ш СВИСТОК СЛАБЫЙ САМОМНЕНИЕ ДО НАСЕЛЯТЬ,6,slovo_dictionary,synth_2754,synthetic
ГОРДОСТЬ ДОВОЛЕН НЕДАВНИЙ ТЕРЯТЬ ГАВКАНЬЕ МИЛЫЙ БОЯТЬСЯ УРОНИТЬ ГЛОТАТЬ,9,slovo_dictionary,synth_2755,synthetic
КУБОК РАЗДРАЖАТЬ СМЕШНОЙ ЛУЧШЕ ВРЕМЯ 11 ЧАСОВ РУЧКА ВДОХНОВЛЯТЬ СТОЯТЬ ЗРЕЛИЩНЫЙ,9,slovo_dictionary,synth_2756,synthetic
НАКРЫВАТЬ НА СТОЛ ЖАДНО ЕСТЬ ОДИН ПОТОМ,4,slovo_dictionary,synth_2757,synthetic
ОЛЕНЬ ОТВЕТСТВЕННЫЙ ДЕЛАТЬ,3,slovo_dictionary,synth_2758,synthetic
Ь ВРАЖДЕБНЫЙ ВЧЕРА СТРАДАНИЕ МИЛЫЙ ЗРЕЛИЩНЫЙ НЕЖНЫЙ БОРОДА,8,slovo_dictionary,synth_2759,synthetic
ДАЖЕ СЕРЕБРО ПАУК СИЛЬНЫЙ МОЛОДОЙ ОБЛАДАТЬ ДЕНЬГИ,7,slovo_dictionary,synth_2760,synthetic
ХОРОШО ВЫСОКОМЕРНЫЙ А,3,slovo_dictionary,synth_2761,synthetic
НЕДЕЛЯ ОЗАБОЧЕННЫЙ ВЕЧЕР ЛИЦО ЛУЧШЕ ВОДОПЛАВАЮЩЕЕ,6,slovo_dictionary,synth_2762,synthetic
БРАТ ШЕСТЬ НЕРАСКРАШЕННЫЙ,3,slovo_dictionary,synth_2763,synthetic
ПОЗДНИЙ ЛОШАДЬ ТОЛЬКО ЖЕСТОКИЙ СКОЛЬКО ЕЖЕДНЕВНЫЙ И,7,slovo_dictionary,synth_2764,synthetic
МИНУТА ПРЕНЕБРЕЖЕНИЕ СОМНЕВАТЬСЯ У,4,slovo_dictionary,synth_2765,synthetic
ОСЕНЬ РУБЛЬ ДОМОГАТЬСЯ ПАВЛИН ТРИ ПЛОХО ЧЕМОДАН ПОНЕДЕЛЬНИК ЭТИ,9,slovo_dictionary,synth_2766,synthetic
ЗОЛОТОЙ А ПОДОЗРЕВАТЬ,3,slovo_dictionary,synth_2767,synthetic
ГЛОТАТЬ ЖАДНО ЦВЕТ НАД ОБА ВТОРОЙ ЦЕНА,6,slovo_dictionary,synth_2768,synthetic
МЕСТО ГАВКАНЬЕ ПРЕДЫДУЩИЙ,3,slovo_dictionary,synth_2769,synthetic
СКАЗАТЬ БЛЕДНЫЙ СОБАЧИЙ ДОМИК ОДИНОКИЙ,4,slovo_dictionary,synth_2770,synthetic
СЛАБОСТЬ ЗООПАРК ПЯТНИЦА СЧАСТЬЕ,4,slovo_dictionary,synth_2771,synthetic
ЗНАЧИТЬ ДЕЛАТЬ КРЕСТ СТАРЫЙ Е СПРОСИТЬ,6,slovo_dictionary,synth_2772,synthetic
ТЕБЯ СКРОМНЫЙ ВИНА ТОЧНО МЯТЕЖНЫЙ ДЕВОЧКА ВЕСЕЛИТЬСЯ ТОРЖЕСТВЕННЫЙ,8,slovo_dictionary,synth_2773,synthetic
ПОТРЯСАЮЩИЙ ПЛАТА ЗА ВХОД Т ОТЕЦ,4,slovo_dictionary,synth_2774,synthetic
ДВА ЖИВОТНОЕ ВЛЮБИТЬСЯ БОРОДА ЛИСА ВОСЕМЬДЕСЯТ,6,slovo_dictionary,synth_2775,synthetic
СЮРПРИЗ РАСПИСАНИЕ ВОЗРАДОВАТЬСЯ КОЗА,4,slovo_dictionary,synth_2776,synthetic
ПРОДОЛЖИТЬ БУТЫЛКА РЕСТОРАН НАКОНЕЦ ПОСЛЕДНИЙ МНОГО ВЕРХ СЛАБЫЙ РЫЧАТЬ ПОВАР,10,slovo_dictionary,synth_2777,synthetic
ГОВОРИТЬ ОДИННАДЦАТЫЙ СЮРПРИЗ,3,slovo_dictionary,synth_2778,synthetic
РАСПРЕДЕЛЯТЬ ЗАБЫТЬ Ю ВЛЮБИТЬСЯ НЕДОБРЫЙ АККУРАТНЫЙ ОТКРЫТЬ СУМКА,8,slovo_dictionary,synth_2779,synthetic
ОБЕЩАТЬ ИНТЕРЕСНЫЙ КЛЕВАТЬ,3,slovo_dictionary,synth_2780,synthetic
ИЛИ ИНОГДА ОЖИВЛЕННЫЙ МЕДЛЕННЫЙ ЗЕЛЁНЫЙ БЛИЗКО ПОЗДНИЙ РОГА,8,slovo_dictionary,synth_2781,synthetic
ТРЕТИЙ РАД ВОСХОД СОЛНЦА ЗАБРАТЬ ОХОТНО ВДОХНОВЕНИЕ ПОВЕРХНОСТНЫЙ,7,slovo_dictionary,synth_2782,synthetic
ДОБРО ПОЖАЛОВАТЬ! САРКАЗМ МУРАШКИ ДЕЛЬФИН ИСПУГ ТАЛАНТ МЕСЯЦ,7,slovo_dictionary,synth_2783,synthetic
СКУЧНЫЙ ВАМ ВДОХНОВЕНИЕ ДВЕ ТЫСЯЧИ НЕРАСКРАШЕННЫЙ В ВОСЕМЬ ПЯТНАДЦАТЬ,6,slovo_dictionary,synth_2784,synthetic
ТРУС МИНУТА ЕСТЬ ЖАДНО ЕСТЬ САМОАНАЛИЗ БЫК,6,slovo_dictionary,synth_2785,synthetic
НАМ ГОРЕ ДОЧЬ НАЧИНАТЬ ТАК СЕБЕ ПЛАКАТЬ ВОДА СУМАТОХА ОТЛОЖИТЬ ПОЛНЫЙ,10,slovo_dictionary,synth_2786,synthetic
ЦВЕТ ИМЯ РАЗЛИЧНЫЙ СУББОТА КОЗА,5,slovo_dictionary,synth_2787,synthetic
ТЩЕСЛАВНЫЙ ГЛАЗ ДЕВЯТЬСОТ КРОТОСТЬ С ХОТЕТЬ,6,slovo_dictionary,synth_2788,synthetic
ВЕРХ ЗОЛОТО ВИЛЯТЬ ИХ ХЛЕБ ВАЖНЫЙ ЗАТЯГИВАТЬ ЧАШКА,8,slovo_dictionary,synth_2789,synthetic
КОРОНА ТРИДЦАТЬ ПОСЛЕДНИЙ ГЛОТАТЬ,4,slovo_dictionary,synth_2790,synthetic
ОСТАВИТЬ В ВОСЕМЬ ПЯТНАДЦАТЬ ПОДОЗРЕВАТЬ КРАСИВЫЙ ГРУБЫЙ ЗНАЧИТ ВЗЯТЬ КРУЖКА СЛОН,9,slovo_dictionary,synth_2791,synthetic
СПОСОБ ШЕСТНАДЦАТЬ ПЕТЬ ВЕРИТЬ,4,slovo_dictionary,synth_2792,synthetic
КОМНАТА ОЖИДАЮЩИЙ БУДУ ЧЕТВЕРТЫЙ ГЛОТАТЬ ЖАДНО СЛАБЫЙ НАРУЖУ ЕЩЕ НЕТ ГОВОРИТЬ,9,slovo_dictionary,synth_2793,synthetic
ПРАВША СТАРЫЙ ВОСЕМНАДЦАТЬ ЗАКУСКА ПЕРЕД ЕДОЙ В НАСТОЯЩЕЕ ВРЕМЯ ДВАДЦАТЬ ПРОНЫРА И,8,slovo_dictionary,synth_2794,synthetic
СЛИШКОМ НИКОГДА ПРИВЕЗТИ ЗАКУСКА ПЕРЕД ЕДОЙ ЛИСА,5,slovo_dictionary,synth_2795,synthetic
РАССТРОЕННЫЙ ПЕТУХ ОПЫТНЫЙ ВИЛКА ПОСТОЯННЫЙ ДЕКАБРЬ,6,slovo_dictionary,synth_2796,synthetic
ПЛАКАТЬ АККУРАТНЫЙ ОБЕДАТЬ МЯТЕЖНЫЙ ПИСАТЬ С ТЕХ ПОР КАК ДЯТЕЛ ГНЕЗДО СЕРЕБРО ЗЛОБНЫЙ,10,slovo_dictionary,synth_2797,synthetic
НРАВИТЬСЯ ВЕЩЬ ОДИННАДЦАТЬ ТАКОЙ ВЕСЕЛИТЬСЯ ВОЗБУЖДАТЬ ПЯТЬ ТЕБЕ СЕМЬСОТ,9,slovo_dictionary,synth_2798,synthetic
НАЙТИ ВВЕРХ БРАТ БЕСПОКОИТЬСЯ,4,slovo_dictionary,synth_2799,synthetic
МИГРАЦИЯ ПОДНОС НЕМЕДЛЕННЫЙ НАВСЕГДА БЕЛКА КЛЕВАТЬ РАССТРОЙСТВО,7,slovo_dictionary,synth_2800,synthetic
МЫТЬ ПУСТОЙ ВЛЮБЛЕННЫЙ ПЛАТИТЬ ВДОХНОВЛЯТЬ КРАТКИЙ КЛЮВ НЕРВНЫЙ,8,slovo_dictionary,synth_2801,synthetic
АВГУСТ СВИНЬЯ ВЕРОЯТНО ЖЕЛТЫЙ СПРОСИТЬ ПИНГВИН,6,slovo_dictionary,synth_2802,synthetic
ГАВКАНЬЕ ЗОЛОТОЙ ЕСТЬ ПЕРЕВАРИВАТЬ НАЙТИ ДАТЬ ШЕСТЬ РАССЕЯННЫЙ ПИНГВИН,9,slovo_dictionary,synth_2803,synthetic
ПЯТЫЙ СКАЗАТЬ НОВОСТИ ПОЛНЫЙ,4,slovo_dictionary,synth_2804,synthetic
ГНЕВ Ф НОЛЬ ДРОЖАТЬ ВОСХОД СОЛНЦА ЧЕТВЕРТЫЙ БЕЗОПАСНЫЙ ОСОБЕННО,8,slovo_dictionary,synth_2805,synthetic
ВЕСЕЛЫЙ ТЕМНОТА ОБМАНЧИВОСТЬ С ДНЕМ РОЖДЕНИЯ УЖЕ ЗЛО РАБ,7,slovo_dictionary,synth_2806,synthetic
ЕХАТЬ Д СЗАДИ ИСПУГАННЫЙ МНЕ,5,slovo_dictionary,synth_2807,synthetic
ИНАЧЕ Щ ГОРЕВАТЬ ОХОТНО ЕЩЕ ЖЕЛАНИЕ ВЫРУЧИТЬ КРАСНЫЙ СТО В СПЕШКЕ,10,slovo_dictionary,synth_2808,synthetic
НАДЕЯТЬСЯ ЖЕНАТ ИСКРЕННИЙ РОЗОВЫЙ КОЗЕЛ ВЕЧЕР РОГА ПИТЬ НЕРВНЫЙ,9,slovo_dictionary,synth_2809,synthetic
РАЗЪЯРЕННЫЙ ТАМ ВОСХОД СОЛНЦА,3,slovo_dictionary,synth_2810,synthetic
НЕПРЕКЛОННЫЙ ЛЮДИ ПРИБЫВАТЬ,3,slovo_dictionary,synth_2811,synthetic
МОТИВАЦИЯ КУБОК ЛЕВ МОДНЫЙ ЛУЧШЕ 7:45 НИКОГДА УЖЕ,8,slovo_dictionary,synth_2812,synthetic
Г ОПЫТНЫЙ ЖЕЛТЫЙ В ТО ВРЕМЯ КАК КРАСНЫЙ СТРОГИЙ ТЕРЯТЬ,7,slovo_dictionary,synth_2813,synthetic
ВОСЕМЬДЕСЯТ ПОКА СЫН РЕБЁНОК,4,slovo_dictionary,synth_2814,synthetic
КОНЕЧНО НАШ ШЕСТОЙ ЧАШКА ДОМИНИРУЮЩИЙ ОТЧАЯТЬСЯ НЕОЖИДАННЫЙ КОЗЕЛ,8,slovo_dictionary,synth_2815,synthetic
ЖЕЛТЫЙ ШЕСТНАДЦАТЬ СВЕТ ДЕЛАТЬ ВЫВОДЫ НОГА ОКОЛО ПЛОХОЙ СОМНЕНИЕ,8,slovo_dictionary,synth_2816,synthetic
КУБОК ПОМОЧЬ ФУТБОЛ УДИВЛЁН СЛОН ОСТРОУМИЕ Ш ТРИСТА СПОКОЙНЫЙ,9,slovo_dictionary,synth_2817,synthetic
ЗЛО ДОВОЛЬСТВО УПАСТЬ,3,slovo_dictionary,synth_2818,synthetic
ЖАРИТЬ ГЛОТАТЬ ЖАДНО АДАПТИВНОЕ ПОВЕДЕНИЕ,3,slovo_dictionary,synth_2819,synthetic
ЛЮБОПЫТНЫЙ ЖДАТЬ МЕЖДУ ТЕМ ПРЕДЛОЖИТЬ ТОСТ СВЕТ ХОТЕТЬ ПРИЙТИ ПОЗДНО ЛОГИЧНЫЙ,9,slovo_dictionary,synth_2820,synthetic
ГРУБЫЙ КУБОК ПОМОЧЬ НЕОБХОДИМЫЙ ПОДРУГА ЧЕТЫРНАДЦАТЬ ТОЛЬКО ПРИНЕСТИ ВОСЕМЬ НЕУВАЖЕНИЕ,10,slovo_dictionary,synth_2821,synthetic
ОХОТНО ПУТЕШЕСТВОВАТЬ ВОДОПЛАВАЮЩЕЕ ЧУДЕСНЫЙ ОЧЕНЬ МИР СУМАТОХА ВАЖНЫЙ,8,slovo_dictionary,synth_2822,synthetic
ГЛОТАТЬ ЖАДНО ДОВЕРЯТЬ БЛАГОПОЛУЧИЕ ЧЕТВЕРТЫЙ ГОЛОВА АКУЛА ГОРЕВАТЬ,7,slovo_dictionary,synth_2823,synthetic
ЛАНЧ ПЯТНИЦА С ДНЕМ РОЖДЕНИЯ ВЫРУЧИТЬ ЛЕЧЬ ЧАСЫ КУПИТЬ НЕВЕРИЕ,8,slovo_dictionary,synth_2824,synthetic
ПЫЛЕСОС ПОЛОЖИТЕЛЬНЫЙ ВЕРХ ЛЮДИ,4,slovo_dictionary,synth_2825,synthetic
С ТЕХ ПОР КАК ЕЖИК ПЕРЕВАРИВАТЬ ЖАЖДА ОТКУСЫВАНИЕ,5,slovo_dictionary,synth_2826,synthetic
ОТВАЖИТЬСЯ ОТКРЫТЬ ОТЛОЖИТЬ ОЖИДАЮЩИЙ МЕНЯ ОБНИМАТЬ ВАЖНЫЙ ЗУБЫ,8,slovo_dictionary,synth_2827,synthetic
ОБНИМАТЬ СЕМЬЯ С ТЕХ ПОР КАК МНЕ Ь,5,slovo_dictionary,synth_2828,synthetic
ВСЁ НАД ПРЕКРАСНЫЙ БЕСПОКОЯЩИЙ КЛЮВ,5,slovo_dictionary,synth_2829,synthetic
ДЕСЯТЫЙ ДИЕТА ВКУСНЫЙ ЗУБЫ ИДТИ ИЗНОШЕННЫЙ ПРИВЕЗТИ ЗАДЕРЖИВАТЬ ДВАДЦАТЬ ПОД,10,slovo_dictionary,synth_2830,synthetic
ОТТЕНОК ВОПРОС ПОДНОС ТРИСТА СВЕТ ХЛЕБ САМООСОЗНАНИЕ ВЧЕРА,8,slovo_dictionary,synth_2831,synthetic
П ДОМ ИСПУГАННЫЙ НАРУЖУ ИЛИ ПОПУГАЙ ЧЕТВЕРТЫЙ НОЧЬ,8,slovo_dictionary,synth_2832,synthetic
РАЗГНЕВАННЫЙ ЗАВТРА ОСТАНОВИТЬСЯ КРЕСТ,4,slovo_dictionary,synth_2833,synthetic
НЕУВАЖЕНИЕ ОБЕЗЬЯНА ОДЕРЖИМЫЙ ВАШ БЫТЬ НОВЫЙ ДИКОЕ ЖИВОТНОЕ,7,slovo_dictionary,synth_2834,synthetic
КОМНАТА БРАТ ОТКРЫТЬ АККУРАТНЫЙ,4,slovo_dictionary,synth_2835,synthetic
ВНИЗ ВЗЯТЬ МУЖСКОЙ ТУАЛЕТ КОЗЕЛ ОБА НАЧАТЬ БЫСТРО ВОДА,8,slovo_dictionary,synth_2836,synthetic
ФИОЛЕТОВЫЙ ДИЕТА СЛУШАТЬ,3,slovo_dictionary,synth_2837,synthetic
ОСТОРОЖНЫЙ ДВЕ НЕДЕЛИ НЕСЧАСТЬЕ ПРЕДПОЧИТАТЬ,4,slovo_dictionary,synth_2838,synthetic
М БРАТ ВОСХОД СОЛНЦА ЗАВИСТЬ ДОМИНИРУЮЩИЙ,5,slovo_dictionary,synth_2839,synthetic
Щ ВОЗДУХ ЧЕМОДАН С,4,slovo_dictionary,synth_2840,synthetic
ИСПУГ ГОЛОВА ПРЕДУСМОТРИТЕЛЬНЫЙ ОДЕЖДА В БЕЛЫЙ НАШ ОДНАЖДЫ ОЖИДАЮЩИЙ ЦВЕТ,10,slovo_dictionary,synth_2841,synthetic
БЕСПОКОЯЩИЙ НУЖДАТЬСЯ СВОБОДНЫЙ РАЗЛИЧНЫЙ ЛИЦЕМЕРНЫЙ ЖИВОТНОЕ Ж ДОВОЛЬНЫЙ,8,slovo_dictionary,synth_2842,synthetic
ЧТО-НИБУДЬ СОМНЕВАТЬСЯ ВЕСЕЛИТЬСЯ,3,slovo_dictionary,synth_2843,synthetic
ЖИЗНЬ ОСЕНЬ Й ВСЕГДА БАНКЕТ РАСПИСАНИЕ АЛЛЕРГИЯ НА ЕДУ ЛУЧШЕ ХОРОШО,9,slovo_dictionary,synth_2844,synthetic
ЖАРКИЙ КОГДА НАШЕСТВИЕ,3,slovo_dictionary,synth_2845,synthetic
СТРАШНЫЙ САМОПРОВЕРКА ТЁМНЫЙ ГОРЬКИЙ Й ЖИЗНЬ ЛАНЧ МЫТЬ НАМ Б,10,slovo_dictionary,synth_2846,synthetic
СОЧУВСТВИЕ ТОРЖЕСТВЕННЫЙ ДЕНЬ ДОМИНАНТНЫЙ НЕ ВЫНОСИТЬ ПОДРУГА КЛЮЧ ВРЕМЯ 11 ЧАСОВ,8,slovo_dictionary,synth_2847,synthetic
ИХ МЕДВЕДЬ ИЛИ,3,slovo_dictionary,synth_2848,synthetic
МЕСТО ДЛЯ ПИКНИКА СЛУШАТЬ ПРЕДЛОЖИТЬ ТОСТ ПОЗДНО ПОДРОБНО НАЗНАЧЕННОЕ ВРЕМЯ КОНЕЧНО СТРАСТЬ,8,slovo_dictionary,synth_2849,synthetic
ВИНА ГЕНИЙ РАССТРОЙСТВО,3,slovo_dictionary,synth_2850,synthetic
КУВШИН ЭТОТ ОБМАНЧИВОСТЬ НАВЕРХУ ЖЁСТКИЙ ПОЗДНО ОДИН ВОСТОК СТРАХ,9,slovo_dictionary,synth_2851,synthetic
ГРЯЗНЫЙ СЕСТРА ВИЛЯТЬ,3,slovo_dictionary,synth_2852,synthetic
ВЗДРАГИВАТЬ ГЛОТАТЬ ЖАДНО К МОЧЬ БУДУ ВАЖНЫЙ,6,slovo_dictionary,synth_2853,synthetic
МЕСТО ВЕЛИКИЙ ВСЕГДА,3,slovo_dictionary,synth_2854,synthetic
ЗНАТЬ ОТВРАТИТЕЛЬНЫЙ БОРОДА ВЫ САМОКОНТРОЛЬ ОШИБКА,6,slovo_dictionary,synth_2855,synthetic
ДЕШЁВЫЙ КРОМЕ МЕДУЗА ПТИЦА БРЮЗЖАТЬ ФУТБОЛ,6,slovo_dictionary,synth_2856,synthetic
ШЕСТОЙ ПЛОХОЙ ПРОДУМАННЫЙ СКРОМНЫЙ,4,slovo_dictionary,synth_2857,synthetic
САМООБМАН НОСОРОГ ЧЕТВЕРГ КОЗЕЛ,4,slovo_dictionary,synth_2858,synthetic
ПРЕКРАСНЫЙ МИЛЛИОН ПРИЧИНА ТРИДЦАТЬ,4,slovo_dictionary,synth_2859,synthetic
ОТЛОЖИТЬ ХУДШИЙ ПОСТЕПЕННО ОБЫЧНО РЕВНИВЫЙ,5,slovo_dictionary,synth_2860,synthetic
ПИСАТЬ Я ПРОДАТЬ БЛАГОДАРНОСТЬ МИНУТА РАБОТАТЬ ПОСТЕПЕННО ДЕВЯНОСТО ОТКУСЫВАНИЕ ВЕЩЬ,10,slovo_dictionary,synth_2861,synthetic
ПОПУГАЙ ИСТЕРИК ВЫСОКИЙ ПРАГМАТИЧНЫЙ ГРЯЗНЫЙ,5,slovo_dictionary,synth_2862,synthetic
ПЕРО СЛЫШАТЬ БОЛЬШОЙ ЛИЦО СМИРИТЬСЯ ЧАСТО ЗАБОТА САРКАЗМ ЧАСТЬ СЕРЕБРО,10,slovo_dictionary,synth_2863,synthetic
НАДЕЖДА ИЗ-ЗА ДОБРЫЙ,3,slovo_dictionary,synth_2864,synthetic
ВРЕДНЫЙ; ОЗОРНОЙ СТОЙКОСТЬ ОДОЛЖИТЬ ПИР О,5,slovo_dictionary,synth_2865,synthetic
ПОДРОБНО РЕСТОРАН ОТЧАЯТЬСЯ ВОЗМОЖНО 7:45 ТЕПЕРЬ ЛАНЧ НОЛЬ ЧЕТЫРЕ НОГА,10,slovo_dictionary,synth_2866,synthetic
СРЕДА ВОДА ПОЗДНИЙ,3,slovo_dictionary,synth_2867,synthetic
СКУЧАЮЩИЙ ОШЕЛОМИТЬ ВАМ ПИР О ОТКУПОРИВАТЬ ДОВОЛЬНО ИНАЧЕ МЕРТВЫЙ,9,slovo_dictionary,synth_2868,synthetic
ТРИ ТЫСЯЧИ ИЗМОЖДЕННЫЙ ВЗДРАГИВАТЬ ПОТРЯСАЮЩИЙ ЮГ,5,slovo_dictionary,synth_2869,synthetic
ОТЕЦ ОЖИВЛЕННЫЙ СТО НАКРЫВАТЬ НА СТОЛ СПОКОЙНЫЙ РАССТРОЕННЫЙ ТРУСЛИВО ЧУЖОЙ,8,slovo_dictionary,synth_2870,synthetic
"РАД ПОСЛЕ УВЕРЕННЫЙ Я СМЕЯТЬСЯ ХОРОШИЙ ЗНАТЬ НЕЖНЫЙ, МЯГКИЙ РАДОСТНЫЙ",9,slovo_dictionary,synth_2871,synthetic
КУСОК Щ ИЗНОШЕННЫЙ БЕСПОКОЙСТВО ОКОЛО НЕДАВНИЙ,6,slovo_dictionary,synth_2872,synthetic
ОШАРАШЕННЫЙ НЕРАСКРАШЕННЫЙ РАД МУРАШКИ ДЕТСКИЙ,5,slovo_dictionary,synth_2873,synthetic
ВЕЩЬ ПРЕДАННЫЙ ПРОДУМАННЫЙ ГРЯЗНЫЙ НАКОНЕЦ ЖЕЛАНИЕ НАЧАЛО САРКАЗМ ЗАПОЗДАЛЫЙ,9,slovo_dictionary,synth_2874,synthetic
СВИСТОК НЕПОСЛУШНЫЙ РАССЛАБИТЬСЯ ДАЖЕ СМОТРЕТЬ ЧУВСТВОВАТЬ ПОД ДУМАТЬ РАССЕРДИТЬСЯ СМЕШНОЙ,10,slovo_dictionary,synth_2875,synthetic
И ВРАЖДЕБНЫЙ ХУДШИЙ ЧИСТЫЙ ЧАС РАЗЛИЧНЫЙ ЗАДЕРЖИВАТЬ,7,slovo_dictionary,synth_2876,synthetic
ВНИЗ НАМ ВОЗБУЖДЕННЫЙ КОРОТКИЙ НЕСКОЛЬКО КРЕВЕТКА НЕСЧАСТЬЕ ЛЕГКИЙ ОБА БЕЗУМНО,10,slovo_dictionary,synth_2877,synthetic
ПЛОХОЙ НИКОГДА ИСПЫТЫВАТЬ,3,slovo_dictionary,synth_2878,synthetic
ЯЗЫК КОЗЕЛ ВИНА,3,slovo_dictionary,synth_2879,synthetic
ПРОЩАНИЕ КОГДА ДОМИНАНТНЫЙ ЧЕТЫРЕСТА ПОЧКИ ТРИНАДЦАТЬ ВСЕ КОРМИТЬ ОБЕЩАТЬ САМОПРОВЕРКА,10,slovo_dictionary,synth_2880,synthetic
СКУЧАЮЩИЙ БЕСПОКОЯЩИЙ ЗАПАСЛИВЫЙ ПРЕДАННЫЙ,4,slovo_dictionary,synth_2881,synthetic
КУБОК ЧЕТВЕРГ РАД ЛАНЧ СОЧУВСТВИЕ ОТКУСЫВАНИЕ,6,slovo_dictionary,synth_2882,synthetic
ЧУЖОЙ БИЛЕТ Р ДЕКАБРЬ ПЕРЕВАРИВАНИЕ УТРО,6,slovo_dictionary,synth_2883,synthetic
РАДОСТЬ НАДЕЯТЬСЯ ЭТИ РАССЕРДИТЬСЯ ЕЖИК РАНЕЕ УРОНИТЬ ПОДРОБНО,8,slovo_dictionary,synth_2884,synthetic
НАЧАЛО ДВЕСТИ НЕМНОГО СКРОМНЫЙ ФУТБОЛ,5,slovo_dictionary,synth_2885,synthetic
НАШ ЖАРИТЬ ДОМАШНЕЕ ЖИВОТНОЕ ВОСЕМЬСОТ А,5,slovo_dictionary,synth_2886,synthetic
СВЕРХУ ОЛЕНЬ ПОТОМ ПАНДА ЗАТЯГИВАТЬ НЕМЕДЛЕННО ЧАСЫ МЕРТВЫЙ СТОРОНА ТЫ,10,slovo_dictionary,synth_2887,synthetic
ВНУТРЕННЕЕ ВАШ НАШ ТОРЖЕСТВЕННЫЙ БЛИЗКО ОСТРЫЙ ИНАЧЕ НОЯБРЬ,8,slovo_dictionary,synth_2888,synthetic
НЕМЕДЛЕННО ПИНГВИН В ВОСЕМЬ ПЯТНАДЦАТЬ ИМЯ ГЛАЗ ИЛИ ЭТОТ ЛУЧШЕ ПЕРЕВАРИВАТЬ ЖИЗНЬ,10,slovo_dictionary,synth_2889,synthetic
ОТ ОТКУСЫВАНИЕ РЕДКО ИНОСТРАННЫЙ ВДОХНОВЛЯТЬ ШЕСТЬДЕСЯТ ВЕЖЛИВЫЙ ВЕЧНОСТЬ,8,slovo_dictionary,synth_2890,synthetic
ИМПУЛЬС ПИСЬМО ВИЛКА СЫН ЖИРАФ ПРЕКРАСНЫЙ РАБОТАТЬ СТОРОНА КЛЕТКА ОДЕЖДА,10,slovo_dictionary,synth_2891,synthetic
ДИЕТА БЫК ЧУДЕСНЫЙ РАССЛАБИТЬСЯ РОТ СЛИШКОМ СТРАСТЬ,7,slovo_dictionary,synth_2892,synthetic
ОДЕРЖИМЫЙ ПОТОМ ЖЕЛАТЬ,3,slovo_dictionary,synth_2893,synthetic
ЦВЕТ С ПЕРЕВОДИТЬ ДИКОЕ ЖИВОТНОЕ СЕМЬДЕСЯТ ТОРЖЕСТВЕННЫЙ МОДНЫЙ ПОВАР ЗАКОНЧИТЬ ЖЁСТКИЙ,10,slovo_dictionary,synth_2894,synthetic
ДОМОГАТЬСЯ ТРИСТА ВНИЗУ БЫТЬ ВРЕД Ш ЧАС БУТЫЛКА,8,slovo_dictionary,synth_2895,synthetic
УЛИЦА НАХАЛЬНЫЙ ОСОБЕННО МЕДЛЕННЫЙ МЕСТО НУЖДАТЬСЯ,6,slovo_dictionary,synth_2896,synthetic
ДИНОЗАВР ПЯТЫЙ ВЫСОКОМЕРНЫЙ БЫ В СПЕШКЕ СТОЙКОСТЬ ЛЕЖАТЬ ИСПОЛЬЗОВАТЬ,8,slovo_dictionary,synth_2897,synthetic
ПРИВЕЗТИ МИЛЛИОН ГЛОТАТЬ ОРАНЖЕВЫЙ ОБЕЗЬЯНА ПО ЧАСАМ Ж ПЕРЕВАРИВАТЬ НИЧЕГО,9,slovo_dictionary,synth_2898,synthetic
Х ПОКРАСНЕТЬ БУТЫЛКА НАЧИНАТЬ ЦЕЛЫЙ ДОБРЫЙ ПРОДОЛЖИТЕЛЬНОСТЬ,7,slovo_dictionary,synth_2899,synthetic
ТРУСЛИВО СМУЩЕННЫЙ ЛЮБОПЫТНЫЙ ПРИВЕТ! ЛАНЧ МАТЬ ОБЪЯТИЕ СВОБОДНЫЙ ПРИНЕСТИ,9,slovo_dictionary,synth_2900,synthetic
УЖАСНЫЙ ВЕСЁЛЫЙ ГОВОРИТЬ СВЕТ ЛЕННОСТЬ,5,slovo_dictionary,synth_2901,synthetic
ЖДАТЬ ПЫЛЕСОС АМБИЦИОЗНЫЙ НЕПРЕКЛОННЫЙ ПОДЛИННЫЙ ЗРЕЛИЩНЫЙ НЕЖНЫЙ СОРОК,8,slovo_dictionary,synth_2902,synthetic
БЕЗОПАСНЫЙ НЕОЖИДАННЫЙ КРУЖКА КРЕСТ ВЫИГРЫШ СМЕШНОЙ ЗАПАД,7,slovo_dictionary,synth_2903,synthetic
ОСТАВИТЬ БЛЕДНЫЙ ТРУС СЛОВО СТО СОТЫ ОТЧАЯТЬСЯ,7,slovo_dictionary,synth_2904,synthetic
ОТЕЦ ЯЗЫК ОБЛЕГЧЕНИЕ ОБУЧАТЬ ИЛИ РАБ ЗАБРАТЬ УГРЮМЫЙ ПОДНОС ТЕРПЕТЬ,10,slovo_dictionary,synth_2905,synthetic
ВОДА ТОЧНО НАДОЕЛО СТРАСТЬ,4,slovo_dictionary,synth_2906,synthetic
ЕСТЬ БЕСПОКОИТЬСЯ ПОТРЯСАЮЩИЙ,3,slovo_dictionary,synth_2907,synthetic
ОШЕЛОМИТЬ ЖЕНЩИНА МЫШЬ ПРЕНЕБРЕЖЕНИЕ,4,slovo_dictionary,synth_2908,synthetic
ПЯТЬ ТЫСЯЧ БЛИЗКО ПОЛЗАНЬЕ НАКРЫВАТЬ НА СТОЛ ЮГ СТРОГИЙ ЗНАЧИТЬ,7,slovo_dictionary,synth_2909,synthetic
ЖЕНЩИНА БУТЫЛКА ПОЛОЖИТЕЛЬНЫЙ ХОТЕТЬ НЕОБХОДИМЫЙ ДВЕНАДЦАТЬ ВДОХНОВЕНИЕ ГОЛОВА ПРОДУМАННЫЙ ЗАЯЦ,10,slovo_dictionary,synth_2910,synthetic
ПИСАТЬ ЗОЛОТОЙ ЖДАТЬ СРАЗУ ХОЛОДНЫЙ ЕХАТЬ ПЯТЬ ТЫСЯЧ ЗВУК,8,slovo_dictionary,synth_2911,synthetic
СЛОН ЗАПОЗДАЛЫЙ СИНИЙ ВОЗМОЖНО ЧЕТЫРЕСТА НЕЖНЫЙ,6,slovo_dictionary,synth_2912,synthetic
САМОВОСПРИЯТИЕ ВОСХИЩАТЬСЯ ЧУВСТВОВАТЬ КРАТКИЙ КАРТИНА ПИСАТЬ СУХОЙ ПРОДОЛЖИТЬ РАДОСТНЫЙ ЖДАТЬ,10,slovo_dictionary,synth_2913,synthetic
ТАЛАНТ МЕЖДУ ТЕМ ГОРОД КАРАНДАШ ВОЛ ИСПУГ СТРАХ НЕПРИЯТНЫЙ,8,slovo_dictionary,synth_2914,synthetic
ТРЕТИЙ ЛЕНИВЫЙ ПРАВША ЗАТЕМ; ПОТОМ,4,slovo_dictionary,synth_2915,synthetic
РЫДАТЬ ОДИНОКИЙ РАД ЗООПАРК ГЛАЗ,5,slovo_dictionary,synth_2916,synthetic
ШЕСТНАДЦАТЬ МЫШЬ СЕМНАДЦАТЬ ОБА ГРЯЗНЫЙ СЕРДИТЫЙ ХЛЕБ ДОБРОТА ОБЫЧНЫЙ,9,slovo_dictionary,synth_2917,synthetic
УВЕРЕННЫЙ РЫБА ПЯТЬСОТ ДИЕТА ПИТЬЕВАЯ ВОДА ВОЗМОЖНЫЙ ОБЪЯТИЕ,7,slovo_dictionary,synth_2918,synthetic
ЗАЯЦ ПОКА (ЧТО) СВОБОДНЫЙ ВОЗМОЖНЫЙ КОГОТЬ НЕУДОБНО,6,slovo_dictionary,synth_2919,synthetic
ДВЕ НЕДЕЛИ ОТВРАЩЕНИЕ ЗАКОНЧИТЬ ДЕВЯТЬСОТ НИКОГДА,5,slovo_dictionary,synth_2920,synthetic
ЛЕВЫЙ ПОГОДА НАЛОГ,3,slovo_dictionary,synth_2921,synthetic
ИМ СЕМЬДЕСЯТ ПРОДОЛЖИТЕЛЬНОСТЬ ОСТОРОЖНЫЙ,4,slovo_dictionary,synth_2922,synthetic
ЛЮБОПЫТНЫЙ ЭТОТ ПРЕДАННЫЙ ВОСЬМОЙ ПИТЬЕВАЯ ВОДА ЗИМА,6,slovo_dictionary,synth_2923,synthetic
ПОЛОЖИТЬ ГОД ДНЕМ ДЛИННЫЙ ИСПОРЧЕННЫЙ ПАМЯТЬ Я,7,slovo_dictionary,synth_2924,synthetic
ОШЕЛОМИТЬ ОСТАТЬСЯ ПИТЬЕВАЯ ВОДА КОРМИТЬ ГОРДОСТЬ РОЗОВЫЙ БИЛЕТ,7,slovo_dictionary,synth_2925,synthetic
ВЕРОЯТНО МГНОВЕНИЕ ОПЫТНЫЙ ПРЕКРАСНЫЙ,4,slovo_dictionary,synth_2926,synthetic
ОЖИДАЮЩИЙ СОЛНЦЕ ОБА ПОСЛЕДНИЙ РАССЛАБЛЕНИЕ ЦВЕТОВОЙ ОТТЕНОК ПОМЕСЬ РАНЕЕ,8,slovo_dictionary,synth_2927,synthetic
ВЕЖЛИВЫЙ НЕНАВИДЕТЬ ПАУК,3,slovo_dictionary,synth_2928,synthetic
ВЕЖЛИВЫЙ НАЙТИ РАЗРЫДАТЬСЯ ТОРЖЕСТВЕННЫЙ ВЕЧЕР ОТВРАЩЕНИЕ КРОКОДИЛ,7,slovo_dictionary,synth_2929,synthetic
Ю СОБАКА ПИТЬ ЖАДНЫЙ ВОСХОД СОЛНЦА ОКОЛО КНИГА ОСОБЕННЫЙ,8,slovo_dictionary,synth_2930,synthetic
"ИНОСТРАННЫЙ ИЗ-ЗА ОСТРЫЙ НЕЖНЫЙ, МЯГКИЙ ИДТИ ГОВОРИТЬ ОБЛАДАТЬ ПРОЗРАЧНЫЙ ПОЗДНИЙ",9,slovo_dictionary,synth_2931,synthetic
УПАСТЬ НАЙТИ ЗЛО ГЛУПЫЙ ПРИВЕЗТИ ЛИСА,6,slovo_dictionary,synth_2932,synthetic
ГОД НОГА ЖАДНОСТЬ БЕЗРАЗЛИЧИЕ ПРИБЫВАТЬ ДЕНЬ НЕ,7,slovo_dictionary,synth_2933,synthetic
БЕЗРАЗЛИЧИЕ МЕЖДУ СЕВЕР,3,slovo_dictionary,synth_2934,synthetic
ДОРОГОЙ ЧЕРНЫЙ ОРАНЖЕВЫЙ ДОЧЬ КРУЖКА ГОЛОД,6,slovo_dictionary,synth_2935,synthetic
СРАЗУ ПОГОДА ДОВОЛЬНЫЙ,3,slovo_dictionary,synth_2936,synthetic
ПОВЕРХНОСТНЫЙ НЕ УТРО ЗАБЫТЬ ПОЗВОЛИТЬ БУДУЩЕЕ,6,slovo_dictionary,synth_2937,synthetic
ВОСЬМОЙ ВРЕДНЫЙ; ОЗОРНОЙ ГОТОВЫЙ,3,slovo_dictionary,synth_2938,synthetic
РЕБЁНОК ЧЕТЫРЕСТА ДЕВЯНОСТО ПЛОХОЙ РАЗРЫДАТЬСЯ РЕБЯЧЕСКИЙ РУЧКА НЕВЕРИЕ РАБ,9,slovo_dictionary,synth_2939,synthetic
СКРОМНЫЙ БУДУЩЕЕ СУМАТОХА ВЕРИТЬ,4,slovo_dictionary,synth_2940,synthetic
БЫСТРЫЙ ВАМ ВЫ,3,slovo_dictionary,synth_2941,synthetic
БЫСТРО ПИСАТЬ СТРАННЫЙ ЗАЯЦ,4,slovo_dictionary,synth_2942,synthetic
ОСТРОУМИЕ СЧАСТЬЕ ТРЕТИЙ СЕРЕБРО ВЫ ЛЕННОСТЬ ОСЕНЬ ОТЧАЯННЫЙ ДОСТАТОЧНО НАДЕЖДА,10,slovo_dictionary,synth_2943,synthetic
ИСПЫТЫВАТЬ ПОНЯТЬ СЛОН,3,slovo_dictionary,synth_2944,synthetic
ОТВРАТИТЕЛЬНЫЙ ВАШ ОСЕЛ ХЛЕБ,4,slovo_dictionary,synth_2945,synthetic
ПИСАТЬ БЫСТРО ДИЕТА ОТВРАЩЕНИЕ ПЕЧАЛЬ ЧЕТЫРЕ ТЫСЯЧИ ДЕВЯТЬСОТ ВЕЧНЫЙ ПЯТЬДЕСЯТ,9,slovo_dictionary,synth_2946,synthetic
КОЗЕЛ КАРАНДАШ НЕВОЗМОЖНЫЙ,3,slovo_dictionary,synth_2947,synthetic
ПРИНЕСТИ ПОЛНЫЙ МАЛЬЧИК,3,slovo_dictionary,synth_2948,synthetic
ТЕРПЕНИЕ ЧТО-НИБУДЬ ЖЕЛАНИЕ МЕРТВЫЙ БЛАГОГОВЕНИЕ ПОЧВА МЕСТО ДЛЯ ПИКНИКА ЦВЕТА ВРЕМЯ,9,slovo_dictionary,synth_2949,synthetic
БЫСТРЫЙ УВЕРЕН ЖЁЛТЫЙ ШУТИТЬ СЕДЬМОЙ ПРИЙТИ СЗАДИ ЗЛОБНЫЙ ЕЁ,9,slovo_dictionary,synth_2950,synthetic
РЕБЁНОК П ПОКАЯНИЕ ЖАЖДА ПОЧЕМУ И СИНИЙ,7,slovo_dictionary,synth_2951,synthetic
СТАРЫЙ НАИВНЫЙ ЖЕЛАНИЕ СРОЧНЫЙ ОСОБЕННЫЙ РАНО,6,slovo_dictionary,synth_2952,synthetic
ПРОДОЛЖИТЬ ИСКАТЬ ЧТО-НИБУДЬ ВЕРХ ОТВРАТИТЕЛЬНЫЙ,5,slovo_dictionary,synth_2953,synthetic
СЛАБЫЙ СКУЧАЮЩИЙ ИМ ВОЗБУЖДЕНИЕ,4,slovo_dictionary,synth_2954,synthetic
МЕНЯ ВСКРУЖИТЬ БОРОДА НРАВСТВЕННОСТЬ,4,slovo_dictionary,synth_2955,synthetic
ЭТО ПЯТНАДЦАТЬ СТРАШНЫЙ,3,slovo_dictionary,synth_2956,synthetic
ЗРЕЛИЩНЫЙ ОТЛОЖИТЬ ОКОЛО САМОПРОВЕРКА,4,slovo_dictionary,synth_2957,synthetic
НЕРВНЫЙ ЕДА ЛЮБОВНЫЙ ВЫСОКОМЕРНЫЙ ВОСЬМОЙ ПОЧЕМУ ДВЕНАДЦАТЬ ТЕБЯ,8,slovo_dictionary,synth_2958,synthetic
ОСОБЕННО ВЕСЕННЯЯ СОЧУВСТВИЕ ЗУБЫ ОБЕДАТЬ,5,slovo_dictionary,synth_2959,synthetic
ЗАБОТА НИЧЕГО ТРИ ТЫСЯЧИ ГОРЮЮЩИЙ,4,slovo_dictionary,synth_2960,synthetic
СЕРЕБРО ДВЕНАДЦАТЫЙ ПРАВЫЙ ВИЛЯТЬ ПРОДЛЕНИЕ ОТКРЫТЬ В СПЕШКЕ ЛЮБИТЬ,8,slovo_dictionary,synth_2961,synthetic
СМЕЛОСТЬ МУЖ ВОСТОК ОФИЦИАНТ СКАЗАТЬ ОБНИМАТЬ СКУЧАЮЩИЙ ПОДЛИННЫЙ,8,slovo_dictionary,synth_2962,synthetic
ДИЕТА НЕЛОВКИЙ; НЕУКЛЮЖИЙ ШЕСТЬДЕСЯТ ПРЕДЫДУЩИЙ БУДУ ПАНДА ИНИЦИАТИВА НРАВСТВЕННОСТЬ М ГОЛОВА,10,slovo_dictionary,synth_2963,synthetic
ПРИЧИНА ЗАКАЗЫВАТЬ БЕЖЕВЫЙ ВАШ 6 ЧАСОВ,5,slovo_dictionary,synth_2964,synthetic
ПРАГМАТИЧНЫЙ СТРАШНЫЙ ОТРИЦАТЕЛЬНЫЙ ДОСТАТОЧНО РАССТРОЙСТВО,5,slovo_dictionary,synth_2965,synthetic
ПРИЕМ ПИЩИ АМБИЦИОЗНЫЙ Р НАД НИКТО ОБА НИЗКИЙ ЧЕТВЕРГ,8,slovo_dictionary,synth_2966,synthetic
НЕСЧАСТЬЕ КРОЛИК ТОЧНО Е РАССЛАБИТЬСЯ У БОЮСЬ ПРАВША СИЛЬНЫЙ,9,slovo_dictionary,synth_2967,synthetic
ЗАНЯТЫЙ КОЗА ЗМЕЯ ВОСЕМЬДЕСЯТ,4,slovo_dictionary,synth_2968,synthetic
ВКУС НЕПРОЗРАЧНОСТЬ УТРО ПОЗДНО В ДИКОЕ ЖИВОТНОЕ ЗАПАД,7,slovo_dictionary,synth_2969,synthetic
ОБНИМАТЬ ДЕСЯТЫЙ ДЕЛАТЬ МЕЛКИЙ ГЛОТОК ОШАРАШЕННЫЙ ИСКРЕННИЙ СМОТРЕТЬ ЧАСТО,7,slovo_dictionary,synth_2970,synthetic
МЕРТВЫЙ НАМ БЕЖЕВЫЙ ВНИЗ ТЕРЯТЬ,5,slovo_dictionary,synth_2971,synthetic
ПРЕДЫДУЩИЙ СЧАСТЛИВЫЙ ЕЖЕДНЕВНЫЙ БУДУ ГОРОД,5,slovo_dictionary,synth_2972,synthetic
БОЮСЬ СКВОЗЬ ЗАПАСЛИВЫЙ ДЕШЁВЫЙ,4,slovo_dictionary,synth_2973,synthetic
НАКОНЕЦ НАВЕРХУ КЛЮЧ ПРОЗРАЧНЫЙ,4,slovo_dictionary,synth_2974,synthetic
ДОРОГА ВЕСЁЛЫЙ РАННИЙ ПРОДАТЬ,4,slovo_dictionary,synth_2975,synthetic
ТРУСЛИВО АВГУСТ ОСЕЛ ГОЛОВА,4,slovo_dictionary,synth_2976,synthetic
ДЕКАБРЬ ДОМИНИРУЮЩИЙ ПОКАЗАТЬ БЫСТРО БУМАГА ЖАДНОСТЬ ОСТАНОВИТЬСЯ,7,slovo_dictionary,synth_2977,synthetic
ВЕРБЛЮД ОСТРОУМИЕ РАСПИСАНИЕ ИЗМЕНИТЬ М ЖАЖДА НАМ,7,slovo_dictionary,synth_2978,synthetic
ДИСТРЕСС ВЕСЕЛИТЬСЯ КУВШИН МОТИВАЦИЯ ОХОТНО НАЗАД КОГДА,7,slovo_dictionary,synth_2979,synthetic
ГЛОТАТЬ ВОСХИЩАТЬСЯ ИЗНОШЕННЫЙ КРЕВЕТКА КОРМИТЬ,5,slovo_dictionary,synth_2980,synthetic
ПОЧВА ЛЮБОПЫТНЫЙ ИСПУГ,3,slovo_dictionary,synth_2981,synthetic
ТОЛЬКО МЕЖДУ ТЕМ БОЛИТ ТАКОЙ ДРУГ ЖЕНЩИНА,6,slovo_dictionary,synth_2982,synthetic
ПОКА ИМЕТЬ НЕЖНЫЙ НОСОРОГ КУВШИН ДО СОБАЧИЙ ДОМИК ЗАТЕМ; ПОТОМ НАЗАД ПОМОЧЬ,10,slovo_dictionary,synth_2983,synthetic
СЕВЕР ЗАКАЗЫВАТЬ ОРАНЖЕВЫЙ СОБАКА ГОД,5,slovo_dictionary,synth_2984,synthetic
ЕСЛИ СЮРПРИЗ РАННИЙ СКАЗАТЬ СЧАСТЬЕ ПОПУГАЙ ВЫСОКОМЕРНЫЙ МНОГО ДОВОЛЬНО ПОЛОЖИТЕЛЬНЫЙ,10,slovo_dictionary,synth_2985,synthetic
ЛОГИЧНЫЙ СЛЫШАТЬ ПРОТИВ КРОЛИК ЗАТЕМ; ПОТОМ ОЖИДАТЬ,6,slovo_dictionary,synth_2986,synthetic
ОБЫЧНО МЫШЬ КОШКА ВОСХИЩАТЬСЯ ЛАНЧ СЕМЬСОТ АНИМАТОР ТЫ,8,slovo_dictionary,synth_2987,synthetic
ДОВОЛЬНО ИДТИ РЕБЁНОК СЕДЬМОЙ НЕДОВОЛЬНЫЙ МАЛЬЧИК,6,slovo_dictionary,synth_2988,synthetic
НАШ ОСТАНОВИТЬСЯ ДОСТАТОЧНО ЛОГИЧНЫЙ НЕМЕДЛЕННО,5,slovo_dictionary,synth_2989,synthetic
УДИВЛЁН РЕБЯЧЕСКИЙ ВИДЕТЬ,3,slovo_dictionary,synth_2990,synthetic
БЕСПОКОЙСТВО ИСПЫТЫВАТЬ НРАВСТВЕННОСТЬ ЛЕННОСТЬ ВОСХИЩАТЬСЯ ДОЛЖЕН ГОД ОТВЕТИТЬ НЕДАВНИЙ,9,slovo_dictionary,synth_2991,synthetic
ОВЦА КУПИТЬ ОБЪЕКТИВНЫЙ НИЧЕГО ЯСНЫЙ ВОСКРЕСЕНЬЕ НЕУВАЖЕНИЕ,7,slovo_dictionary,synth_2992,synthetic
ПРОНЫРА МУЖЧИНА В ТРИДЦАТЬ ПОМЕСЬ КРАСИВЫЙ НАРОД ЗАТЕМ; ПОТОМ,8,slovo_dictionary,synth_2993,synthetic
НЕ ВЫНОСИТЬ НОГА БЛАГОГОВЕНИЕ НАДЕЯТЬСЯ ВЗДРАГИВАТЬ ПРИЛИЧНЫЙ ВАС,7,slovo_dictionary,synth_2994,synthetic
ИНОСТРАННЫЙ ВОСХИЩЕНИЕ ГОЛОД ОТКЛАДЫВАТЬ РАССТРОЕННЫЙ,5,slovo_dictionary,synth_2995,synthetic
РЫЧАНИЕ ОДИНОКИЙ ЛИЧНЫЕ КАЧЕСТВА,3,slovo_dictionary,synth_2996,synthetic
ЛУЧШЕ БЕЗРАЗЛИЧИЕ СМОТРЕТЬ ГОРЕ ПОЛУЧИТЬ НИЧЕГО ПРИЯТНЫЙ БЕЛКА СЕДЬМОЙ,9,slovo_dictionary,synth_2997,synthetic
КЛЕВАТЬ ПРОДОЛЖИТЬ ОЖИДАТЬ ГЛОТАТЬ,4,slovo_dictionary,synth_2998,synthetic
МИНИМУМ БЫСТРЫЙ БЕСПОКОЙНЫЙ Ю ЧТО-НИБУДЬ СЛИШКОМ,6,slovo_dictionary,synth_2999,synthetic
